scheme,sample_index,T,symbol_index,k,l,x,y
Learned PS fixed QAM,0,0.06516621137071377,0,0,0,-2.401334618180084,-2.4239916684457268
Learned PS fixed QAM,0,0.06516621137071377,1,0,1,-2.401334618180084,-2.106396644828163
Learned PS fixed QAM,0,0.06516621137071377,2,0,2,-2.401334618180084,-1.7888016212105993
Learned PS fixed QAM,0,0.06516621137071377,3,0,3,-2.401334618180084,-1.4712065975930355
Learned PS fixed QAM,0,0.06516621137071377,4,0,4,-2.401334618180084,-1.1536115739754715
Learned PS fixed QAM,0,0.06516621137071377,5,0,5,-2.401334618180084,-0.8360165503579076
Learned PS fixed QAM,0,0.06516621137071377,6,0,6,-2.401334618180084,-0.5184215267403437
Learned PS fixed QAM,0,0.06516621137071377,7,0,7,-2.401334618180084,-0.20082650312277983
Learned PS fixed QAM,0,0.06516621137071377,8,0,8,-2.401334618180084,0.11676852049478403
Learned PS fixed QAM,0,0.06516621137071377,9,0,9,-2.401334618180084,0.4343635441123479
Learned PS fixed QAM,0,0.06516621137071377,10,0,10,-2.401334618180084,0.7519585677299119
Learned PS fixed QAM,0,0.06516621137071377,11,0,11,-2.401334618180084,1.0695535913474754
Learned PS fixed QAM,0,0.06516621137071377,12,0,12,-2.401334618180084,1.3871486149650396
Learned PS fixed QAM,0,0.06516621137071377,13,0,13,-2.401334618180084,1.7047436385826034
Learned PS fixed QAM,0,0.06516621137071377,14,0,14,-2.401334618180084,2.022338662200167
Learned PS fixed QAM,0,0.06516621137071377,15,0,15,-2.401334618180084,2.3399336858177313
Learned PS fixed QAM,0,0.06516621137071377,16,1,0,-2.0837395945625197,-2.4239916684457268
Learned PS fixed QAM,0,0.06516621137071377,17,1,1,-2.0837395945625197,-2.106396644828163
Learned PS fixed QAM,0,0.06516621137071377,18,1,2,-2.0837395945625197,-1.7888016212105993
Learned PS fixed QAM,0,0.06516621137071377,19,1,3,-2.0837395945625197,-1.4712065975930355
Learned PS fixed QAM,0,0.06516621137071377,20,1,4,-2.0837395945625197,-1.1536115739754715
Learned PS fixed QAM,0,0.06516621137071377,21,1,5,-2.0837395945625197,-0.8360165503579076
Learned PS fixed QAM,0,0.06516621137071377,22,1,6,-2.0837395945625197,-0.5184215267403437
Learned PS fixed QAM,0,0.06516621137071377,23,1,7,-2.0837395945625197,-0.20082650312277983
Learned PS fixed QAM,0,0.06516621137071377,24,1,8,-2.0837395945625197,0.11676852049478403
Learned PS fixed QAM,0,0.06516621137071377,25,1,9,-2.0837395945625197,0.4343635441123479
Learned PS fixed QAM,0,0.06516621137071377,26,1,10,-2.0837395945625197,0.7519585677299119
Learned PS fixed QAM,0,0.06516621137071377,27,1,11,-2.0837395945625197,1.0695535913474754
Learned PS fixed QAM,0,0.06516621137071377,28,1,12,-2.0837395945625197,1.3871486149650396
Learned PS fixed QAM,0,0.06516621137071377,29,1,13,-2.0837395945625197,1.7047436385826034
Learned PS fixed QAM,0,0.06516621137071377,30,1,14,-2.0837395945625197,2.022338662200167
Learned PS fixed QAM,0,0.06516621137071377,31,1,15,-2.0837395945625197,2.3399336858177313
Learned PS fixed QAM,0,0.06516621137071377,32,2,0,-1.7661445709449555,-2.4239916684457268
Learned PS fixed QAM,0,0.06516621137071377,33,2,1,-1.7661445709449555,-2.106396644828163
Learned PS fixed QAM,0,0.06516621137071377,34,2,2,-1.7661445709449555,-1.7888016212105993
Learned PS fixed QAM,0,0.06516621137071377,35,2,3,-1.7661445709449555,-1.4712065975930355
Learned PS fixed QAM,0,0.06516621137071377,36,2,4,-1.7661445709449555,-1.1536115739754715
Learned PS fixed QAM,0,0.06516621137071377,37,2,5,-1.7661445709449555,-0.8360165503579076
Learned PS fixed QAM,0,0.06516621137071377,38,2,6,-1.7661445709449555,-0.5184215267403437
Learned PS fixed QAM,0,0.06516621137071377,39,2,7,-1.7661445709449555,-0.20082650312277983
Learned PS fixed QAM,0,0.06516621137071377,40,2,8,-1.7661445709449555,0.11676852049478403
Learned PS fixed QAM,0,0.06516621137071377,41,2,9,-1.7661445709449555,0.4343635441123479
Learned PS fixed QAM,0,0.06516621137071377,42,2,10,-1.7661445709449555,0.7519585677299119
Learned PS fixed QAM,0,0.06516621137071377,43,2,11,-1.7661445709449555,1.0695535913474754
Learned PS fixed QAM,0,0.06516621137071377,44,2,12,-1.7661445709449555,1.3871486149650396
Learned PS fixed QAM,0,0.06516621137071377,45,2,13,-1.7661445709449555,1.7047436385826034
Learned PS fixed QAM,0,0.06516621137071377,46,2,14,-1.7661445709449555,2.022338662200167
Learned PS fixed QAM,0,0.06516621137071377,47,2,15,-1.7661445709449555,2.3399336858177313
Learned PS fixed QAM,0,0.06516621137071377,48,3,0,-1.4485495473273917,-2.4239916684457268
Learned PS fixed QAM,0,0.06516621137071377,49,3,1,-1.4485495473273917,-2.106396644828163
Learned PS fixed QAM,0,0.06516621137071377,50,3,2,-1.4485495473273917,-1.7888016212105993
Learned PS fixed QAM,0,0.06516621137071377,51,3,3,-1.4485495473273917,-1.4712065975930355
Learned PS fixed QAM,0,0.06516621137071377,52,3,4,-1.4485495473273917,-1.1536115739754715
Learned PS fixed QAM,0,0.06516621137071377,53,3,5,-1.4485495473273917,-0.8360165503579076
Learned PS fixed QAM,0,0.06516621137071377,54,3,6,-1.4485495473273917,-0.5184215267403437
Learned PS fixed QAM,0,0.06516621137071377,55,3,7,-1.4485495473273917,-0.20082650312277983
Learned PS fixed QAM,0,0.06516621137071377,56,3,8,-1.4485495473273917,0.11676852049478403
Learned PS fixed QAM,0,0.06516621137071377,57,3,9,-1.4485495473273917,0.4343635441123479
Learned PS fixed QAM,0,0.06516621137071377,58,3,10,-1.4485495473273917,0.7519585677299119
Learned PS fixed QAM,0,0.06516621137071377,59,3,11,-1.4485495473273917,1.0695535913474754
Learned PS fixed QAM,0,0.06516621137071377,60,3,12,-1.4485495473273917,1.3871486149650396
Learned PS fixed QAM,0,0.06516621137071377,61,3,13,-1.4485495473273917,1.7047436385826034
Learned PS fixed QAM,0,0.06516621137071377,62,3,14,-1.4485495473273917,2.022338662200167
Learned PS fixed QAM,0,0.06516621137071377,63,3,15,-1.4485495473273917,2.3399336858177313
Learned PS fixed QAM,0,0.06516621137071377,64,4,0,-1.1309545237098277,-2.4239916684457268
Learned PS fixed QAM,0,0.06516621137071377,65,4,1,-1.1309545237098277,-2.106396644828163
Learned PS fixed QAM,0,0.06516621137071377,66,4,2,-1.1309545237098277,-1.7888016212105993
Learned PS fixed QAM,0,0.06516621137071377,67,4,3,-1.1309545237098277,-1.4712065975930355
Learned PS fixed QAM,0,0.06516621137071377,68,4,4,-1.1309545237098277,-1.1536115739754715
Learned PS fixed QAM,0,0.06516621137071377,69,4,5,-1.1309545237098277,-0.8360165503579076
Learned PS fixed QAM,0,0.06516621137071377,70,4,6,-1.1309545237098277,-0.5184215267403437
Learned PS fixed QAM,0,0.06516621137071377,71,4,7,-1.1309545237098277,-0.20082650312277983
Learned PS fixed QAM,0,0.06516621137071377,72,4,8,-1.1309545237098277,0.11676852049478403
Learned PS fixed QAM,0,0.06516621137071377,73,4,9,-1.1309545237098277,0.4343635441123479
Learned PS fixed QAM,0,0.06516621137071377,74,4,10,-1.1309545237098277,0.7519585677299119
Learned PS fixed QAM,0,0.06516621137071377,75,4,11,-1.1309545237098277,1.0695535913474754
Learned PS fixed QAM,0,0.06516621137071377,76,4,12,-1.1309545237098277,1.3871486149650396
Learned PS fixed QAM,0,0.06516621137071377,77,4,13,-1.1309545237098277,1.7047436385826034
Learned PS fixed QAM,0,0.06516621137071377,78,4,14,-1.1309545237098277,2.022338662200167
Learned PS fixed QAM,0,0.06516621137071377,79,4,15,-1.1309545237098277,2.3399336858177313
Learned PS fixed QAM,0,0.06516621137071377,80,5,0,-0.813359500092264,-2.4239916684457268
Learned PS fixed QAM,0,0.06516621137071377,81,5,1,-0.813359500092264,-2.106396644828163
Learned PS fixed QAM,0,0.06516621137071377,82,5,2,-0.813359500092264,-1.7888016212105993
Learned PS fixed QAM,0,0.06516621137071377,83,5,3,-0.813359500092264,-1.4712065975930355
Learned PS fixed QAM,0,0.06516621137071377,84,5,4,-0.813359500092264,-1.1536115739754715
Learned PS fixed QAM,0,0.06516621137071377,85,5,5,-0.813359500092264,-0.8360165503579076
Learned PS fixed QAM,0,0.06516621137071377,86,5,6,-0.813359500092264,-0.5184215267403437
Learned PS fixed QAM,0,0.06516621137071377,87,5,7,-0.813359500092264,-0.20082650312277983
Learned PS fixed QAM,0,0.06516621137071377,88,5,8,-0.813359500092264,0.11676852049478403
Learned PS fixed QAM,0,0.06516621137071377,89,5,9,-0.813359500092264,0.4343635441123479
Learned PS fixed QAM,0,0.06516621137071377,90,5,10,-0.813359500092264,0.7519585677299119
Learned PS fixed QAM,0,0.06516621137071377,91,5,11,-0.813359500092264,1.0695535913474754
Learned PS fixed QAM,0,0.06516621137071377,92,5,12,-0.813359500092264,1.3871486149650396
Learned PS fixed QAM,0,0.06516621137071377,93,5,13,-0.813359500092264,1.7047436385826034
Learned PS fixed QAM,0,0.06516621137071377,94,5,14,-0.813359500092264,2.022338662200167
Learned PS fixed QAM,0,0.06516621137071377,95,5,15,-0.813359500092264,2.3399336858177313
Learned PS fixed QAM,0,0.06516621137071377,96,6,0,-0.4957644764747001,-2.4239916684457268
Learned PS fixed QAM,0,0.06516621137071377,97,6,1,-0.4957644764747001,-2.106396644828163
Learned PS fixed QAM,0,0.06516621137071377,98,6,2,-0.4957644764747001,-1.7888016212105993
Learned PS fixed QAM,0,0.06516621137071377,99,6,3,-0.4957644764747001,-1.4712065975930355
Learned PS fixed QAM,0,0.06516621137071377,100,6,4,-0.4957644764747001,-1.1536115739754715
Learned PS fixed QAM,0,0.06516621137071377,101,6,5,-0.4957644764747001,-0.8360165503579076
Learned PS fixed QAM,0,0.06516621137071377,102,6,6,-0.4957644764747001,-0.5184215267403437
Learned PS fixed QAM,0,0.06516621137071377,103,6,7,-0.4957644764747001,-0.20082650312277983
Learned PS fixed QAM,0,0.06516621137071377,104,6,8,-0.4957644764747001,0.11676852049478403
Learned PS fixed QAM,0,0.06516621137071377,105,6,9,-0.4957644764747001,0.4343635441123479
Learned PS fixed QAM,0,0.06516621137071377,106,6,10,-0.4957644764747001,0.7519585677299119
Learned PS fixed QAM,0,0.06516621137071377,107,6,11,-0.4957644764747001,1.0695535913474754
Learned PS fixed QAM,0,0.06516621137071377,108,6,12,-0.4957644764747001,1.3871486149650396
Learned PS fixed QAM,0,0.06516621137071377,109,6,13,-0.4957644764747001,1.7047436385826034
Learned PS fixed QAM,0,0.06516621137071377,110,6,14,-0.4957644764747001,2.022338662200167
Learned PS fixed QAM,0,0.06516621137071377,111,6,15,-0.4957644764747001,2.3399336858177313
Learned PS fixed QAM,0,0.06516621137071377,112,7,0,-0.17816945285713626,-2.4239916684457268
Learned PS fixed QAM,0,0.06516621137071377,113,7,1,-0.17816945285713626,-2.106396644828163
Learned PS fixed QAM,0,0.06516621137071377,114,7,2,-0.17816945285713626,-1.7888016212105993
Learned PS fixed QAM,0,0.06516621137071377,115,7,3,-0.17816945285713626,-1.4712065975930355
Learned PS fixed QAM,0,0.06516621137071377,116,7,4,-0.17816945285713626,-1.1536115739754715
Learned PS fixed QAM,0,0.06516621137071377,117,7,5,-0.17816945285713626,-0.8360165503579076
Learned PS fixed QAM,0,0.06516621137071377,118,7,6,-0.17816945285713626,-0.5184215267403437
Learned PS fixed QAM,0,0.06516621137071377,119,7,7,-0.17816945285713626,-0.20082650312277983
Learned PS fixed QAM,0,0.06516621137071377,120,7,8,-0.17816945285713626,0.11676852049478403
Learned PS fixed QAM,0,0.06516621137071377,121,7,9,-0.17816945285713626,0.4343635441123479
Learned PS fixed QAM,0,0.06516621137071377,122,7,10,-0.17816945285713626,0.7519585677299119
Learned PS fixed QAM,0,0.06516621137071377,123,7,11,-0.17816945285713626,1.0695535913474754
Learned PS fixed QAM,0,0.06516621137071377,124,7,12,-0.17816945285713626,1.3871486149650396
Learned PS fixed QAM,0,0.06516621137071377,125,7,13,-0.17816945285713626,1.7047436385826034
Learned PS fixed QAM,0,0.06516621137071377,126,7,14,-0.17816945285713626,2.022338662200167
Learned PS fixed QAM,0,0.06516621137071377,127,7,15,-0.17816945285713626,2.3399336858177313
Learned PS fixed QAM,0,0.06516621137071377,128,8,0,0.1394255707604276,-2.4239916684457268
Learned PS fixed QAM,0,0.06516621137071377,129,8,1,0.1394255707604276,-2.106396644828163
Learned PS fixed QAM,0,0.06516621137071377,130,8,2,0.1394255707604276,-1.7888016212105993
Learned PS fixed QAM,0,0.06516621137071377,131,8,3,0.1394255707604276,-1.4712065975930355
Learned PS fixed QAM,0,0.06516621137071377,132,8,4,0.1394255707604276,-1.1536115739754715
Learned PS fixed QAM,0,0.06516621137071377,133,8,5,0.1394255707604276,-0.8360165503579076
Learned PS fixed QAM,0,0.06516621137071377,134,8,6,0.1394255707604276,-0.5184215267403437
Learned PS fixed QAM,0,0.06516621137071377,135,8,7,0.1394255707604276,-0.20082650312277983
Learned PS fixed QAM,0,0.06516621137071377,136,8,8,0.1394255707604276,0.11676852049478403
Learned PS fixed QAM,0,0.06516621137071377,137,8,9,0.1394255707604276,0.4343635441123479
Learned PS fixed QAM,0,0.06516621137071377,138,8,10,0.1394255707604276,0.7519585677299119
Learned PS fixed QAM,0,0.06516621137071377,139,8,11,0.1394255707604276,1.0695535913474754
Learned PS fixed QAM,0,0.06516621137071377,140,8,12,0.1394255707604276,1.3871486149650396
Learned PS fixed QAM,0,0.06516621137071377,141,8,13,0.1394255707604276,1.7047436385826034
Learned PS fixed QAM,0,0.06516621137071377,142,8,14,0.1394255707604276,2.022338662200167
Learned PS fixed QAM,0,0.06516621137071377,143,8,15,0.1394255707604276,2.3399336858177313
Learned PS fixed QAM,0,0.06516621137071377,144,9,0,0.45702059437799153,-2.4239916684457268
Learned PS fixed QAM,0,0.06516621137071377,145,9,1,0.45702059437799153,-2.106396644828163
Learned PS fixed QAM,0,0.06516621137071377,146,9,2,0.45702059437799153,-1.7888016212105993
Learned PS fixed QAM,0,0.06516621137071377,147,9,3,0.45702059437799153,-1.4712065975930355
Learned PS fixed QAM,0,0.06516621137071377,148,9,4,0.45702059437799153,-1.1536115739754715
Learned PS fixed QAM,0,0.06516621137071377,149,9,5,0.45702059437799153,-0.8360165503579076
Learned PS fixed QAM,0,0.06516621137071377,150,9,6,0.45702059437799153,-0.5184215267403437
Learned PS fixed QAM,0,0.06516621137071377,151,9,7,0.45702059437799153,-0.20082650312277983
Learned PS fixed QAM,0,0.06516621137071377,152,9,8,0.45702059437799153,0.11676852049478403
Learned PS fixed QAM,0,0.06516621137071377,153,9,9,0.45702059437799153,0.4343635441123479
Learned PS fixed QAM,0,0.06516621137071377,154,9,10,0.45702059437799153,0.7519585677299119
Learned PS fixed QAM,0,0.06516621137071377,155,9,11,0.45702059437799153,1.0695535913474754
Learned PS fixed QAM,0,0.06516621137071377,156,9,12,0.45702059437799153,1.3871486149650396
Learned PS fixed QAM,0,0.06516621137071377,157,9,13,0.45702059437799153,1.7047436385826034
Learned PS fixed QAM,0,0.06516621137071377,158,9,14,0.45702059437799153,2.022338662200167
Learned PS fixed QAM,0,0.06516621137071377,159,9,15,0.45702059437799153,2.3399336858177313
Learned PS fixed QAM,0,0.06516621137071377,160,10,0,0.7746156179955554,-2.4239916684457268
Learned PS fixed QAM,0,0.06516621137071377,161,10,1,0.7746156179955554,-2.106396644828163
Learned PS fixed QAM,0,0.06516621137071377,162,10,2,0.7746156179955554,-1.7888016212105993
Learned PS fixed QAM,0,0.06516621137071377,163,10,3,0.7746156179955554,-1.4712065975930355
Learned PS fixed QAM,0,0.06516621137071377,164,10,4,0.7746156179955554,-1.1536115739754715
Learned PS fixed QAM,0,0.06516621137071377,165,10,5,0.7746156179955554,-0.8360165503579076
Learned PS fixed QAM,0,0.06516621137071377,166,10,6,0.7746156179955554,-0.5184215267403437
Learned PS fixed QAM,0,0.06516621137071377,167,10,7,0.7746156179955554,-0.20082650312277983
Learned PS fixed QAM,0,0.06516621137071377,168,10,8,0.7746156179955554,0.11676852049478403
Learned PS fixed QAM,0,0.06516621137071377,169,10,9,0.7746156179955554,0.4343635441123479
Learned PS fixed QAM,0,0.06516621137071377,170,10,10,0.7746156179955554,0.7519585677299119
Learned PS fixed QAM,0,0.06516621137071377,171,10,11,0.7746156179955554,1.0695535913474754
Learned PS fixed QAM,0,0.06516621137071377,172,10,12,0.7746156179955554,1.3871486149650396
Learned PS fixed QAM,0,0.06516621137071377,173,10,13,0.7746156179955554,1.7047436385826034
Learned PS fixed QAM,0,0.06516621137071377,174,10,14,0.7746156179955554,2.022338662200167
Learned PS fixed QAM,0,0.06516621137071377,175,10,15,0.7746156179955554,2.3399336858177313
Learned PS fixed QAM,0,0.06516621137071377,176,11,0,1.0922106416131192,-2.4239916684457268
Learned PS fixed QAM,0,0.06516621137071377,177,11,1,1.0922106416131192,-2.106396644828163
Learned PS fixed QAM,0,0.06516621137071377,178,11,2,1.0922106416131192,-1.7888016212105993
Learned PS fixed QAM,0,0.06516621137071377,179,11,3,1.0922106416131192,-1.4712065975930355
Learned PS fixed QAM,0,0.06516621137071377,180,11,4,1.0922106416131192,-1.1536115739754715
Learned PS fixed QAM,0,0.06516621137071377,181,11,5,1.0922106416131192,-0.8360165503579076
Learned PS fixed QAM,0,0.06516621137071377,182,11,6,1.0922106416131192,-0.5184215267403437
Learned PS fixed QAM,0,0.06516621137071377,183,11,7,1.0922106416131192,-0.20082650312277983
Learned PS fixed QAM,0,0.06516621137071377,184,11,8,1.0922106416131192,0.11676852049478403
Learned PS fixed QAM,0,0.06516621137071377,185,11,9,1.0922106416131192,0.4343635441123479
Learned PS fixed QAM,0,0.06516621137071377,186,11,10,1.0922106416131192,0.7519585677299119
Learned PS fixed QAM,0,0.06516621137071377,187,11,11,1.0922106416131192,1.0695535913474754
Learned PS fixed QAM,0,0.06516621137071377,188,11,12,1.0922106416131192,1.3871486149650396
Learned PS fixed QAM,0,0.06516621137071377,189,11,13,1.0922106416131192,1.7047436385826034
Learned PS fixed QAM,0,0.06516621137071377,190,11,14,1.0922106416131192,2.022338662200167
Learned PS fixed QAM,0,0.06516621137071377,191,11,15,1.0922106416131192,2.3399336858177313
Learned PS fixed QAM,0,0.06516621137071377,192,12,0,1.4098056652306832,-2.4239916684457268
Learned PS fixed QAM,0,0.06516621137071377,193,12,1,1.4098056652306832,-2.106396644828163
Learned PS fixed QAM,0,0.06516621137071377,194,12,2,1.4098056652306832,-1.7888016212105993
Learned PS fixed QAM,0,0.06516621137071377,195,12,3,1.4098056652306832,-1.4712065975930355
Learned PS fixed QAM,0,0.06516621137071377,196,12,4,1.4098056652306832,-1.1536115739754715
Learned PS fixed QAM,0,0.06516621137071377,197,12,5,1.4098056652306832,-0.8360165503579076
Learned PS fixed QAM,0,0.06516621137071377,198,12,6,1.4098056652306832,-0.5184215267403437
Learned PS fixed QAM,0,0.06516621137071377,199,12,7,1.4098056652306832,-0.20082650312277983
Learned PS fixed QAM,0,0.06516621137071377,200,12,8,1.4098056652306832,0.11676852049478403
Learned PS fixed QAM,0,0.06516621137071377,201,12,9,1.4098056652306832,0.4343635441123479
Learned PS fixed QAM,0,0.06516621137071377,202,12,10,1.4098056652306832,0.7519585677299119
Learned PS fixed QAM,0,0.06516621137071377,203,12,11,1.4098056652306832,1.0695535913474754
Learned PS fixed QAM,0,0.06516621137071377,204,12,12,1.4098056652306832,1.3871486149650396
Learned PS fixed QAM,0,0.06516621137071377,205,12,13,1.4098056652306832,1.7047436385826034
Learned PS fixed QAM,0,0.06516621137071377,206,12,14,1.4098056652306832,2.022338662200167
Learned PS fixed QAM,0,0.06516621137071377,207,12,15,1.4098056652306832,2.3399336858177313
Learned PS fixed QAM,0,0.06516621137071377,208,13,0,1.727400688848247,-2.4239916684457268
Learned PS fixed QAM,0,0.06516621137071377,209,13,1,1.727400688848247,-2.106396644828163
Learned PS fixed QAM,0,0.06516621137071377,210,13,2,1.727400688848247,-1.7888016212105993
Learned PS fixed QAM,0,0.06516621137071377,211,13,3,1.727400688848247,-1.4712065975930355
Learned PS fixed QAM,0,0.06516621137071377,212,13,4,1.727400688848247,-1.1536115739754715
Learned PS fixed QAM,0,0.06516621137071377,213,13,5,1.727400688848247,-0.8360165503579076
Learned PS fixed QAM,0,0.06516621137071377,214,13,6,1.727400688848247,-0.5184215267403437
Learned PS fixed QAM,0,0.06516621137071377,215,13,7,1.727400688848247,-0.20082650312277983
Learned PS fixed QAM,0,0.06516621137071377,216,13,8,1.727400688848247,0.11676852049478403
Learned PS fixed QAM,0,0.06516621137071377,217,13,9,1.727400688848247,0.4343635441123479
Learned PS fixed QAM,0,0.06516621137071377,218,13,10,1.727400688848247,0.7519585677299119
Learned PS fixed QAM,0,0.06516621137071377,219,13,11,1.727400688848247,1.0695535913474754
Learned PS fixed QAM,0,0.06516621137071377,220,13,12,1.727400688848247,1.3871486149650396
Learned PS fixed QAM,0,0.06516621137071377,221,13,13,1.727400688848247,1.7047436385826034
Learned PS fixed QAM,0,0.06516621137071377,222,13,14,1.727400688848247,2.022338662200167
Learned PS fixed QAM,0,0.06516621137071377,223,13,15,1.727400688848247,2.3399336858177313
Learned PS fixed QAM,0,0.06516621137071377,224,14,0,2.044995712465811,-2.4239916684457268
Learned PS fixed QAM,0,0.06516621137071377,225,14,1,2.044995712465811,-2.106396644828163
Learned PS fixed QAM,0,0.06516621137071377,226,14,2,2.044995712465811,-1.7888016212105993
Learned PS fixed QAM,0,0.06516621137071377,227,14,3,2.044995712465811,-1.4712065975930355
Learned PS fixed QAM,0,0.06516621137071377,228,14,4,2.044995712465811,-1.1536115739754715
Learned PS fixed QAM,0,0.06516621137071377,229,14,5,2.044995712465811,-0.8360165503579076
Learned PS fixed QAM,0,0.06516621137071377,230,14,6,2.044995712465811,-0.5184215267403437
Learned PS fixed QAM,0,0.06516621137071377,231,14,7,2.044995712465811,-0.20082650312277983
Learned PS fixed QAM,0,0.06516621137071377,232,14,8,2.044995712465811,0.11676852049478403
Learned PS fixed QAM,0,0.06516621137071377,233,14,9,2.044995712465811,0.4343635441123479
Learned PS fixed QAM,0,0.06516621137071377,234,14,10,2.044995712465811,0.7519585677299119
Learned PS fixed QAM,0,0.06516621137071377,235,14,11,2.044995712465811,1.0695535913474754
Learned PS fixed QAM,0,0.06516621137071377,236,14,12,2.044995712465811,1.3871486149650396
Learned PS fixed QAM,0,0.06516621137071377,237,14,13,2.044995712465811,1.7047436385826034
Learned PS fixed QAM,0,0.06516621137071377,238,14,14,2.044995712465811,2.022338662200167
Learned PS fixed QAM,0,0.06516621137071377,239,14,15,2.044995712465811,2.3399336858177313
Learned PS fixed QAM,0,0.06516621137071377,240,15,0,2.3625907360833747,-2.4239916684457268
Learned PS fixed QAM,0,0.06516621137071377,241,15,1,2.3625907360833747,-2.106396644828163
Learned PS fixed QAM,0,0.06516621137071377,242,15,2,2.3625907360833747,-1.7888016212105993
Learned PS fixed QAM,0,0.06516621137071377,243,15,3,2.3625907360833747,-1.4712065975930355
Learned PS fixed QAM,0,0.06516621137071377,244,15,4,2.3625907360833747,-1.1536115739754715
Learned PS fixed QAM,0,0.06516621137071377,245,15,5,2.3625907360833747,-0.8360165503579076
Learned PS fixed QAM,0,0.06516621137071377,246,15,6,2.3625907360833747,-0.5184215267403437
Learned PS fixed QAM,0,0.06516621137071377,247,15,7,2.3625907360833747,-0.20082650312277983
Learned PS fixed QAM,0,0.06516621137071377,248,15,8,2.3625907360833747,0.11676852049478403
Learned PS fixed QAM,0,0.06516621137071377,249,15,9,2.3625907360833747,0.4343635441123479
Learned PS fixed QAM,0,0.06516621137071377,250,15,10,2.3625907360833747,0.7519585677299119
Learned PS fixed QAM,0,0.06516621137071377,251,15,11,2.3625907360833747,1.0695535913474754
Learned PS fixed QAM,0,0.06516621137071377,252,15,12,2.3625907360833747,1.3871486149650396
Learned PS fixed QAM,0,0.06516621137071377,253,15,13,2.3625907360833747,1.7047436385826034
Learned PS fixed QAM,0,0.06516621137071377,254,15,14,2.3625907360833747,2.022338662200167
Learned PS fixed QAM,0,0.06516621137071377,255,15,15,2.3625907360833747,2.3399336858177313
Learned GS uniform probabilities,0,0.06516621137071377,0,0,0,-1.150680861441764,-1.1506787344278364
Learned GS uniform probabilities,0,0.06516621137071377,1,0,1,-1.15068113928615,-0.9972783100897595
Learned GS uniform probabilities,0,0.06516621137071377,2,0,2,-1.1506814609767595,-0.8435976705455499
Learned GS uniform probabilities,0,0.06516621137071377,3,0,3,-1.1506817475373228,-0.690109156470539
Learned GS uniform probabilities,0,0.06516621137071377,4,0,4,-1.1506820421386599,-0.5367109703517352
Learned GS uniform probabilities,0,0.06516621137071377,5,0,5,-1.1506823429074056,-0.3833120412565192
Learned GS uniform probabilities,0,0.06516621137071377,6,0,6,-1.1506825683092619,-0.22991293164789076
Learned GS uniform probabilities,0,0.06516621137071377,7,0,7,-1.150682636435655,-0.07651371460418259
Learned GS uniform probabilities,0,0.06516621137071377,8,0,8,-1.150682636435655,0.07651371460418259
Learned GS uniform probabilities,0,0.06516621137071377,9,0,9,-1.1506825683092619,0.22991293164789076
Learned GS uniform probabilities,0,0.06516621137071377,10,0,10,-1.1506823429074056,0.3833120412565192
Learned GS uniform probabilities,0,0.06516621137071377,11,0,11,-1.1506820421386599,0.5367109703517352
Learned GS uniform probabilities,0,0.06516621137071377,12,0,12,-1.1506817475373228,0.690109156470539
Learned GS uniform probabilities,0,0.06516621137071377,13,0,13,-1.1506814609767595,0.8435976705455499
Learned GS uniform probabilities,0,0.06516621137071377,14,0,14,-1.15068113928615,0.9972783100897595
Learned GS uniform probabilities,0,0.06516621137071377,15,0,15,-1.150680861441764,1.1506787344278364
Learned GS uniform probabilities,0,0.06516621137071377,16,1,0,-0.9972828727555717,-1.1506784532644703
Learned GS uniform probabilities,0,0.06516621137071377,17,1,1,-0.9972843083909261,-0.9972770906279171
Learned GS uniform probabilities,0,0.06516621137071377,18,1,2,-0.9972867642342639,-0.8435040008131118
Learned GS uniform probabilities,0,0.06516621137071377,19,1,3,-0.9972910211599669,-0.6901097237043686
Learned GS uniform probabilities,0,0.06516621137071377,20,1,4,-0.9972954430074965,-0.5367111217012569
Learned GS uniform probabilities,0,0.06516621137071377,21,1,5,-0.9972694608267636,-0.3833121147529615
Learned GS uniform probabilities,0,0.06516621137071377,22,1,6,-0.9972084036719725,-0.2299129621566652
Learned GS uniform probabilities,0,0.06516621137071377,23,1,7,-0.9971779461719211,-0.07651371522579015
Learned GS uniform probabilities,0,0.06516621137071377,24,1,8,-0.9971779461719211,0.07651371522579015
Learned GS uniform probabilities,0,0.06516621137071377,25,1,9,-0.9972084036719725,0.2299129621566652
Learned GS uniform probabilities,0,0.06516621137071377,26,1,10,-0.9972694608267636,0.3833121147529615
Learned GS uniform probabilities,0,0.06516621137071377,27,1,11,-0.9972954430074965,0.5367111217012569
Learned GS uniform probabilities,0,0.06516621137071377,28,1,12,-0.9972910211599669,0.6901097237043686
Learned GS uniform probabilities,0,0.06516621137071377,29,1,13,-0.9972867642342639,0.8435040008131118
Learned GS uniform probabilities,0,0.06516621137071377,30,1,14,-0.9972843083909261,0.9972770906279171
Learned GS uniform probabilities,0,0.06516621137071377,31,1,15,-0.9972828727555717,1.1506784532644703
Learned GS uniform probabilities,0,0.06516621137071377,32,2,0,-0.8437502281248295,-1.1506781305122953
Learned GS uniform probabilities,0,0.06516621137071377,33,2,1,-0.8435177105333886,-0.9972749441031898
Learned GS uniform probabilities,0,0.06516621137071377,34,2,2,-0.8435153733793125,-0.8435063331310273
Learned GS uniform probabilities,0,0.06516621137071377,35,2,3,-0.8435147052228607,-0.690109865031404
Learned GS uniform probabilities,0,0.06516621137071377,36,2,4,-0.8435143923737567,-0.5367111839401594
Learned GS uniform probabilities,0,0.06516621137071377,37,2,5,-0.843514256865574,-0.38331213449086676
Learned GS uniform probabilities,0,0.06516621137071377,38,2,6,-0.8435142553025635,-0.22991298357267234
Learned GS uniform probabilities,0,0.06516621137071377,39,2,7,-0.8435142530041282,-0.0765137262516692
Learned GS uniform probabilities,0,0.06516621137071377,40,2,8,-0.8435142530041282,0.0765137262516692
Learned GS uniform probabilities,0,0.06516621137071377,41,2,9,-0.8435142553025635,0.22991298357267234
Learned GS uniform probabilities,0,0.06516621137071377,42,2,10,-0.843514256865574,0.38331213449086676
Learned GS uniform probabilities,0,0.06516621137071377,43,2,11,-0.8435143923737567,0.5367111839401594
Learned GS uniform probabilities,0,0.06516621137071377,44,2,12,-0.8435147052228607,0.690109865031404
Learned GS uniform probabilities,0,0.06516621137071377,45,2,13,-0.8435153733793125,0.8435063331310273
Learned GS uniform probabilities,0,0.06516621137071377,46,2,14,-0.8435177105333886,0.9972749441031898
Learned GS uniform probabilities,0,0.06516621137071377,47,2,15,-0.8437502281248295,1.1506781305122953
Learned GS uniform probabilities,0,0.06516621137071377,48,3,0,-0.6901143534817322,-1.1506778079270226
Learned GS uniform probabilities,0,0.06516621137071377,49,3,1,-0.6901137014416592,-0.9972711503833873
Learned GS uniform probabilities,0,0.06516621137071377,50,3,2,-0.6901134877124603,-0.8435070211794433
Learned GS uniform probabilities,0,0.06516621137071377,51,3,3,-0.6901133998046871,-0.6901099301202529
Learned GS uniform probabilities,0,0.06516621137071377,52,3,4,-0.6901133772364244,-0.5367111775438598
Learned GS uniform probabilities,0,0.06516621137071377,53,3,5,-0.690113401027861,-0.3833120823958291
Learned GS uniform probabilities,0,0.06516621137071377,54,3,6,-0.690113416244669,-0.22991294979045598
Learned GS uniform probabilities,0,0.06516621137071377,55,3,7,-0.6901134171071062,-0.07651370622564527
Learned GS uniform probabilities,0,0.06516621137071377,56,3,8,-0.6901134171071062,0.07651370622564527
Learned GS uniform probabilities,0,0.06516621137071377,57,3,9,-0.690113416244669,0.22991294979045598
Learned GS uniform probabilities,0,0.06516621137071377,58,3,10,-0.690113401027861,0.3833120823958291
Learned GS uniform probabilities,0,0.06516621137071377,59,3,11,-0.6901133772364244,0.5367111775438598
Learned GS uniform probabilities,0,0.06516621137071377,60,3,12,-0.6901133998046871,0.6901099301202529
Learned GS uniform probabilities,0,0.06516621137071377,61,3,13,-0.6901134877124603,0.8435070211794433
Learned GS uniform probabilities,0,0.06516621137071377,62,3,14,-0.6901137014416592,0.9972711503833873
Learned GS uniform probabilities,0,0.06516621137071377,63,3,15,-0.6901143534817322,1.1506778079270226
Learned GS uniform probabilities,0,0.06516621137071377,64,4,0,-0.5367138603522584,-1.1506774548902903
Learned GS uniform probabilities,0,0.06516621137071377,65,4,1,-0.5367136931868479,-0.9970655413094556
Learned GS uniform probabilities,0,0.06516621137071377,66,4,2,-0.5367136084533078,-0.8435072668340301
Learned GS uniform probabilities,0,0.06516621137071377,67,4,3,-0.5367135738580447,-0.6901099092869051
Learned GS uniform probabilities,0,0.06516621137071377,68,4,4,-0.5367136025939896,-0.5367111065933085
Learned GS uniform probabilities,0,0.06516621137071377,69,4,5,-0.53671363101846,-0.38331209120450876
Learned GS uniform probabilities,0,0.06516621137071377,70,4,6,-0.5367136511920834,-0.22991289972851772
Learned GS uniform probabilities,0,0.06516621137071377,71,4,7,-0.5367136765113653,-0.07651368476803465
Learned GS uniform probabilities,0,0.06516621137071377,72,4,8,-0.5367136765113653,0.07651368476803465
Learned GS uniform probabilities,0,0.06516621137071377,73,4,9,-0.5367136511920834,0.22991289972851772
Learned GS uniform probabilities,0,0.06516621137071377,74,4,10,-0.53671363101846,0.38331209120450876
Learned GS uniform probabilities,0,0.06516621137071377,75,4,11,-0.5367136025939896,0.5367111065933085
Learned GS uniform probabilities,0,0.06516621137071377,76,4,12,-0.5367135738580447,0.6901099092869051
Learned GS uniform probabilities,0,0.06516621137071377,77,4,13,-0.5367136084533078,0.8435072668340301
Learned GS uniform probabilities,0,0.06516621137071377,78,4,14,-0.5367136931868479,0.9970655413094556
Learned GS uniform probabilities,0,0.06516621137071377,79,4,15,-0.5367138603522584,1.1506774548902903
Learned GS uniform probabilities,0,0.06516621137071377,80,5,0,-0.3833142259313538,-1.150677151114431
Learned GS uniform probabilities,0,0.06516621137071377,81,5,1,-0.3833140991642495,-0.9970564370089436
Learned GS uniform probabilities,0,0.06516621137071377,82,5,2,-0.38331403882471377,-0.8435074114025589
Learned GS uniform probabilities,0,0.06516621137071377,83,5,3,-0.3833140447854493,-0.6901098705364037
Learned GS uniform probabilities,0,0.06516621137071377,84,5,4,-0.38331408049885646,-0.5367111010162948
Learned GS uniform probabilities,0,0.06516621137071377,85,5,5,-0.38331410209394723,-0.3833120154401409
Learned GS uniform probabilities,0,0.06516621137071377,86,5,6,-0.38331412758453715,-0.2299128622410588
Learned GS uniform probabilities,0,0.06516621137071377,87,5,7,-0.3833141679362409,-0.07651364519013573
Learned GS uniform probabilities,0,0.06516621137071377,88,5,8,-0.3833141679362409,0.07651364519013573
Learned GS uniform probabilities,0,0.06516621137071377,89,5,9,-0.38331412758453715,0.2299128622410588
Learned GS uniform probabilities,0,0.06516621137071377,90,5,10,-0.38331410209394723,0.3833120154401409
Learned GS uniform probabilities,0,0.06516621137071377,91,5,11,-0.38331408049885646,0.5367111010162948
Learned GS uniform probabilities,0,0.06516621137071377,92,5,12,-0.3833140447854493,0.6901098705364037
Learned GS uniform probabilities,0,0.06516621137071377,93,5,13,-0.38331403882471377,0.8435074114025589
Learned GS uniform probabilities,0,0.06516621137071377,94,5,14,-0.3833140991642495,0.9970564370089436
Learned GS uniform probabilities,0,0.06516621137071377,95,5,15,-0.3833142259313538,1.150677151114431
Learned GS uniform probabilities,0,0.06516621137071377,96,6,0,-0.22991475738814726,-1.1506768630944475
Learned GS uniform probabilities,0,0.06516621137071377,97,6,1,-0.22991469460143243,-0.9970450258276445
Learned GS uniform probabilities,0,0.06516621137071377,98,6,2,-0.22991466517551917,-0.8435073816818592
Learned GS uniform probabilities,0,0.06516621137071377,99,6,3,-0.22991468594693337,-0.6901097830313185
Learned GS uniform probabilities,0,0.06516621137071377,100,6,4,-0.2299146922324547,-0.5367109986628462
Learned GS uniform probabilities,0,0.06516621137071377,101,6,5,-0.22991471676356082,-0.38331200465169946
Learned GS uniform probabilities,0,0.06516621137071377,102,6,6,-0.22991471916626086,-0.22991280951785964
Learned GS uniform probabilities,0,0.06516621137071377,103,6,7,-0.22991473301994347,-0.07651359843706036
Learned GS uniform probabilities,0,0.06516621137071377,104,6,8,-0.22991473301994347,0.07651359843706036
Learned GS uniform probabilities,0,0.06516621137071377,105,6,9,-0.22991471916626086,0.22991280951785964
Learned GS uniform probabilities,0,0.06516621137071377,106,6,10,-0.22991471676356082,0.38331200465169946
Learned GS uniform probabilities,0,0.06516621137071377,107,6,11,-0.2299146922324547,0.5367109986628462
Learned GS uniform probabilities,0,0.06516621137071377,108,6,12,-0.22991468594693337,0.6901097830313185
Learned GS uniform probabilities,0,0.06516621137071377,109,6,13,-0.22991466517551917,0.8435073816818592
Learned GS uniform probabilities,0,0.06516621137071377,110,6,14,-0.22991469460143243,0.9970450258276445
Learned GS uniform probabilities,0,0.06516621137071377,111,6,15,-0.22991475738814726,1.1506768630944475
Learned GS uniform probabilities,0,0.06516621137071377,112,7,0,-0.07651541357780534,-1.150676789812394
Learned GS uniform probabilities,0,0.06516621137071377,113,7,1,-0.07651534587034288,-0.9970381656189806
Learned GS uniform probabilities,0,0.06516621137071377,114,7,2,-0.0765153178766006,-0.8435072656507735
Learned GS uniform probabilities,0,0.06516621137071377,115,7,3,-0.07651535500712899,-0.690109764434568
Learned GS uniform probabilities,0,0.06516621137071377,116,7,4,-0.0765153588392937,-0.5367109973236708
Learned GS uniform probabilities,0,0.06516621137071377,117,7,5,-0.07651537890980743,-0.3833119641588321
Learned GS uniform probabilities,0,0.06516621137071377,118,7,6,-0.0765154149108218,-0.22991281557631893
Learned GS uniform probabilities,0,0.06516621137071377,119,7,7,-0.07651543695785118,-0.0765135979589255
Learned GS uniform probabilities,0,0.06516621137071377,120,7,8,-0.07651543695785118,0.0765135979589255
Learned GS uniform probabilities,0,0.06516621137071377,121,7,9,-0.0765154149108218,0.22991281557631893
Learned GS uniform probabilities,0,0.06516621137071377,122,7,10,-0.07651537890980743,0.3833119641588321
Learned GS uniform probabilities,0,0.06516621137071377,123,7,11,-0.0765153588392937,0.5367109973236708
Learned GS uniform probabilities,0,0.06516621137071377,124,7,12,-0.07651535500712899,0.690109764434568
Learned GS uniform probabilities,0,0.06516621137071377,125,7,13,-0.0765153178766006,0.8435072656507735
Learned GS uniform probabilities,0,0.06516621137071377,126,7,14,-0.07651534587034288,0.9970381656189806
Learned GS uniform probabilities,0,0.06516621137071377,127,7,15,-0.07651541357780534,1.150676789812394
Learned GS uniform probabilities,0,0.06516621137071377,128,8,0,0.07651541357780536,-1.150676789812394
Learned GS uniform probabilities,0,0.06516621137071377,129,8,1,0.07651534587034291,-0.9970381656189806
Learned GS uniform probabilities,0,0.06516621137071377,130,8,2,0.07651531787660062,-0.8435072656507735
Learned GS uniform probabilities,0,0.06516621137071377,131,8,3,0.07651535500712901,-0.690109764434568
Learned GS uniform probabilities,0,0.06516621137071377,132,8,4,0.07651535883929372,-0.5367109973236708
Learned GS uniform probabilities,0,0.06516621137071377,133,8,5,0.07651537890980746,-0.3833119641588321
Learned GS uniform probabilities,0,0.06516621137071377,134,8,6,0.07651541491082182,-0.22991281557631893
Learned GS uniform probabilities,0,0.06516621137071377,135,8,7,0.07651543695785121,-0.0765135979589255
Learned GS uniform probabilities,0,0.06516621137071377,136,8,8,0.07651543695785121,0.0765135979589255
Learned GS uniform probabilities,0,0.06516621137071377,137,8,9,0.07651541491082182,0.22991281557631893
Learned GS uniform probabilities,0,0.06516621137071377,138,8,10,0.07651537890980746,0.3833119641588321
Learned GS uniform probabilities,0,0.06516621137071377,139,8,11,0.07651535883929372,0.5367109973236708
Learned GS uniform probabilities,0,0.06516621137071377,140,8,12,0.07651535500712901,0.690109764434568
Learned GS uniform probabilities,0,0.06516621137071377,141,8,13,0.07651531787660062,0.8435072656507735
Learned GS uniform probabilities,0,0.06516621137071377,142,8,14,0.07651534587034291,0.9970381656189806
Learned GS uniform probabilities,0,0.06516621137071377,143,8,15,0.07651541357780536,1.150676789812394
Learned GS uniform probabilities,0,0.06516621137071377,144,9,0,0.22991475738814726,-1.1506768630944475
Learned GS uniform probabilities,0,0.06516621137071377,145,9,1,0.2299146946014325,-0.9970450258276445
Learned GS uniform probabilities,0,0.06516621137071377,146,9,2,0.22991466517551917,-0.8435073816818592
Learned GS uniform probabilities,0,0.06516621137071377,147,9,3,0.22991468594693337,-0.6901097830313185
Learned GS uniform probabilities,0,0.06516621137071377,148,9,4,0.22991469223245475,-0.5367109986628462
Learned GS uniform probabilities,0,0.06516621137071377,149,9,5,0.22991471676356087,-0.38331200465169946
Learned GS uniform probabilities,0,0.06516621137071377,150,9,6,0.22991471916626086,-0.22991280951785964
Learned GS uniform probabilities,0,0.06516621137071377,151,9,7,0.22991473301994347,-0.07651359843706036
Learned GS uniform probabilities,0,0.06516621137071377,152,9,8,0.22991473301994347,0.07651359843706036
Learned GS uniform probabilities,0,0.06516621137071377,153,9,9,0.22991471916626086,0.22991280951785964
Learned GS uniform probabilities,0,0.06516621137071377,154,9,10,0.22991471676356087,0.38331200465169946
Learned GS uniform probabilities,0,0.06516621137071377,155,9,11,0.22991469223245475,0.5367109986628462
Learned GS uniform probabilities,0,0.06516621137071377,156,9,12,0.22991468594693337,0.6901097830313185
Learned GS uniform probabilities,0,0.06516621137071377,157,9,13,0.22991466517551917,0.8435073816818592
Learned GS uniform probabilities,0,0.06516621137071377,158,9,14,0.2299146946014325,0.9970450258276445
Learned GS uniform probabilities,0,0.06516621137071377,159,9,15,0.22991475738814726,1.1506768630944475
Learned GS uniform probabilities,0,0.06516621137071377,160,10,0,0.3833142259313538,-1.150677151114431
Learned GS uniform probabilities,0,0.06516621137071377,161,10,1,0.3833140991642495,-0.9970564370089436
Learned GS uniform probabilities,0,0.06516621137071377,162,10,2,0.38331403882471377,-0.8435074114025589
Learned GS uniform probabilities,0,0.06516621137071377,163,10,3,0.3833140447854493,-0.6901098705364037
Learned GS uniform probabilities,0,0.06516621137071377,164,10,4,0.38331408049885646,-0.5367111010162948
Learned GS uniform probabilities,0,0.06516621137071377,165,10,5,0.38331410209394723,-0.3833120154401409
Learned GS uniform probabilities,0,0.06516621137071377,166,10,6,0.38331412758453715,-0.2299128622410588
Learned GS uniform probabilities,0,0.06516621137071377,167,10,7,0.3833141679362409,-0.07651364519013573
Learned GS uniform probabilities,0,0.06516621137071377,168,10,8,0.3833141679362409,0.07651364519013573
Learned GS uniform probabilities,0,0.06516621137071377,169,10,9,0.38331412758453715,0.2299128622410588
Learned GS uniform probabilities,0,0.06516621137071377,170,10,10,0.38331410209394723,0.3833120154401409
Learned GS uniform probabilities,0,0.06516621137071377,171,10,11,0.38331408049885646,0.5367111010162948
Learned GS uniform probabilities,0,0.06516621137071377,172,10,12,0.3833140447854493,0.6901098705364037
Learned GS uniform probabilities,0,0.06516621137071377,173,10,13,0.38331403882471377,0.8435074114025589
Learned GS uniform probabilities,0,0.06516621137071377,174,10,14,0.3833140991642495,0.9970564370089436
Learned GS uniform probabilities,0,0.06516621137071377,175,10,15,0.3833142259313538,1.150677151114431
Learned GS uniform probabilities,0,0.06516621137071377,176,11,0,0.5367138603522584,-1.1506774548902903
Learned GS uniform probabilities,0,0.06516621137071377,177,11,1,0.5367136931868479,-0.9970655413094556
Learned GS uniform probabilities,0,0.06516621137071377,178,11,2,0.5367136084533078,-0.8435072668340301
Learned GS uniform probabilities,0,0.06516621137071377,179,11,3,0.5367135738580447,-0.6901099092869051
Learned GS uniform probabilities,0,0.06516621137071377,180,11,4,0.5367136025939896,-0.5367111065933085
Learned GS uniform probabilities,0,0.06516621137071377,181,11,5,0.53671363101846,-0.38331209120450876
Learned GS uniform probabilities,0,0.06516621137071377,182,11,6,0.5367136511920834,-0.22991289972851772
Learned GS uniform probabilities,0,0.06516621137071377,183,11,7,0.5367136765113653,-0.07651368476803465
Learned GS uniform probabilities,0,0.06516621137071377,184,11,8,0.5367136765113653,0.07651368476803465
Learned GS uniform probabilities,0,0.06516621137071377,185,11,9,0.5367136511920834,0.22991289972851772
Learned GS uniform probabilities,0,0.06516621137071377,186,11,10,0.53671363101846,0.38331209120450876
Learned GS uniform probabilities,0,0.06516621137071377,187,11,11,0.5367136025939896,0.5367111065933085
Learned GS uniform probabilities,0,0.06516621137071377,188,11,12,0.5367135738580447,0.6901099092869051
Learned GS uniform probabilities,0,0.06516621137071377,189,11,13,0.5367136084533078,0.8435072668340301
Learned GS uniform probabilities,0,0.06516621137071377,190,11,14,0.5367136931868479,0.9970655413094556
Learned GS uniform probabilities,0,0.06516621137071377,191,11,15,0.5367138603522584,1.1506774548902903
Learned GS uniform probabilities,0,0.06516621137071377,192,12,0,0.6901143534817322,-1.1506778079270226
Learned GS uniform probabilities,0,0.06516621137071377,193,12,1,0.6901137014416592,-0.9972711503833873
Learned GS uniform probabilities,0,0.06516621137071377,194,12,2,0.6901134877124603,-0.8435070211794433
Learned GS uniform probabilities,0,0.06516621137071377,195,12,3,0.6901133998046871,-0.6901099301202529
Learned GS uniform probabilities,0,0.06516621137071377,196,12,4,0.6901133772364244,-0.5367111775438598
Learned GS uniform probabilities,0,0.06516621137071377,197,12,5,0.690113401027861,-0.3833120823958291
Learned GS uniform probabilities,0,0.06516621137071377,198,12,6,0.690113416244669,-0.22991294979045598
Learned GS uniform probabilities,0,0.06516621137071377,199,12,7,0.6901134171071062,-0.07651370622564527
Learned GS uniform probabilities,0,0.06516621137071377,200,12,8,0.6901134171071062,0.07651370622564527
Learned GS uniform probabilities,0,0.06516621137071377,201,12,9,0.690113416244669,0.22991294979045598
Learned GS uniform probabilities,0,0.06516621137071377,202,12,10,0.690113401027861,0.3833120823958291
Learned GS uniform probabilities,0,0.06516621137071377,203,12,11,0.6901133772364244,0.5367111775438598
Learned GS uniform probabilities,0,0.06516621137071377,204,12,12,0.6901133998046871,0.6901099301202529
Learned GS uniform probabilities,0,0.06516621137071377,205,12,13,0.6901134877124603,0.8435070211794433
Learned GS uniform probabilities,0,0.06516621137071377,206,12,14,0.6901137014416592,0.9972711503833873
Learned GS uniform probabilities,0,0.06516621137071377,207,12,15,0.6901143534817322,1.1506778079270226
Learned GS uniform probabilities,0,0.06516621137071377,208,13,0,0.8437502281248295,-1.1506781305122953
Learned GS uniform probabilities,0,0.06516621137071377,209,13,1,0.8435177105333886,-0.9972749441031898
Learned GS uniform probabilities,0,0.06516621137071377,210,13,2,0.8435153733793125,-0.8435063331310273
Learned GS uniform probabilities,0,0.06516621137071377,211,13,3,0.8435147052228607,-0.690109865031404
Learned GS uniform probabilities,0,0.06516621137071377,212,13,4,0.8435143923737567,-0.5367111839401594
Learned GS uniform probabilities,0,0.06516621137071377,213,13,5,0.843514256865574,-0.38331213449086676
Learned GS uniform probabilities,0,0.06516621137071377,214,13,6,0.8435142553025635,-0.22991298357267234
Learned GS uniform probabilities,0,0.06516621137071377,215,13,7,0.8435142530041282,-0.0765137262516692
Learned GS uniform probabilities,0,0.06516621137071377,216,13,8,0.8435142530041282,0.0765137262516692
Learned GS uniform probabilities,0,0.06516621137071377,217,13,9,0.8435142553025635,0.22991298357267234
Learned GS uniform probabilities,0,0.06516621137071377,218,13,10,0.843514256865574,0.38331213449086676
Learned GS uniform probabilities,0,0.06516621137071377,219,13,11,0.8435143923737567,0.5367111839401594
Learned GS uniform probabilities,0,0.06516621137071377,220,13,12,0.8435147052228607,0.690109865031404
Learned GS uniform probabilities,0,0.06516621137071377,221,13,13,0.8435153733793125,0.8435063331310273
Learned GS uniform probabilities,0,0.06516621137071377,222,13,14,0.8435177105333886,0.9972749441031898
Learned GS uniform probabilities,0,0.06516621137071377,223,13,15,0.8437502281248295,1.1506781305122953
Learned GS uniform probabilities,0,0.06516621137071377,224,14,0,0.9972828727555717,-1.1506784532644703
Learned GS uniform probabilities,0,0.06516621137071377,225,14,1,0.9972843083909261,-0.9972770906279171
Learned GS uniform probabilities,0,0.06516621137071377,226,14,2,0.9972867642342639,-0.8435040008131118
Learned GS uniform probabilities,0,0.06516621137071377,227,14,3,0.9972910211599669,-0.6901097237043686
Learned GS uniform probabilities,0,0.06516621137071377,228,14,4,0.9972954430074965,-0.5367111217012569
Learned GS uniform probabilities,0,0.06516621137071377,229,14,5,0.9972694608267636,-0.3833121147529615
Learned GS uniform probabilities,0,0.06516621137071377,230,14,6,0.9972084036719725,-0.2299129621566652
Learned GS uniform probabilities,0,0.06516621137071377,231,14,7,0.9971779461719211,-0.07651371522579015
Learned GS uniform probabilities,0,0.06516621137071377,232,14,8,0.9971779461719211,0.07651371522579015
Learned GS uniform probabilities,0,0.06516621137071377,233,14,9,0.9972084036719725,0.2299129621566652
Learned GS uniform probabilities,0,0.06516621137071377,234,14,10,0.9972694608267636,0.3833121147529615
Learned GS uniform probabilities,0,0.06516621137071377,235,14,11,0.9972954430074965,0.5367111217012569
Learned GS uniform probabilities,0,0.06516621137071377,236,14,12,0.9972910211599669,0.6901097237043686
Learned GS uniform probabilities,0,0.06516621137071377,237,14,13,0.9972867642342639,0.8435040008131118
Learned GS uniform probabilities,0,0.06516621137071377,238,14,14,0.9972843083909261,0.9972770906279171
Learned GS uniform probabilities,0,0.06516621137071377,239,14,15,0.9972828727555717,1.1506784532644703
Learned GS uniform probabilities,0,0.06516621137071377,240,15,0,1.150680861441764,-1.1506787344278364
Learned GS uniform probabilities,0,0.06516621137071377,241,15,1,1.15068113928615,-0.9972783100897595
Learned GS uniform probabilities,0,0.06516621137071377,242,15,2,1.1506814609767595,-0.8435976705455499
Learned GS uniform probabilities,0,0.06516621137071377,243,15,3,1.1506817475373228,-0.690109156470539
Learned GS uniform probabilities,0,0.06516621137071377,244,15,4,1.1506820421386599,-0.5367109703517352
Learned GS uniform probabilities,0,0.06516621137071377,245,15,5,1.1506823429074056,-0.3833120412565192
Learned GS uniform probabilities,0,0.06516621137071377,246,15,6,1.1506825683092619,-0.22991293164789076
Learned GS uniform probabilities,0,0.06516621137071377,247,15,7,1.150682636435655,-0.07651371460418259
Learned GS uniform probabilities,0,0.06516621137071377,248,15,8,1.150682636435655,0.07651371460418259
Learned GS uniform probabilities,0,0.06516621137071377,249,15,9,1.1506825683092619,0.22991293164789076
Learned GS uniform probabilities,0,0.06516621137071377,250,15,10,1.1506823429074056,0.3833120412565192
Learned GS uniform probabilities,0,0.06516621137071377,251,15,11,1.1506820421386599,0.5367109703517352
Learned GS uniform probabilities,0,0.06516621137071377,252,15,12,1.1506817475373228,0.690109156470539
Learned GS uniform probabilities,0,0.06516621137071377,253,15,13,1.1506814609767595,0.8435976705455499
Learned GS uniform probabilities,0,0.06516621137071377,254,15,14,1.15068113928615,0.9972783100897595
Learned GS uniform probabilities,0,0.06516621137071377,255,15,15,1.150680861441764,1.1506787344278364
Learned joint PS+GS,0,0.06516621137071377,0,0,0,-2.386426517880168,-2.4181547925191085
Learned joint PS+GS,0,0.06516621137071377,1,0,1,-2.386425806811672,-2.102491370461684
Learned joint PS+GS,0,0.06516621137071377,2,0,2,-2.386425136010607,-1.7868260746427538
Learned joint PS+GS,0,0.06516621137071377,3,0,3,-2.3872501338268166,-1.4711652798650363
Learned joint PS+GS,0,0.06516621137071377,4,0,4,-2.387262665457567,-1.1563294086122144
Learned joint PS+GS,0,0.06516621137071377,5,0,5,-2.3872864706188452,-0.8406828281956085
Learned joint PS+GS,0,0.06516621137071377,6,0,6,-2.3873274868175494,-0.5251349662635502
Learned joint PS+GS,0,0.06516621137071377,7,0,7,-2.3873656276688986,-0.2100484531754894
Learned joint PS+GS,0,0.06516621137071377,8,0,8,-2.3873656276688986,0.10724506782044373
Learned joint PS+GS,0,0.06516621137071377,9,0,9,-2.3873274868175494,0.4223315809085044
Learned joint PS+GS,0,0.06516621137071377,10,0,10,-2.3872864706188452,0.7378794428405628
Learned joint PS+GS,0,0.06516621137071377,11,0,11,-2.387262665457567,1.053526023257169
Learned joint PS+GS,0,0.06516621137071377,12,0,12,-2.3872501338268166,1.3683618945099907
Learned joint PS+GS,0,0.06516621137071377,13,0,13,-2.386425136010607,1.6840226892877082
Learned joint PS+GS,0,0.06516621137071377,14,0,14,-2.386425806811672,1.9996879851066383
Learned joint PS+GS,0,0.06516621137071377,15,0,15,-2.386426517880168,2.3153514071640626
Learned joint PS+GS,0,0.06516621137071377,16,1,0,-2.070763144499738,-2.4181540370253716
Learned joint PS+GS,0,0.06516621137071377,17,1,1,-2.0707609082739062,-2.102489432653083
Learned joint PS+GS,0,0.06516621137071377,18,1,2,-2.070761576112949,-1.7868269768612228
Learned joint PS+GS,0,0.06516621137071377,19,1,3,-2.0707505189310695,-1.4715798404458924
Learned joint PS+GS,0,0.06516621137071377,20,1,4,-2.0707135545049686,-1.1566164030545272
Learned joint PS+GS,0,0.06516621137071377,21,1,5,-2.071163483423644,-0.8412810019040543
Learned joint PS+GS,0,0.06516621137071377,22,1,6,-2.0713531453698226,-0.5256348913502707
Learned joint PS+GS,0,0.06516621137071377,23,1,7,-2.070910273844762,-0.2086528648430176
Learned joint PS+GS,0,0.06516621137071377,24,1,8,-2.070910273844762,0.10584947948797194
Learned joint PS+GS,0,0.06516621137071377,25,1,9,-2.0713531453698226,0.422831505995225
Learned joint PS+GS,0,0.06516621137071377,26,1,10,-2.071163483423644,0.7384776165490086
Learned joint PS+GS,0,0.06516621137071377,27,1,11,-2.0707135545049686,1.0538130176994815
Learned joint PS+GS,0,0.06516621137071377,28,1,12,-2.0707505189310695,1.368776455090847
Learned joint PS+GS,0,0.06516621137071377,29,1,13,-2.070761576112949,1.6840235915061774
Learned joint PS+GS,0,0.06516621137071377,30,1,14,-2.0707609082739062,1.9996860472980376
Learned joint PS+GS,0,0.06516621137071377,31,1,15,-2.070763144499738,2.3153506516703257
Learned joint PS+GS,0,0.06516621137071377,32,2,0,-1.7550972842798573,-2.4181538578808497
Learned joint PS+GS,0,0.06516621137071377,33,2,1,-1.7550962071015068,-2.1029013917620847
Learned joint PS+GS,0,0.06516621137071377,34,2,2,-1.7550676687345634,-1.7868178125434677
Learned joint PS+GS,0,0.06516621137071377,35,2,3,-1.7550441142714075,-1.4716356543249012
Learned joint PS+GS,0,0.06516621137071377,36,2,4,-1.7555913297312438,-1.1570070366702099
Learned joint PS+GS,0,0.06516621137071377,37,2,5,-1.7557907844242508,-0.841347726754476
Learned joint PS+GS,0,0.06516621137071377,38,2,6,-1.755878540473138,-0.5256810806241422
Learned joint PS+GS,0,0.06516621137071377,39,2,7,-1.755881889215591,-0.20861313406871343
Learned joint PS+GS,0,0.06516621137071377,40,2,8,-1.755881889215591,0.10580974871366777
Learned joint PS+GS,0,0.06516621137071377,41,2,9,-1.755878540473138,0.4228776952690965
Learned joint PS+GS,0,0.06516621137071377,42,2,10,-1.7557907844242508,0.7385443413994303
Learned joint PS+GS,0,0.06516621137071377,43,2,11,-1.7555913297312438,1.0542036513151645
Learned joint PS+GS,0,0.06516621137071377,44,2,12,-1.7550441142714075,1.3688322689698558
Learned joint PS+GS,0,0.06516621137071377,45,2,13,-1.7550676687345634,1.6840144271884223
Learned joint PS+GS,0,0.06516621137071377,46,2,14,-1.7550962071015068,2.000098006407039
Learned joint PS+GS,0,0.06516621137071377,47,2,15,-1.7550972842798573,2.3153504725258034
Learned joint PS+GS,0,0.06516621137071377,48,3,0,-1.4394405264790502,-2.4185702505772584
Learned joint PS+GS,0,0.06516621137071377,49,3,1,-1.439826768620727,-2.1028990161977945
Learned joint PS+GS,0,0.06516621137071377,50,3,2,-1.43988918695196,-1.787323323108863
Learned joint PS+GS,0,0.06516621137071377,51,3,3,-1.4401517840467981,-1.4722086175676552
Learned joint PS+GS,0,0.06516621137071377,52,3,4,-1.440348047109718,-1.1570060489462346
Learned joint PS+GS,0,0.06516621137071377,53,3,5,-1.4403337199707353,-0.8413560847004941
Learned joint PS+GS,0,0.06516621137071377,54,3,6,-1.4400062382523309,-0.5256741805720895
Learned joint PS+GS,0,0.06516621137071377,55,3,7,-1.4401639688533179,-0.2092936623146529
Learned joint PS+GS,0,0.06516621137071377,56,3,8,-1.4401639688533179,0.10649027695960724
Learned joint PS+GS,0,0.06516621137071377,57,3,9,-1.4400062382523309,0.4228707952170438
Learned joint PS+GS,0,0.06516621137071377,58,3,10,-1.4403337199707353,0.7385526993454483
Learned joint PS+GS,0,0.06516621137071377,59,3,11,-1.440348047109718,1.0542026635911892
Learned joint PS+GS,0,0.06516621137071377,60,3,12,-1.4401517840467981,1.3694052322126098
Learned joint PS+GS,0,0.06516621137071377,61,3,13,-1.43988918695196,1.6845199377538176
Learned joint PS+GS,0,0.06516621137071377,62,3,14,-1.439826768620727,2.000095630842749
Learned joint PS+GS,0,0.06516621137071377,63,3,15,-1.4394405264790502,2.3157668652222125
Learned joint PS+GS,0,0.06516621137071377,64,4,0,-1.124177380277476,-2.4185794649276784
Learned joint PS+GS,0,0.06516621137071377,65,4,1,-1.124250298797298,-2.1029070165625496
Learned joint PS+GS,0,0.06516621137071377,66,4,2,-1.1246962162060672,-1.7876111242594155
Learned joint PS+GS,0,0.06516621137071377,67,4,3,-1.1248401456224342,-1.472592922249541
Learned joint PS+GS,0,0.06516621137071377,68,4,4,-1.1247282808966579,-1.156972667855335
Learned joint PS+GS,0,0.06516621137071377,69,4,5,-1.1246269816312486,-0.8413446360499985
Learned joint PS+GS,0,0.06516621137071377,70,4,6,-1.123835898570779,-0.5256607743590352
Learned joint PS+GS,0,0.06516621137071377,71,4,7,-1.1237611112909427,-0.20952546981565984
Learned joint PS+GS,0,0.06516621137071377,72,4,8,-1.1237611112909427,0.10672208446061417
Learned joint PS+GS,0,0.06516621137071377,73,4,9,-1.123835898570779,0.42285738900398956
Learned joint PS+GS,0,0.06516621137071377,74,4,10,-1.1246269816312486,0.7385412506949528
Learned joint PS+GS,0,0.06516621137071377,75,4,11,-1.1247282808966579,1.0541692825002895
Learned joint PS+GS,0,0.06516621137071377,76,4,12,-1.1248401456224342,1.3697895368944955
Learned joint PS+GS,0,0.06516621137071377,77,4,13,-1.1246962162060672,1.68480773890437
Learned joint PS+GS,0,0.06516621137071377,78,4,14,-1.124250298797298,2.000103631207504
Learned joint PS+GS,0,0.06516621137071377,79,4,15,-1.124177380277476,2.3157760795726325
Learned joint PS+GS,0,0.06516621137071377,80,5,0,-0.808525197279083,-2.418619371320136
Learned joint PS+GS,0,0.06516621137071377,81,5,1,-0.8091486804984155,-2.1033098268829997
Learned joint PS+GS,0,0.06516621137071377,82,5,2,-0.8096331886078516,-1.7877856094047198
Learned joint PS+GS,0,0.06516621137071377,83,5,3,-0.8096399777431564,-1.4721801032287858
Learned joint PS+GS,0,0.06516621137071377,84,5,4,-0.809643723773211,-1.1565692694980432
Learned joint PS+GS,0,0.06516621137071377,85,5,5,-0.8096262876656367,-0.8408019563013438
Learned joint PS+GS,0,0.06516621137071377,86,5,6,-0.8081674512620338,-0.5246821525846929
Learned joint PS+GS,0,0.06516621137071377,87,5,7,-0.8080998652030988,-0.2086315580961633
Learned joint PS+GS,0,0.06516621137071377,88,5,8,-0.8080998652030988,0.10582817274111764
Learned joint PS+GS,0,0.06516621137071377,89,5,9,-0.8081674512620338,0.4218787672296471
Learned joint PS+GS,0,0.06516621137071377,90,5,10,-0.8096262876656367,0.7379985709462981
Learned joint PS+GS,0,0.06516621137071377,91,5,11,-0.809643723773211,1.0537658841429978
Learned joint PS+GS,0,0.06516621137071377,92,5,12,-0.8096399777431564,1.3693767178737404
Learned joint PS+GS,0,0.06516621137071377,93,5,13,-0.8096331886078516,1.6849822240496741
Learned joint PS+GS,0,0.06516621137071377,94,5,14,-0.8091486804984155,2.0005064415279543
Learned joint PS+GS,0,0.06516621137071377,95,5,15,-0.808525197279083,2.31581598596509
Learned joint PS+GS,0,0.06516621137071377,96,6,0,-0.4928656571925585,-2.418665510782724
Learned joint PS+GS,0,0.06516621137071377,97,6,1,-0.4939686596243765,-2.1034753372548183
Learned joint PS+GS,0,0.06516621137071377,98,6,2,-0.4939851591571553,-1.7882286134779284
Learned joint PS+GS,0,0.06516621137071377,99,6,3,-0.4939900352278126,-1.4721410895669453
Learned joint PS+GS,0,0.06516621137071377,100,6,4,-0.4939874062960667,-1.1563987458453129
Learned joint PS+GS,0,0.06516621137071377,101,6,5,-0.4939817109789927,-0.8401722638813384
Learned joint PS+GS,0,0.06516621137071377,102,6,6,-0.493972780944537,-0.5243828484322908
Learned joint PS+GS,0,0.06516621137071377,103,6,7,-0.49395733021922295,-0.208789753296931
Learned joint PS+GS,0,0.06516621137071377,104,6,8,-0.49395733021922295,0.10598636794188535
Learned joint PS+GS,0,0.06516621137071377,105,6,9,-0.493972780944537,0.4215794630772451
Learned joint PS+GS,0,0.06516621137071377,106,6,10,-0.4939817109789927,0.7373688785262926
Learned joint PS+GS,0,0.06516621137071377,107,6,11,-0.4939874062960667,1.0535953604902673
Learned joint PS+GS,0,0.06516621137071377,108,6,12,-0.4939900352278126,1.3693377042118997
Learned joint PS+GS,0,0.06516621137071377,109,6,13,-0.4939851591571553,1.685425228122883
Learned joint PS+GS,0,0.06516621137071377,110,6,14,-0.4939686596243765,2.000671951899773
Learned joint PS+GS,0,0.06516621137071377,111,6,15,-0.4928656571925585,2.315862125427678
Learned joint PS+GS,0,0.06516621137071377,112,7,0,-0.17767158497450716,-2.419223071220648
Learned joint PS+GS,0,0.06516621137071377,113,7,1,-0.17831720265373444,-2.10351356071664
Learned joint PS+GS,0,0.06516621137071377,114,7,2,-0.17832587832315738,-1.7882615191854354
Learned joint PS+GS,0,0.06516621137071377,115,7,3,-0.1783278700524924,-1.472159354127062
Learned joint PS+GS,0,0.06516621137071377,116,7,4,-0.17832612837935863,-1.1558916328734554
Learned joint PS+GS,0,0.06516621137071377,117,7,5,-0.178320311053543,-0.8401014122981268
Learned joint PS+GS,0,0.06516621137071377,118,7,6,-0.178321694677979,-0.5244098458495402
Learned joint PS+GS,0,0.06516621137071377,119,7,7,-0.17831383174406568,-0.2088060317968878
Learned joint PS+GS,0,0.06516621137071377,120,7,8,-0.17831383174406568,0.10600264644184215
Learned joint PS+GS,0,0.06516621137071377,121,7,9,-0.178321694677979,0.42160646049449446
Learned joint PS+GS,0,0.06516621137071377,122,7,10,-0.178320311053543,0.7372980269430811
Learned joint PS+GS,0,0.06516621137071377,123,7,11,-0.17832612837935863,1.0530882475184098
Learned joint PS+GS,0,0.06516621137071377,124,7,12,-0.1783278700524924,1.3693559687720165
Learned joint PS+GS,0,0.06516621137071377,125,7,13,-0.17832587832315738,1.6854581338303898
Learned joint PS+GS,0,0.06516621137071377,126,7,14,-0.17831720265373444,2.0007101753615943
Learned joint PS+GS,0,0.06516621137071377,127,7,15,-0.17767158497450716,2.3164196858656023
Learned joint PS+GS,0,0.06516621137071377,128,8,0,0.1383248228609816,-2.419223071220648
Learned joint PS+GS,0,0.06516621137071377,129,8,1,0.13897044054020885,-2.10351356071664
Learned joint PS+GS,0,0.06516621137071377,130,8,2,0.1389791162096318,-1.7882615191854354
Learned joint PS+GS,0,0.06516621137071377,131,8,3,0.13898110793896684,-1.472159354127062
Learned joint PS+GS,0,0.06516621137071377,132,8,4,0.13897936626583304,-1.1558916328734554
Learned joint PS+GS,0,0.06516621137071377,133,8,5,0.13897354894001746,-0.8401014122981268
Learned joint PS+GS,0,0.06516621137071377,134,8,6,0.13897493256445342,-0.5244098458495402
Learned joint PS+GS,0,0.06516621137071377,135,8,7,0.13896706963054012,-0.2088060317968878
Learned joint PS+GS,0,0.06516621137071377,136,8,8,0.13896706963054012,0.10600264644184215
Learned joint PS+GS,0,0.06516621137071377,137,8,9,0.13897493256445342,0.42160646049449446
Learned joint PS+GS,0,0.06516621137071377,138,8,10,0.13897354894001746,0.7372980269430811
Learned joint PS+GS,0,0.06516621137071377,139,8,11,0.13897936626583304,1.0530882475184098
Learned joint PS+GS,0,0.06516621137071377,140,8,12,0.13898110793896684,1.3693559687720165
Learned joint PS+GS,0,0.06516621137071377,141,8,13,0.1389791162096318,1.6854581338303898
Learned joint PS+GS,0,0.06516621137071377,142,8,14,0.13897044054020885,2.0007101753615943
Learned joint PS+GS,0,0.06516621137071377,143,8,15,0.1383248228609816,2.3164196858656023
Learned joint PS+GS,0,0.06516621137071377,144,9,0,0.4535188950790329,-2.418665510782724
Learned joint PS+GS,0,0.06516621137071377,145,9,1,0.454621897510851,-2.1034753372548183
Learned joint PS+GS,0,0.06516621137071377,146,9,2,0.45463839704362974,-1.7882286134779284
Learned joint PS+GS,0,0.06516621137071377,147,9,3,0.4546432731142871,-1.4721410895669453
Learned joint PS+GS,0,0.06516621137071377,148,9,4,0.4546406441825412,-1.1563987458453129
Learned joint PS+GS,0,0.06516621137071377,149,9,5,0.4546349488654672,-0.8401722638813384
Learned joint PS+GS,0,0.06516621137071377,150,9,6,0.4546260188310115,-0.5243828484322908
Learned joint PS+GS,0,0.06516621137071377,151,9,7,0.45461056810569744,-0.208789753296931
Learned joint PS+GS,0,0.06516621137071377,152,9,8,0.45461056810569744,0.10598636794188535
Learned joint PS+GS,0,0.06516621137071377,153,9,9,0.4546260188310115,0.4215794630772451
Learned joint PS+GS,0,0.06516621137071377,154,9,10,0.4546349488654672,0.7373688785262926
Learned joint PS+GS,0,0.06516621137071377,155,9,11,0.4546406441825412,1.0535953604902673
Learned joint PS+GS,0,0.06516621137071377,156,9,12,0.4546432731142871,1.3693377042118997
Learned joint PS+GS,0,0.06516621137071377,157,9,13,0.45463839704362974,1.685425228122883
Learned joint PS+GS,0,0.06516621137071377,158,9,14,0.454621897510851,2.000671951899773
Learned joint PS+GS,0,0.06516621137071377,159,9,15,0.4535188950790329,2.315862125427678
Learned joint PS+GS,0,0.06516621137071377,160,10,0,0.7691784351655574,-2.418619371320136
Learned joint PS+GS,0,0.06516621137071377,161,10,1,0.7698019183848899,-2.1033098268829997
Learned joint PS+GS,0,0.06516621137071377,162,10,2,0.770286426494326,-1.7877856094047198
Learned joint PS+GS,0,0.06516621137071377,163,10,3,0.7702932156296307,-1.4721801032287858
Learned joint PS+GS,0,0.06516621137071377,164,10,4,0.7702969616596854,-1.1565692694980432
Learned joint PS+GS,0,0.06516621137071377,165,10,5,0.7702795255521111,-0.8408019563013438
Learned joint PS+GS,0,0.06516621137071377,166,10,6,0.7688206891485082,-0.5246821525846929
Learned joint PS+GS,0,0.06516621137071377,167,10,7,0.7687531030895732,-0.2086315580961633
Learned joint PS+GS,0,0.06516621137071377,168,10,8,0.7687531030895732,0.10582817274111764
Learned joint PS+GS,0,0.06516621137071377,169,10,9,0.7688206891485082,0.4218787672296471
Learned joint PS+GS,0,0.06516621137071377,170,10,10,0.7702795255521111,0.7379985709462981
Learned joint PS+GS,0,0.06516621137071377,171,10,11,0.7702969616596854,1.0537658841429978
Learned joint PS+GS,0,0.06516621137071377,172,10,12,0.7702932156296307,1.3693767178737404
Learned joint PS+GS,0,0.06516621137071377,173,10,13,0.770286426494326,1.6849822240496741
Learned joint PS+GS,0,0.06516621137071377,174,10,14,0.7698019183848899,2.0005064415279543
Learned joint PS+GS,0,0.06516621137071377,175,10,15,0.7691784351655574,2.31581598596509
Learned joint PS+GS,0,0.06516621137071377,176,11,0,1.0848306181639507,-2.4185794649276784
Learned joint PS+GS,0,0.06516621137071377,177,11,1,1.0849035366837725,-2.1029070165625496
Learned joint PS+GS,0,0.06516621137071377,178,11,2,1.0853494540925417,-1.7876111242594155
Learned joint PS+GS,0,0.06516621137071377,179,11,3,1.085493383508909,-1.472592922249541
Learned joint PS+GS,0,0.06516621137071377,180,11,4,1.0853815187831326,-1.156972667855335
Learned joint PS+GS,0,0.06516621137071377,181,11,5,1.0852802195177234,-0.8413446360499985
Learned joint PS+GS,0,0.06516621137071377,182,11,6,1.0844891364572538,-0.5256607743590352
Learned joint PS+GS,0,0.06516621137071377,183,11,7,1.0844143491774174,-0.20952546981565984
Learned joint PS+GS,0,0.06516621137071377,184,11,8,1.0844143491774174,0.10672208446061417
Learned joint PS+GS,0,0.06516621137071377,185,11,9,1.0844891364572538,0.42285738900398956
Learned joint PS+GS,0,0.06516621137071377,186,11,10,1.0852802195177234,0.7385412506949528
Learned joint PS+GS,0,0.06516621137071377,187,11,11,1.0853815187831326,1.0541692825002895
Learned joint PS+GS,0,0.06516621137071377,188,11,12,1.085493383508909,1.3697895368944955
Learned joint PS+GS,0,0.06516621137071377,189,11,13,1.0853494540925417,1.68480773890437
Learned joint PS+GS,0,0.06516621137071377,190,11,14,1.0849035366837725,2.000103631207504
Learned joint PS+GS,0,0.06516621137071377,191,11,15,1.0848306181639507,2.3157760795726325
Learned joint PS+GS,0,0.06516621137071377,192,12,0,1.4000937643655247,-2.4185702505772584
Learned joint PS+GS,0,0.06516621137071377,193,12,1,1.4004800065072014,-2.1028990161977945
Learned joint PS+GS,0,0.06516621137071377,194,12,2,1.4005424248384346,-1.787323323108863
Learned joint PS+GS,0,0.06516621137071377,195,12,3,1.4008050219332726,-1.4722086175676552
Learned joint PS+GS,0,0.06516621137071377,196,12,4,1.4010012849961926,-1.1570060489462346
Learned joint PS+GS,0,0.06516621137071377,197,12,5,1.4009869578572098,-0.8413560847004941
Learned joint PS+GS,0,0.06516621137071377,198,12,6,1.4006594761388056,-0.5256741805720895
Learned joint PS+GS,0,0.06516621137071377,199,12,7,1.4008172067397926,-0.2092936623146529
Learned joint PS+GS,0,0.06516621137071377,200,12,8,1.4008172067397926,0.10649027695960724
Learned joint PS+GS,0,0.06516621137071377,201,12,9,1.4006594761388056,0.4228707952170438
Learned joint PS+GS,0,0.06516621137071377,202,12,10,1.4009869578572098,0.7385526993454483
Learned joint PS+GS,0,0.06516621137071377,203,12,11,1.4010012849961926,1.0542026635911892
Learned joint PS+GS,0,0.06516621137071377,204,12,12,1.4008050219332726,1.3694052322126098
Learned joint PS+GS,0,0.06516621137071377,205,12,13,1.4005424248384346,1.6845199377538176
Learned joint PS+GS,0,0.06516621137071377,206,12,14,1.4004800065072014,2.000095630842749
Learned joint PS+GS,0,0.06516621137071377,207,12,15,1.4000937643655247,2.3157668652222125
Learned joint PS+GS,0,0.06516621137071377,208,13,0,1.715750522166332,-2.4181538578808497
Learned joint PS+GS,0,0.06516621137071377,209,13,1,1.7157494449879813,-2.1029013917620847
Learned joint PS+GS,0,0.06516621137071377,210,13,2,1.715720906621038,-1.7868178125434677
Learned joint PS+GS,0,0.06516621137071377,211,13,3,1.715697352157882,-1.4716356543249012
Learned joint PS+GS,0,0.06516621137071377,212,13,4,1.7162445676177185,-1.1570070366702099
Learned joint PS+GS,0,0.06516621137071377,213,13,5,1.7164440223107256,-0.841347726754476
Learned joint PS+GS,0,0.06516621137071377,214,13,6,1.7165317783596126,-0.5256810806241422
Learned joint PS+GS,0,0.06516621137071377,215,13,7,1.7165351271020657,-0.20861313406871343
Learned joint PS+GS,0,0.06516621137071377,216,13,8,1.7165351271020657,0.10580974871366777
Learned joint PS+GS,0,0.06516621137071377,217,13,9,1.7165317783596126,0.4228776952690965
Learned joint PS+GS,0,0.06516621137071377,218,13,10,1.7164440223107256,0.7385443413994303
Learned joint PS+GS,0,0.06516621137071377,219,13,11,1.7162445676177185,1.0542036513151645
Learned joint PS+GS,0,0.06516621137071377,220,13,12,1.715697352157882,1.3688322689698558
Learned joint PS+GS,0,0.06516621137071377,221,13,13,1.715720906621038,1.6840144271884223
Learned joint PS+GS,0,0.06516621137071377,222,13,14,1.7157494449879813,2.000098006407039
Learned joint PS+GS,0,0.06516621137071377,223,13,15,1.715750522166332,2.3153504725258034
Learned joint PS+GS,0,0.06516621137071377,224,14,0,2.031416382386212,-2.4181540370253716
Learned joint PS+GS,0,0.06516621137071377,225,14,1,2.0314141461603805,-2.102489432653083
Learned joint PS+GS,0,0.06516621137071377,226,14,2,2.0314148139994233,-1.7868269768612228
Learned joint PS+GS,0,0.06516621137071377,227,14,3,2.031403756817544,-1.4715798404458924
Learned joint PS+GS,0,0.06516621137071377,228,14,4,2.031366792391443,-1.1566164030545272
Learned joint PS+GS,0,0.06516621137071377,229,14,5,2.031816721310119,-0.8412810019040543
Learned joint PS+GS,0,0.06516621137071377,230,14,6,2.0320063832562973,-0.5256348913502707
Learned joint PS+GS,0,0.06516621137071377,231,14,7,2.0315635117312363,-0.2086528648430176
Learned joint PS+GS,0,0.06516621137071377,232,14,8,2.0315635117312363,0.10584947948797194
Learned joint PS+GS,0,0.06516621137071377,233,14,9,2.0320063832562973,0.422831505995225
Learned joint PS+GS,0,0.06516621137071377,234,14,10,2.031816721310119,0.7384776165490086
Learned joint PS+GS,0,0.06516621137071377,235,14,11,2.031366792391443,1.0538130176994815
Learned joint PS+GS,0,0.06516621137071377,236,14,12,2.031403756817544,1.368776455090847
Learned joint PS+GS,0,0.06516621137071377,237,14,13,2.0314148139994233,1.6840235915061774
Learned joint PS+GS,0,0.06516621137071377,238,14,14,2.0314141461603805,1.9996860472980376
Learned joint PS+GS,0,0.06516621137071377,239,14,15,2.031416382386212,2.3153506516703257
Learned joint PS+GS,0,0.06516621137071377,240,15,0,2.347079755766642,-2.4181547925191085
Learned joint PS+GS,0,0.06516621137071377,241,15,1,2.3470790446981464,-2.102491370461684
Learned joint PS+GS,0,0.06516621137071377,242,15,2,2.347078373897081,-1.7868260746427538
Learned joint PS+GS,0,0.06516621137071377,243,15,3,2.347903371713291,-1.4711652798650363
Learned joint PS+GS,0,0.06516621137071377,244,15,4,2.347915903344041,-1.1563294086122144
Learned joint PS+GS,0,0.06516621137071377,245,15,5,2.347939708505319,-0.8406828281956085
Learned joint PS+GS,0,0.06516621137071377,246,15,6,2.3479807247040236,-0.5251349662635502
Learned joint PS+GS,0,0.06516621137071377,247,15,7,2.3480188655553724,-0.2100484531754894
Learned joint PS+GS,0,0.06516621137071377,248,15,8,2.3480188655553724,0.10724506782044373
Learned joint PS+GS,0,0.06516621137071377,249,15,9,2.3479807247040236,0.4223315809085044
Learned joint PS+GS,0,0.06516621137071377,250,15,10,2.347939708505319,0.7378794428405628
Learned joint PS+GS,0,0.06516621137071377,251,15,11,2.347915903344041,1.053526023257169
Learned joint PS+GS,0,0.06516621137071377,252,15,12,2.347903371713291,1.3683618945099907
Learned joint PS+GS,0,0.06516621137071377,253,15,13,2.347078373897081,1.6840226892877082
Learned joint PS+GS,0,0.06516621137071377,254,15,14,2.3470790446981464,1.9996879851066383
Learned joint PS+GS,0,0.06516621137071377,255,15,15,2.347079755766642,2.3153514071640626
