pass,nu,I_AB,chi_BE,beta_I_AB,K_raw_mean,K_raw_median,K_raw_p05,outage_probability,entropy,finite,points,ncut,awgn_samples
coarse,0.01,0.018294987335210695,0.016810810292468246,0.01738023796845016,0.000569427675981912,-1.4450134899979261e-05,-0.0016114593508918481,0.6875,7.952778553853429,True,48,64,32
coarse,0.02,0.018304657549017167,0.0159017213280366,0.017389424671566307,0.0014877033435297066,-1.1149006942767776e-06,-0.00035793084737568515,0.5,7.829874294999645,True,48,64,32
coarse,0.03,0.01831273701828164,0.015223236552410202,0.017397100167367556,0.0021738636149573553,3.5110426259077346e-05,-6.039662762324482e-05,0.2916666666666667,7.659520752632774,True,48,64,32
coarse,0.04,0.01831862375655994,0.014738050040089188,0.01740269256873194,0.002664642528642754,6.24881139694055e-05,-1.5735070330893393e-05,0.1875,7.4656917994296395,True,48,64,32
coarse,0.05,0.018322498166913614,0.014401880760194163,0.017406373258567934,0.003004492498373769,8.247728375920804e-05,-7.177667945619255e-06,0.16666666666666666,7.265672052666707,True,48,64,32
coarse,0.06,0.018324886306029554,0.014173533825566215,0.01740864199072808,0.0032351081651618638,0.00010886399010723302,-6.150013001016144e-07,0.0625,7.0702889438234635,True,48,64,32
coarse,0.07,0.018326359626442485,0.014019935761035014,0.01741004164512036,0.003390105884085346,0.00018447838986401734,1.0492894758162834e-06,0.041666666666666664,6.88536749728838,True,48,64,32
coarse,0.08,0.01832738846695897,0.013916893874296985,0.01741101904361102,0.003494125169314036,0.00020263656337993208,1.3320110975367773e-06,0.041666666666666664,6.71337379669229,True,48,64,32
coarse,0.09,0.018328301541623904,0.013847671748510176,0.017411886464542708,0.003564214716032532,0.0002080434807168796,1.502294807209646e-06,0.020833333333333332,6.554763747644943,True,48,64,32
coarse,0.1,0.018329299204887312,0.013801026222519608,0.017412834244642947,0.003611808022123339,0.00021153367852566607,1.6132303592009111e-06,0.020833333333333332,6.408923689874861,True,48,64,32
coarse,0.11,0.018330485282891735,0.01376949130200232,0.01741396101874715,0.003644469716744828,0.00021374524088564324,1.6845386567121419e-06,0.0,6.274758286631716,True,48,64,32
coarse,0.12,0.018331899408315866,0.013748113914902979,0.01741530443790007,0.003667190522997093,0.00021509106838417668,1.7293486634462059e-06,0.0,6.151026040143364,True,48,64,32
coarse,0.13,0.018333542937851128,0.013733594093745239,0.01741686579095857,0.003683271697213332,0.00021584205807034795,1.7564248501922275e-06,0.0,6.036513292969625,True,48,64,32
coarse,0.14,0.018335397231545498,0.013723720256682734,0.017418627369968222,0.003694907113285488,0.00021617890419052256,1.771640054828438e-06,0.0,5.930112958856601,True,48,64,32
coarse,0.15,0.018337435388173506,0.013717002418967311,0.01742056361876483,0.00370356119979752,0.00021622414986157692,1.7789410071755705e-06,0.020833333333333332,5.830851008351518,True,48,64,32
coarse,0.16,0.0183396291296569,0.013712430730457604,0.017422647673174054,0.0037102169427164523,0.00021606239302116573,1.7809898297183035e-06,0.020833333333333332,5.7378865670206,True,48,64,32
coarse,0.17,0.018341952403188328,0.01370932174667977,0.017424854783028913,0.003715533036349142,0.00021575266448283772,1.7795748885807138e-06,0.020833333333333332,5.650500223421142,True,48,64,32
coarse,0.18,0.018344382920607173,0.013707206672411635,0.017427163774576815,0.0037199571021651807,0.00021533721985751426,1.7759113640503078e-06,0.020833333333333332,5.568078296414592,True,48,64,32
coarse,0.19,0.01834690249586135,0.013705771989526966,0.01742955737106828,0.003723785381541316,0.00021484599532421987,1.7708003755800831e-06,0.020833333333333332,5.490096878324114,True,48,64,32
coarse,0.2,0.018349496748051843,0.013704795708988008,0.01743202191064925,0.0037272262016612434,0.0002143015706028483,1.7648013560278552e-06,0.020833333333333332,5.4161073236563695,True,48,64,32
coarse,0.21,0.018352154522483066,0.013704139222788953,0.01743454679635891,0.0037304075735699587,0.00021371954722106947,1.7582523896608733e-06,0.020833333333333332,5.345723743994046,True,48,64,32
coarse,0.22,0.018354867234940803,0.01370370506670405,0.017437123873193766,0.0037334188064897123,0.00021311191789763484,1.7513846432604113e-06,0.020833333333333332,5.278612536839441,True,48,64,32
coarse,0.23,0.01835762824576988,0.01370342528807474,0.017439746833481387,0.0037363215454066464,0.00021248791847128246,1.7443499123204192e-06,0.020833333333333332,5.214483749515269,True,48,64,32
coarse,0.24,0.018360432333125655,0.013703321980473027,0.017442410716469375,0.0037390887359963466,0.00021184883987999107,1.6832137919164854e-06,0.020833333333333332,5.153084006939551,True,48,64,32
coarse,0.25,0.018363275241100686,0.013703408152596866,0.017445111479045653,0.003741703326448787,0.00021119637737239123,1.534668536320442e-06,0.020833333333333332,5.09419073200754,True,48,64,32
coarse,0.26,0.01836615334184366,0.013703668932159139,0.017447845674751477,0.003744176742592338,0.00021053421730603532,1.3484264237195798e-06,0.020833333333333332,5.037607417004592,True,48,64,32
coarse,0.27,0.018369063397455733,0.013704078270045295,0.017450610227582947,0.003746531957537652,0.00020986664727089542,1.1652327252042945e-06,0.020833333333333332,4.983159742697148,True,48,64,32
coarse,0.28,0.01837200237097314,0.013704665673069605,0.01745340225242448,0.003748736579354877,0.00020919291692993446,9.8332656027101e-07,0.020833333333333332,4.930692379115898,True,48,64,32
coarse,0.29,0.01837496730298573,0.013705451324869614,0.017456218937836443,0.0037507676129668282,0.00020851275751470054,8.013189551170289e-07,0.020833333333333332,4.8800663348979345,True,48,64,32
coarse,0.3,0.018377955235666432,0.013706474267151842,0.017459057473883106,0.0037525832067312665,0.00020782402454493358,7.817211673954982e-07,0.020833333333333332,4.831156749170511,True,48,64,32
coarse,0.31,0.01838096318794319,0.013707778508002092,0.017461915028546028,0.0037541365205439356,0.00020712392066211114,7.865569886100757e-07,0.041666666666666664,4.783851041928202,True,48,64,32
coarse,0.32,0.01838398812396095,0.01370941151585026,0.017464788717762903,0.003755377201912643,0.00020640913907432612,7.909371887349082e-07,0.041666666666666664,4.7380473561634675,True,48,64,32
coarse,0.33,0.01838702694769221,0.013711423386711542,0.017467675600307597,0.0037562522135960587,0.00020567595676803654,7.946867117714077e-07,0.041666666666666664,4.693653238773344,True,48,64,32
coarse,0.34,0.018390076514588162,0.013713866203934999,0.017470572688858755,0.0037567064849237572,0.00020492031450287663,7.976222085659384e-07,0.041666666666666664,4.650584517896503,True,48,64,32
coarse,0.35,0.01839313366522229,0.013716793463668428,0.017473476981961174,0.003756683518292748,0.0002041379028594914,7.995699531426749e-07,0.041666666666666664,4.6087643427564595,True,48,64,32
coarse,0.36,0.018396195219955093,0.013720259539328691,0.01747638545895734,0.0037561259196286488,0.00020332420183442055,8.003433288550356e-07,0.041666666666666664,4.5681223586130075,True,48,64,32
coarse,0.37,0.018399258025859844,0.013724319185397344,0.01747929512456685,0.0037549759391695067,0.00020247456258657418,7.997682939309134e-07,0.041666666666666664,4.528593994753736,True,48,64,32
coarse,0.38,0.018402318952702463,0.013729027086452789,0.01748220300506734,0.0037531759186145504,0.00020158423474232458,7.976607005066866e-07,0.041666666666666664,4.490119847374229,True,48,64,32
coarse,0.39,0.018405374936753316,0.013734437456644192,0.017485106189915646,0.0037506687332714565,0.00020064843363103434,7.938498215165331e-07,0.041666666666666664,4.452645142666524,True,48,64,32
coarse,0.4,0.018408422983322088,0.013740603692597464,0.017488001834155983,0.0037473981415585187,0.0001996623635278416,7.881643242391151e-07,0.041666666666666664,4.416119267855104,True,48,64,32
coarse,0.41,0.018411460186521823,0.013747578080368814,0.017490887177195734,0.0037433090968269195,0.00019862125299714418,7.770010276031412e-07,0.041666666666666664,4.380495360181545,True,48,64,32
coarse,0.42,0.018414483737177446,0.013755411554897456,0.017493759550318573,0.0037383479954211187,0.00019752037530149644,7.559576221161101e-07,0.041666666666666664,4.345729945431928,True,48,64,32
coarse,0.43,0.01841749096319526,0.013764153508627955,0.0174966164150355,0.003732462906407544,0.00019635509642206283,7.317199287792949e-07,0.041666666666666664,4.311782619052253,True,48,64,32
coarse,0.44,0.01842047930453853,0.013773851644540178,0.017499455339311604,0.0037256036947714254,0.00019512085843915723,7.041029525911567e-07,0.041666666666666664,4.2786157639079665,True,48,64,32
coarse,0.45,0.018423446331325956,0.013784551867743262,0.017502274014759657,0.0037177221470163966,0.00019381320183284865,6.729289812712476e-07,0.041666666666666664,4.246194299845091,True,48,64,32
coarse,0.46,0.01842638975662843,0.013796298209331578,0.01750507026879701,0.0037087720594654316,0.00019242778133703447,6.380349000556503e-07,0.041666666666666664,4.214485460817902,True,48,64,32
coarse,0.47,0.01842930743327923,0.013809132776054726,0.01750784206161527,0.003698709285560543,0.0001909603656554237,5.992658904130352e-07,0.041666666666666664,4.183458596031768,True,48,64,32
coarse,0.48,0.01843219735423357,0.013823095719794967,0.01751058748652189,0.003687491766726924,0.0001894068401587789,5.564738964203279e-07,0.041666666666666664,4.153084992086723,True,48,64,32
coarse,0.49,0.018435057661824284,0.013838225221529402,0.01751330477873307,0.0036750795572036686,0.0001877632179274613,5.095257891674078e-07,0.041666666666666664,4.123337713544047,True,48,64,32
coarse,0.5,0.018437886637675045,0.01385455748552511,0.017515992305791293,0.003661434820266185,0.00018602563277205777,4.582942691855326e-07,0.041666666666666664,4.094191459658054,True,48,64,32
coarse,0.51,0.018440682703795286,0.013872126740478455,0.01751864856860552,0.0036465218281270663,0.00018419034326384582,4.026603271900507e-07,0.041666666666666664,4.065622435395607,True,48,64,32
coarse,0.52,0.018443444417164334,0.013890965245361764,0.017521272196306115,0.0036303069509443526,0.00018225373117100032,3.4251030243792503e-07,0.041666666666666664,4.037608235064846,True,48,64,32
coarse,0.53,0.01844617047952137,0.013911103298579464,0.0175238619555453,0.0036127586569658344,0.00018021231485483287,2.777480340121475e-07,0.041666666666666664,4.0101277371394985,True,48,64,32
coarse,0.54,0.018448859715889422,0.013932569249584742,0.017526416730094953,0.00359384748051021,0.00017814722276434655,2.0827791270883214e-07,0.041666666666666664,3.983161008987219,True,48,64,32
coarse,0.55,0.018451511084407485,0.013955389512496738,0.01752893553018711,0.0035735460176903717,0.00017705681101618518,1.340181201570085e-07,0.0625,3.9566892204760844,True,48,64,32
coarse,0.56,0.018454123663747074,0.013979588581408417,0.017531417480559718,0.0035518288991513015,0.00017587204508915375,5.489288451010287e-08,0.0625,3.930694565447088,True,48,64,32
coarse,0.57,0.018456696648504557,0.01400518904705598,0.01753386181607933,0.00352867276902335,0.00017459002692300492,-2.9167393622577602e-08,0.0625,3.9051601902545974,True,48,64,32
coarse,0.58,0.018459229345643008,0.014032211614402657,0.017536267878360854,0.0035040562639582005,0.00017320796143222017,-1.1822481945644723e-07,0.0625,3.880070128625752,True,48,64,32
coarse,0.59,0.018461721166090052,0.01406067512058517,0.017538635107785548,0.0034779599872003797,0.00017172315613918078,-2.123371466067341e-07,0.08333333333333333,3.8554092421862114,True,48,64,32
coarse,0.6,0.018464171628042564,0.014090596552608126,0.017540963046640434,0.0034503664940323075,0.0001701330323202965,-3.115497085903767e-07,0.08333333333333333,3.8311631660934418,True,48,64,32
coarse,0.61,0.018466580343735613,0.01412199106407647,0.017543251326548832,0.003421260262472362,0.00016843512064589338,-4.159030130468369e-07,0.08333333333333333,3.807318259238886,True,48,64,32
coarse,0.62,0.018468947007706505,0.014154871990433485,0.01754549965732118,0.003390627666887696,0.0001666270584717355,-5.456870124853653e-07,0.08333333333333333,3.7838615585900848,True,48,64,32
coarse,0.63,0.018471271414125596,0.014189250862238396,0.017547707843419316,0.003358456981180919,0.00016470661494866196,-6.821885115571022e-07,0.10416666666666667,3.760780737288062,True,48,64,32
coarse,0.64,0.01847355342971136,0.014225137416349329,0.017549875758225794,0.003324738341876464,0.00016267167398541503,-8.243780092753747e-07,0.125,3.738064066070019,True,48,64,32
coarse,0.65,0.018475792993008073,0.014262539605106922,0.01755200334335767,0.003289463738250747,0.0001605202423045293,-9.72274660755447e-07,0.14583333333333334,3.715700377771198,True,48,64,32
coarse,0.66,0.018477990114824955,0.014301463603951351,0.0175540906090837,0.003252627005132354,0.00015825045852183576,-1.252629421978348e-06,0.14583333333333334,3.6936790345838215,True,48,64,32
coarse,0.67,0.01848014486974376,0.014341913818261576,0.017556137626256574,0.0032142238079949964,0.00015586059362189254,-1.6999345855273102e-06,0.16666666666666666,3.6719898978066148,True,48,64,32
coarse,0.68,0.018482257391421043,0.014383892890394568,0.01755814452184999,0.003174251631455424,0.00015334905475475883,-2.3386212874876375e-06,0.16666666666666666,3.650623299866705,True,48,64,32
coarse,0.69,0.018484327868669,0.014427401708215978,0.017560111475235552,0.0031327097670195724,0.000150714389355333,-3.0129314566251893e-06,0.16666666666666666,3.629570018399126,True,48,64,32
coarse,0.7,0.018486356541000455,0.014472439416480187,0.017562038713950436,0.003089599297470247,0.00014795528826805349,-5.0073752209034445e-06,0.1875,3.6088212521944905,True,48,64,32
coarse,0.71,0.018488343694372845,0.014519003432548763,0.0175639265096542,0.0030449230771054394,0.00014507058836658036,-6.267983685093182e-06,0.1875,3.588368598845384,True,48,64,32
coarse,0.72,0.01849028965581171,0.014567089467836764,0.017565775173021124,0.002998685705184361,0.0001420592733706205,-6.75763157719778e-06,0.22916666666666666,3.5682040339366137,True,48,64,32
coarse,0.73,0.018492194791837842,0.014616691556354366,0.017567585052245954,0.0029508934958915847,0.0001348924490369829,-7.2607088894860505e-06,0.25,3.5483198916460226,True,48,64,32
coarse,0.74,0.018494059506815992,0.014667802091472743,0.01756935653147519,0.0029015544400024496,0.00012006146423630952,-7.777179131825963e-06,0.25,3.528708846624087,True,48,64,32
coarse,0.75,0.018495884233666195,0.014720411871843553,0.017571090021982885,0.0028506781501393325,8.933527978892685e-05,-8.652452804511811e-06,0.2708333333333333,3.5093638970364553,True,48,64,32
coarse,0.76,0.018497669433531788,0.014774510157095883,0.017572785961855193,0.0027982758047593154,7.394634677266871e-05,-1.133948253148941e-05,0.2708333333333333,3.490278348680537,True,48,64,32
coarse,0.77,0.01849941559266713,0.01483008473364974,0.01757444481303377,0.0027443600793840305,5.166596173886704e-05,-1.449296407076583e-05,0.2916666666666667,3.4714458000725337,True,48,64,32
coarse,0.78,0.018501123219524424,0.014887121990623309,0.017576067058548202,0.0026889450679248943,5.049382750715867e-05,-5.6876240038302056e-05,0.3333333333333333,3.452860128424839,True,48,64,32
coarse,0.79,0.018502792842006344,0.014945607005523776,0.017577653199906024,0.00263204619438225,3.0036570447178313e-05,-7.04418073829238e-05,0.3541666666666667,3.434515476438497,True,48,64,32
coarse,0.8,0.018504425004920805,0.015005523639054533,0.017579203754674762,0.00257368011562023,2.8167910982324057e-05,-7.71590132369726e-05,0.375,3.4164062398427255,True,48,64,32
full-cutoff-finalist,0.34,0.01941866304765368,0.015047739516341047,0.018447729895270992,0.0033999903789299468,0.0001735370174119398,3.7583786183570346e-06,0.0,4.650584517896503,True,24,150,64
full-cutoff-finalist,0.35,0.01941414439756391,0.015051172899423398,0.018443437177685713,0.0033922642782623167,0.00017278645520619752,3.68949752172831e-06,0.0,4.6087643427564595,True,24,150,64
full-cutoff-finalist,0.33,0.01942291812231019,0.015044873714705318,0.018451772216194685,0.0034068985014893624,0.00017421265412842485,3.825060373670029e-06,0.0,4.693653238773344,True,24,150,64
full-cutoff-finalist,0.36,0.019409375624643066,0.015055237236008656,0.01843890684341091,0.0033836696074022563,0.0001719499779619715,3.444132707173239e-06,0.0,4.5681223586130075,True,24,150,64
full-cutoff-finalist,0.32,0.0194268971070111,0.015042513044590625,0.018455552251660547,0.003413039207069921,0.00017482463519420395,3.889731105159996e-06,0.0,4.7380473561634675,True,24,150,64
