fading_distribution,repetition,scheme,target_mean_T,sample_mean_T,sample_variance_T,deep_fade_probability_T_lt_0.1mean,epsilon,I_AB,chi_BE,beta_I_AB,K_raw_mean,K_raw_median,K_raw_p05,outage_probability,entropy,finite,channel_seed,awgn_seed
deterministic,0,MB-fixed,1.2115276586e-05,1.2115276585999999e-05,2.915412576444165e-42,0.0,0.025,1.74676427020376e-05,1.6016495482329418e-05,1.659426056693572e-05,5.777650846063014e-07,5.688632210620867e-07,2.612823008485403e-07,0.0,6.408923689874861,True,1250000,1250001
deterministic,0,MB-global-opt,1.2115276586e-05,1.2115276585999999e-05,2.915412576444165e-42,0.0,0.025,1.745950818263231e-05,1.578171546512408e-05,1.6586532773500694e-05,8.048173083766146e-07,7.353809522436788e-07,2.6010564136979974e-07,0.0,4.7380473561634675,True,1250000,1250001
deterministic,0,PS,1.2115276586e-05,1.2115276585999999e-05,2.915412576444165e-42,0.0,0.025,1.7467642703494768e-05,1.6016495482329418e-05,1.6594260568320027e-05,5.777650859906108e-07,5.688632235933973e-07,2.61282301818876e-07,0.0,6.408923689874859,True,1250000,1250001
deterministic,0,GS,1.2115276586e-05,1.2115276585999999e-05,2.915412576444165e-42,0.0,0.025,1.7477484431038803e-05,2.558754243286998e-05,1.660361020948686e-05,-8.983932223383118e-06,-8.978382319591028e-06,-9.125535111809137e-06,1.0,8.0,True,1250000,1250001
deterministic,0,PS+GS,1.2115276586e-05,1.2115276585999999e-05,2.915412576444165e-42,0.0,0.025,1.7467642425147978e-05,1.5973224624765692e-05,1.6594260303890575e-05,6.210356791248863e-07,6.121304934492138e-07,3.045490832587191e-07,0.0,6.408923689874859,True,1250000,1250001
beta_low_variance,0,MB-fixed,1.2115276586e-05,3.797466177899215e-09,8.778334082152813e-16,1.0,0.025,5.520748996845626e-09,5.31742444173644e-09,5.244711547003344e-09,-7.271289473309606e-11,-2.747135852132489e-13,-2.8529401063792656e-12,1.0,6.408923689874861,True,1260000,1260001
beta_low_variance,0,MB-global-opt,1.2115276586e-05,3.797466177899215e-09,8.778334082152813e-16,1.0,0.025,5.556541810003424e-09,5.224033341327816e-09,5.278714719503253e-09,5.4681378175436264e-11,-3.103972634477259e-11,-3.110182777987802e-11,0.984375,4.7380473561634675,True,1260000,1260001
beta_low_variance,0,PS,1.2115276586e-05,3.797466177899215e-09,8.778334082152813e-16,1.0,0.025,5.520750440135558e-09,5.31742444173644e-09,5.2447129181287784e-09,-7.271152360766083e-11,-2.7344793096517616e-13,-2.8529401063792656e-12,1.0,6.408923689874859,True,1260000,1260001
beta_low_variance,0,GS,1.2115276586e-05,3.797466177899215e-09,8.778334082152813e-16,1.0,0.025,5.4889319756057375e-09,9.173911130755386e-09,5.214485376825451e-09,-3.959425753929935e-09,-1.9742874002304237e-12,-2.136280707887294e-11,1.0,8.0,True,1260000,1260001
beta_low_variance,0,PS+GS,1.2115276586e-05,3.797466177899215e-09,8.778334082152813e-16,1.0,0.025,5.520748566634204e-09,5.300203165248263e-09,5.244711138302494e-09,-5.5492026945769613e-11,-2.6409985309783236e-13,-2.7733992880030206e-12,1.0,6.408923689874859,True,1260000,1260001
beta_medium_variance,0,MB-fixed,1.2115276586e-05,1.17784498608696e-12,2.0242457008813495e-24,1.0,0.025,1.6994600171571506e-12,1.9244363047565827e-12,1.614487016299293e-12,-3.0994928845728975e-13,-2.76401124210679e-13,-2.936140219844675e-13,1.0,6.408923689874861,True,1270000,1270001
beta_medium_variance,0,MB-global-opt,1.2115276586e-05,1.17784498608696e-12,2.0242457008813495e-24,1.0,0.025,-3.072063436970751e-11,1.878119187948002e-12,-2.9184602651222136e-11,-3.106272183917014e-11,-3.103424184303094e-11,-3.1078497553238546e-11,1.0,4.7380473561634675,True,1270000,1270001
beta_medium_variance,0,PS,1.2115276586e-05,1.17784498608696e-12,2.0242457008813495e-24,1.0,0.025,1.7008200403623164e-12,1.9244363047565827e-12,1.6157790383442005e-12,-3.086572664123822e-13,-2.76401124210679e-13,-2.9277025248575233e-13,1.0,6.408923689874859,True,1270000,1270001
beta_medium_variance,0,GS,1.2115276586e-05,1.17784498608696e-12,2.0242457008813495e-24,1.0,0.025,1.6994600171571506e-12,3.900584716332034e-12,1.6144870162992929e-12,-2.286097700032741e-12,-1.971756091734278e-12,-1.9851298382889126e-12,1.0,8.0,True,1270000,1270001
beta_medium_variance,0,PS+GS,1.2115276586e-05,1.17784498608696e-12,2.0242457008813495e-24,1.0,0.025,1.7008200403623164e-12,1.9134624440475534e-12,1.6157790383442005e-12,-2.976834057033529e-13,-2.6663116159397764e-13,-2.827471590194364e-13,1.0,6.408923689874859,True,1270000,1270001
beta_high_variance,0,MB-fixed,1.2115276586e-05,1e-12,0.0,1.0,0.025,1.443178909710241e-12,1.6424639426304566e-12,1.3710199642247289e-12,-2.7144397840572773e-13,-2.7133850721838826e-13,-2.932765141849814e-13,1.0,6.408923689874861,True,1280000,1280001
beta_high_variance,0,MB-global-opt,1.2115276586e-05,1e-12,0.0,1.0,0.025,-3.097734568857646e-11,1.602717958348876e-12,-2.942847840414764e-11,-3.103119636249651e-11,-3.103255430403351e-11,-3.106951140807723e-11,1.0,4.7380473561634675,True,1280000,1280001
beta_high_variance,0,PS,1.2115276586e-05,1e-12,0.0,1.0,0.025,1.444525055127599e-12,1.6424639426304566e-12,1.3722988023712189e-12,-2.701651402592376e-13,-2.704947377196733e-13,-2.9217961383665173e-13,1.0,6.408923689874859,True,1280000,1280001
beta_high_variance,0,GS,1.2115276586e-05,1e-12,0.0,1.0,0.025,1.4435674877688598e-12,3.3428815271463463e-12,1.3713891133804168e-12,-1.9714924137659295e-12,-1.971756091734278e-12,-1.9852564037137198e-12,1.0,8.0,True,1280000,1280001
beta_high_variance,0,PS+GS,1.2115276586e-05,1e-12,0.0,1.0,0.025,1.4446221996422537e-12,1.6326939800137552e-12,1.3723910896601408e-12,-2.603028903536143e-13,-2.607247751029719e-13,-2.831268552938582e-13,1.0,6.408923689874859,True,1280000,1280001
deep_fade_mixture,0,MB-fixed,1.2115276586e-05,1.3104690840523332e-05,3.878469294232846e-11,0.1875,0.025,1.891320993509249e-05,1.7256221898589996e-05,1.7967549438337864e-05,7.113275397478682e-07,8.113126364950305e-07,-1.1169940377087093e-08,0.1875,6.408923689874861,True,1290000,1290001
deep_fade_mixture,0,MB-global-opt,1.2115276586e-05,1.3104690840523332e-05,3.878469294232846e-11,0.1875,0.025,1.893512953465848e-05,1.7006816309506068e-05,1.7988373057925552e-05,9.81556748419487e-07,1.1107727760029104e-06,-7.609915986250847e-09,0.125,4.7380473561634675,True,1290000,1290001
deep_fade_mixture,0,PS,1.2115276586e-05,1.3104690840523332e-05,3.878469294232846e-11,0.1875,0.025,1.8913209936383124e-05,1.7256221898589996e-05,1.7967549439563968e-05,7.113275409739707e-07,8.113126373388006e-07,-1.116993809890943e-08,0.1875,6.408923689874859,True,1290000,1290001
deep_fade_mixture,0,GS,1.2115276586e-05,1.3104690840523332e-05,3.878469294232846e-11,0.1875,0.025,1.891000902425055e-05,2.7412175366753333e-05,1.7964508573038022e-05,-9.447666793715311e-06,-1.1515873973544367e-05,-1.1756381610965594e-05,1.0,8.0,True,1290000,1290001
deep_fade_mixture,0,PS+GS,1.2115276586e-05,1.3104690840523332e-05,3.878469294232846e-11,0.1875,0.025,1.8913211060567203e-05,1.7210257059974143e-05,1.796755050753884e-05,7.572934475646983e-07,8.676365094828487e-07,-1.0077836520849825e-08,0.1875,6.408923689874859,True,1290000,1290001
lognormal_heavy_tail,0,MB-fixed,1.2115276586e-05,1.2115276586000002e-05,2.879314155230429e-10,0.078125,0.025,1.749525628307047e-05,1.5868769006666117e-05,1.6620493468916947e-05,7.517244622508294e-07,1.8701323054592882e-07,-3.957497807238826e-09,0.125,6.408923689874861,True,1300000,1300001
lognormal_heavy_tail,0,MB-global-opt,1.2115276586e-05,1.2115276586000002e-05,2.879314155230429e-10,0.078125,0.025,1.7601815118659103e-05,1.564381726873454e-05,1.6721724362726147e-05,1.0779070939916082e-06,3.8968724636045906e-07,1.3480003695498394e-08,0.015625,4.7380473561634675,True,1300000,1300001
lognormal_heavy_tail,0,PS,1.2115276586e-05,1.2115276586000002e-05,2.879314155230429e-10,0.078125,0.025,1.7495256284250083e-05,1.5868769006693872e-05,1.6620493470037575e-05,7.517244633437053e-07,1.8701323181158324e-07,-3.957497680673363e-09,0.125,6.408923689874859,True,1300000,1300001
lognormal_heavy_tail,0,GS,1.2115276586e-05,1.2115276586000002e-05,2.879314155230429e-10,0.078125,0.025,1.7486571070618462e-05,2.501468854852404e-05,1.6612242517087537e-05,-8.4024460314365e-06,-4.6010944777963305e-06,-2.3990608425918936e-05,1.0,8.0,True,1300000,1300001
lognormal_heavy_tail,0,PS+GS,1.2115276586e-05,1.2115276586000002e-05,2.879314155230429e-10,0.078125,0.025,1.7495257054606084e-05,1.5827312922513798e-05,1.662049420187578e-05,7.931812793619812e-07,2.057015282330709e-07,9.935851008612666e-10,0.046875,6.408923689874859,True,1300000,1300001
deterministic,1,MB-fixed,1.2115276586e-05,1.2115276585999999e-05,2.915412576444165e-42,0.0,0.025,1.7499156509073743e-05,1.6016495482329418e-05,1.6624198683620055e-05,6.077032012906372e-07,5.914559830344491e-07,3.493179073243962e-07,0.0,6.408923689874861,True,1250001,1250002
deterministic,1,MB-global-opt,1.2115276586e-05,1.2115276585999999e-05,2.915412576444165e-42,0.0,0.025,1.7485863763128107e-05,1.578171546512408e-05,1.66115705749717e-05,8.298551098476208e-07,8.088625964131059e-07,3.417979013131673e-07,0.0,4.7380473561634675,True,1250001,1250002
deterministic,1,PS,1.2115276586e-05,1.2115276585999999e-05,2.915412576444165e-42,0.0,0.025,1.7499156510503155e-05,1.6016495482329418e-05,1.6624198684977998e-05,6.077032026485789e-07,5.914559834563342e-07,3.493179096025757e-07,0.0,6.408923689874859,True,1250001,1250002
deterministic,1,GS,1.2115276586e-05,1.2115276585999999e-05,2.915412576444165e-42,0.0,0.025,1.7484028254494133e-05,2.558754243286998e-05,1.6609826841769426e-05,-8.977715591100555e-06,-8.9654151585572e-06,-9.172200193290347e-06,1.0,8.0,True,1250001,1250002
deterministic,1,PS+GS,1.2115276586e-05,1.2115276585999999e-05,2.915412576444165e-42,0.0,0.025,1.749915729055973e-05,1.5973224624765692e-05,1.6624199426031745e-05,6.509748012660515e-07,6.347164769993075e-07,3.92590447828578e-07,0.0,6.408923689874859,True,1250001,1250002
beta_low_variance,1,MB-fixed,1.2115276586e-05,4.947787347684243e-05,1.5555828157822673e-07,0.953125,0.025,7.163081705777175e-05,5.995591047804755e-05,6.804927620488314e-05,8.093365726835601e-06,-2.7344793096517616e-13,-1.2745660082913446e-11,0.953125,6.408923689874861,True,1260001,1260002
beta_low_variance,1,MB-global-opt,1.2115276586e-05,4.947787347684243e-05,1.5555828157822673e-07,0.953125,0.025,7.251476180208938e-05,5.935100768708276e-05,6.88890237119849e-05,9.53801602490214e-06,-3.103213241928415e-11,-4.104542705718472e-11,0.953125,4.7380473561634675,True,1260001,1260002
beta_low_variance,1,PS,1.2115276586e-05,4.947787347684243e-05,1.5555828157822673e-07,0.953125,0.025,7.163081705927055e-05,5.995591047804755e-05,6.804927620630701e-05,8.093365728259472e-06,-2.7133850721838826e-13,-1.2744099109340828e-11,0.953125,6.408923689874859,True,1260001,1260002
beta_low_variance,1,GS,1.2115276586e-05,4.947787347684243e-05,1.5555828157822673e-07,0.953125,0.025,7.11511349868188e-05,8.372980678489697e-05,6.759357823747785e-05,-1.613622854741912e-05,-1.9742874002304237e-12,-1.7542447131591027e-07,1.0,8.0,True,1260001,1260002
beta_low_variance,1,PS+GS,1.2115276586e-05,4.947787347684243e-05,1.5555828157822673e-07,0.953125,0.025,7.16307969857305e-05,5.984454703596154e-05,6.804925713644396e-05,8.204710100482433e-06,-2.615685446016869e-13,-1.2313148278764179e-11,0.953125,6.408923689874859,True,1260001,1260002
beta_medium_variance,1,MB-fixed,1.2115276586e-05,1e-12,0.0,1.0,0.025,1.441388675083033e-12,1.6424639426304566e-12,1.3693192413288812e-12,-2.7314470130157543e-13,-2.742917004638913e-13,-2.907452056888361e-13,1.0,6.408923689874861,True,1270001,1270002
beta_medium_variance,1,MB-global-opt,1.2115276586e-05,1e-12,0.0,1.0,0.025,-3.0977012621669076e-11,1.602717958348876e-12,-2.942816199058562e-11,-3.1030879948934495e-11,-3.1030866765036075e-11,-3.106630508398211e-11,1.0,4.7380473561634675,True,1270001,1270002
beta_medium_variance,1,PS,1.2115276586e-05,1e-12,0.0,1.0,0.025,1.4429152317418925e-12,1.6424639426304566e-12,1.3707694701547978e-12,-2.716944724756588e-13,-2.7386981571453374e-13,-2.896483053405064e-13,1.0,6.408923689874859,True,1270001,1270002
beta_medium_variance,1,GS,1.2115276586e-05,1e-12,0.0,1.0,0.025,1.44280420943943e-12,3.3428815271463463e-12,1.3706639989674585e-12,-1.972217528178888e-12,-1.9734436307317083e-12,-1.9825985297927677e-12,1.0,8.0,True,1270001,1270002
beta_medium_variance,1,PS+GS,1.2115276586e-05,1e-12,0.0,1.0,0.025,1.4428597205906613e-12,1.6326939800137552e-12,1.370716734561128e-12,-2.6197724545262713e-13,-2.6409985309783236e-13,-2.79878342723805e-13,1.0,6.408923689874859,True,1270001,1270002
beta_high_variance,1,MB-fixed,1.2115276586e-05,1e-12,0.0,1.0,0.025,1.4426099204101206e-12,1.6424639426304566e-12,1.3704794243896143e-12,-2.719845182408421e-13,-2.7386981571453374e-13,-2.9314994876017414e-13,1.0,6.408923689874861,True,1280001,1280002
beta_high_variance,1,MB-global-opt,1.2115276586e-05,1e-12,0.0,1.0,0.025,-3.0973404396839044e-11,1.602717958348876e-12,-2.942473417699709e-11,-3.1027452135345965e-11,-3.102917922603865e-11,-3.106377377548597e-11,1.0,4.7380473561634675,True,1280001,1280002
beta_high_variance,1,PS,1.2115276586e-05,1e-12,0.0,1.0,0.025,1.4440393325543255e-12,1.6424639426304566e-12,1.371837365926609e-12,-2.706265767038475e-13,-2.730260462158186e-13,-2.928968179105596e-13,1.0,6.408923689874859,True,1280001,1280002
beta_high_variance,1,GS,1.2115276586e-05,1e-12,0.0,1.0,0.025,1.4432899320127035e-12,3.3428815271463463e-12,1.3711254354120683e-12,-1.971756091734278e-12,-1.970912322235563e-12,-1.985973607787628e-12,1.0,8.0,True,1280001,1280002
beta_high_variance,1,PS+GS,1.2115276586e-05,1e-12,0.0,1.0,0.025,1.4441919882202114e-12,1.6326939800137552e-12,1.3719823888092009e-12,-2.607115912045544e-13,-2.632560835991172e-13,-2.831268552938582e-13,1.0,6.408923689874859,True,1280001,1280002
deep_fade_mixture,1,MB-fixed,1.2115276586e-05,1.1125862331476665e-05,5.469636184174527e-11,0.3125,0.025,1.6028243761304073e-05,1.4653532872707653e-05,1.5226831573238867e-05,5.732987005312155e-07,7.292439109018986e-07,-1.0576581372934169e-08,0.3125,6.408923689874861,True,1290001,1290002
deep_fade_mixture,1,MB-global-opt,1.2115276586e-05,1.1125862331476665e-05,5.469636184174527e-11,0.3125,0.025,1.6030201765174223e-05,1.4441586196622946e-05,1.522869167691551e-05,7.871054802925651e-07,9.468626418041016e-07,-9.085477894466026e-09,0.21875,4.7380473561634675,True,1290001,1290002
deep_fade_mixture,1,PS,1.2115276586e-05,1.1125862331476665e-05,5.469636184174527e-11,0.3125,0.025,1.6028243762594707e-05,1.4653532872707653e-05,1.5226831574464971e-05,5.732987017573179e-07,7.292439121675522e-07,-1.0576579811960616e-08,0.3125,6.408923689874859,True,1290001,1290002
deep_fade_mixture,1,GS,1.2115276586e-05,1.1125862331476665e-05,5.469636184174527e-11,0.3125,0.025,1.6045633689440453e-05,2.3284646840399104e-05,1.524335200496843e-05,-8.041294835430673e-06,-1.1530266246073675e-05,-1.1736246030651377e-05,1.0,8.0,True,1290001,1290002
deep_fade_mixture,1,PS+GS,1.2115276586e-05,1.1125862331476665e-05,5.469636184174527e-11,0.3125,0.025,1.6028247172533705e-05,1.4614471549323493e-05,1.522683481390702e-05,6.123632645835256e-07,7.855554159164044e-07,-9.484422924810363e-09,0.296875,6.408923689874859,True,1290001,1290002
lognormal_heavy_tail,1,MB-fixed,1.2115276586e-05,1.2115276586000002e-05,2.4346597007425313e-10,0.0625,0.025,1.739559944458069e-05,1.587641422923919e-05,1.6525819472351652e-05,6.494052431124659e-07,1.9280685390476953e-07,8.1862237211182e-10,0.03125,6.408923689874861,True,1300001,1300002
lognormal_heavy_tail,1,MB-global-opt,1.2115276586e-05,1.2115276586000002e-05,2.4346597007425313e-10,0.0625,0.025,1.730451996134752e-05,1.5650955658086385e-05,1.6439293963280143e-05,7.883383051937579e-07,3.079051514420777e-07,2.230889296850307e-08,0.0,4.7380473561634675,True,1300001,1300002
lognormal_heavy_tail,1,PS,1.2115276586e-05,1.2115276586000002e-05,2.4346597007425313e-10,0.0625,0.025,1.739559944589908e-05,1.587641422923919e-05,1.6525819473604123e-05,6.494052443649363e-07,1.928068560141937e-07,8.186234690121017e-10,0.03125,6.408923689874859,True,1300001,1300002
lognormal_heavy_tail,1,GS,1.2115276586e-05,1.2115276586000002e-05,2.4346597007425313e-10,0.0625,0.025,1.749167546027941e-05,2.5044258112377066e-05,1.661709168726544e-05,-8.427166425111626e-06,-4.50759038814752e-06,-3.2423405502302056e-05,1.0,8.0,True,1300001,1300002
lognormal_heavy_tail,1,PS+GS,1.2115276586e-05,1.2115276586000002e-05,2.4346597007425313e-10,0.0625,0.025,1.739559911648203e-05,1.583486455983968e-05,1.6525819160657927e-05,6.909546008182493e-07,2.157759211529605e-07,4.666725206270344e-09,0.03125,6.408923689874859,True,1300001,1300002
deterministic,2,MB-fixed,1.2115276586e-05,1.2115276585999999e-05,2.915412576444165e-42,0.0,0.025,1.7500422389488124e-05,1.6016495482329418e-05,1.6625401270013715e-05,6.08905787684299e-07,5.939558442413774e-07,3.293231752587992e-07,0.0,6.408923689874861,True,1250002,1250003
deterministic,2,MB-global-opt,1.2115276586e-05,1.2115276585999999e-05,2.915412576444165e-42,0.0,0.025,1.7449161092877863e-05,1.578171546512408e-05,1.657670303823397e-05,7.949875731098891e-07,8.158726768625596e-07,1.828116845592474e-07,0.0,4.7380473561634675,True,1250002,1250003
deterministic,2,PS,1.2115276586e-05,1.2115276585999999e-05,2.915412576444165e-42,0.0,0.025,1.750042239095917e-05,1.6016495482329418e-05,1.662540127141121e-05,6.089057890817922e-07,5.939558459289177e-07,3.2932317694633953e-07,0.0,6.408923689874859,True,1250002,1250003
deterministic,2,GS,1.2115276586e-05,1.2115276585999999e-05,2.915412576444165e-42,0.0,0.025,1.750097563378572e-05,2.558754243286998e-05,1.6625926852096433e-05,-8.961615580773548e-06,-8.962121634259468e-06,-9.062797879089145e-06,1.0,8.0,True,1250002,1250003
deterministic,2,PS+GS,1.2115276586e-05,1.2115276585999999e-05,2.915412576444165e-42,0.0,0.025,1.7500421253049958e-05,1.5973224624765692e-05,1.662540019039746e-05,6.521755656317676e-07,6.372298376744467e-07,3.72593562252275e-07,0.0,6.408923689874859,True,1250002,1250003
beta_low_variance,2,MB-fixed,1.2115276586e-05,2.112204821850593e-05,2.7474174595458892e-08,0.96875,0.025,3.0487180817537207e-05,2.600630556772593e-05,2.8962821776660346e-05,2.9565162089344157e-06,-2.76401124210679e-13,-2.9542812640670506e-13,0.96875,6.408923689874861,True,1260002,1260003
beta_low_variance,2,MB-global-opt,1.2115276586e-05,2.112204821850593e-05,2.7474174595458892e-08,0.96875,0.025,3.087242774328647e-05,2.572307747448002e-05,2.9328806356122144e-05,3.605728881642121e-06,-3.102917922603865e-11,-3.1096722974410796e-11,0.96875,4.7380473561634675,True,1260002,1260003
beta_low_variance,2,PS,1.2115276586e-05,2.112204821850593e-05,2.7474174595458892e-08,0.96875,0.025,3.048718081882784e-05,2.600630556772593e-05,2.8962821777886453e-05,2.956516210160518e-06,-2.7555735471196395e-13,-2.9504843013228325e-13,0.96875,6.408923689874859,True,1260002,1260003
beta_low_variance,2,GS,1.2115276586e-05,2.112204821850593e-05,2.7474174595458892e-08,0.96875,0.025,3.01649303762197e-05,3.723772963471969e-05,2.8656683857408714e-05,-8.581045777310978e-06,-1.974709284979781e-12,-1.498651109876902e-08,1.0,8.0,True,1260002,1260003
beta_low_variance,2,PS+GS,1.2115276586e-05,2.112204821850593e-05,2.7474174595458892e-08,0.96875,0.025,3.0487171222559617e-05,2.59541490626701e-05,2.8962812661431633e-05,3.0086635987615343e-06,-2.657873920952626e-13,-2.8527846751558187e-13,0.96875,6.408923689874859,True,1260002,1260003
beta_medium_variance,2,MB-fixed,1.2115276586e-05,1e-12,0.0,1.0,0.025,1.4402506964827921e-12,1.6424639426304566e-12,1.3682381616586525e-12,-2.742257809718041e-13,-2.730260462158186e-13,-3.002376125493811e-13,1.0,6.408923689874861,True,1270002,1270003
beta_medium_variance,2,MB-global-opt,1.2115276586e-05,1e-12,0.0,1.0,0.025,-3.0978719589569437e-11,1.602717958348876e-12,-2.9429783610090964e-11,-3.103250156843983e-11,-3.103381995828158e-11,-3.107870849561323e-11,1.0,4.7380473561634675,True,1270002,1270003
beta_medium_variance,2,PS,1.2115276586e-05,1e-12,0.0,1.0,0.025,1.4416939864148048e-12,1.6424639426304566e-12,1.3696092870940646e-12,-2.728546555363921e-13,-2.7133850721838826e-13,-3.0011104712457385e-13,1.0,6.408923689874859,True,1270002,1270003
beta_medium_variance,2,GS,1.2115276586e-05,1e-12,0.0,1.0,0.025,1.4434148321029738e-12,3.3428815271463463e-12,1.371244090497825e-12,-1.9716374366485214e-12,-1.971756091734278e-12,-1.982725095217575e-12,1.0,8.0,True,1270002,1270003
beta_medium_variance,2,PS+GS,1.2115276586e-05,1e-12,0.0,1.0,0.025,1.441680108626997e-12,1.6326939800137552e-12,1.369596103195647e-12,-2.630978768181081e-13,-2.615685446016869e-13,-2.8890667636005686e-13,1.0,6.408923689874859,True,1270002,1270003
beta_high_variance,2,MB-fixed,1.2115276586e-05,1e-12,0.0,1.0,0.025,1.4425266536832737e-12,1.6424639426304566e-12,1.3704003209991098e-12,-2.7206362163134666e-13,-2.7133850721838826e-13,-2.9795943490285033e-13,1.0,6.408923689874861,True,1280002,1280003
beta_high_variance,2,MB-global-opt,1.2115276586e-05,1e-12,0.0,1.0,0.025,-3.098074574658938e-11,1.602717958348876e-12,-2.943170845925991e-11,-3.1034426417608786e-11,-3.103508561252965e-11,-3.1084699259054107e-11,1.0,4.7380473561634675,True,1280002,1280003
beta_high_variance,2,PS,1.2115276586e-05,1e-12,0.0,1.0,0.025,1.4438034101615926e-12,1.6424639426304566e-12,1.371613239653513e-12,-2.7085070297694366e-13,-2.704947377196733e-13,-2.9627189590542e-13,1.0,6.408923689874859,True,1280002,1280003
beta_high_variance,2,GS,1.2115276586e-05,1e-12,0.0,1.0,0.025,1.44445566618856e-12,3.3428815271463463e-12,1.3722328828791318e-12,-1.9706486442672146e-12,-1.970912322235563e-12,-1.9801937867214292e-12,1.0,8.0,True,1280002,1280003
beta_high_variance,2,PS+GS,1.2115276586e-05,1e-12,0.0,1.0,0.025,1.4438866768884395e-12,1.6326939800137552e-12,1.3716923430440174e-12,-2.610016369697378e-13,-2.607247751029719e-13,-2.863753678639114e-13,1.0,6.408923689874859,True,1280002,1280003
deep_fade_mixture,2,MB-fixed,1.2115276586e-05,1.3846751531415834e-05,3.076670353598171e-11,0.140625,0.025,1.994408994085428e-05,1.8232230283295875e-05,1.8946885443811565e-05,7.146551605156915e-07,7.744082123561921e-07,-6.499583049546252e-09,0.140625,6.408923689874861,True,1290002,1290003
deep_fade_mixture,2,MB-global-opt,1.2115276586e-05,1.3846751531415834e-05,3.076670353598171e-11,0.140625,0.025,1.9925669557580017e-05,1.7968777601837238e-05,1.8929386079701013e-05,9.60608477863777e-07,1.0018668177735866e-06,-1.6287318604923826e-09,0.0625,4.7380473561634675,True,1290002,1290003
deep_fade_mixture,2,PS,1.2115276586e-05,1.3846751531415834e-05,3.076670353598171e-11,0.140625,0.025,1.9944089942450227e-05,1.8232230283295875e-05,1.8946885445327713e-05,7.146551620318396e-07,7.744082140437307e-07,-6.4995812354418e-09,0.140625,6.408923689874859,True,1290002,1290003
deep_fade_mixture,2,GS,1.2115276586e-05,1.3846751531415834e-05,3.076670353598171e-11,0.140625,0.025,1.996289248931693e-05,2.895999856413617e-05,1.8964747864851085e-05,-9.995250699285087e-06,-1.1580736512706303e-05,-1.1749997808090387e-05,1.0,8.0,True,1290002,1290003
deep_fade_mixture,2,PS+GS,1.2115276586e-05,1.3846751531415834e-05,3.076670353598171e-11,0.140625,0.025,1.9944090421761262e-05,1.8183676626468137e-05,1.8946885900673198e-05,7.632092742050612e-07,8.307334370627469e-07,-5.407902639031906e-09,0.140625,6.408923689874859,True,1290002,1290003
lognormal_heavy_tail,2,MB-fixed,1.2115276586e-05,1.2115276586000002e-05,3.248349993230226e-10,0.171875,0.025,1.747401971836926e-05,1.584166904251838e-05,1.6600318732450796e-05,7.586496899324162e-07,1.9475319075201623e-07,-1.1186289035070075e-08,0.1875,6.408923689874861,True,1300002,1300003
lognormal_heavy_tail,2,MB-global-opt,1.2115276586e-05,1.2115276586000002e-05,3.248349993230226e-10,0.171875,0.025,1.741778505452707e-05,1.561852124447663e-05,1.6546895801800716e-05,9.283745573240843e-07,2.7509282158888465e-07,-4.731601033203287e-09,0.0625,4.7380473561634675,True,1300002,1300003
lognormal_heavy_tail,2,PS,1.2115276586e-05,1.2115276586000002e-05,3.248349993230226e-10,0.171875,0.025,1.7474019719576628e-05,1.584166904251144e-05,1.6600318733597794e-05,7.586496910863541e-07,1.9475319243955574e-07,-1.1186286756892404e-08,0.1875,6.408923689874859,True,1300002,1300003
lognormal_heavy_tail,2,GS,1.2115276586e-05,1.2115276586000002e-05,3.248349993230226e-10,0.171875,0.025,1.749768503148119e-05,2.4909558783283575e-05,1.662280077990713e-05,-8.286758003376445e-06,-4.600051723735455e-06,-2.7675731511673797e-05,1.0,8.0,True,1300002,1300003
lognormal_heavy_tail,2,PS+GS,1.2115276586e-05,1.2115276586000002e-05,3.248349993230226e-10,0.171875,0.025,1.7474026050984248e-05,1.5800546052768816e-05,1.6600324748435036e-05,7.997786956662189e-07,2.203424681823659e-07,-7.692237147249911e-09,0.171875,6.408923689874859,True,1300002,1300003
deterministic,3,MB-fixed,1.2115276586e-05,1.2115276585999999e-05,2.915412576444165e-42,0.0,0.025,1.744010009978314e-05,1.6016495482329418e-05,1.6568095094793982e-05,5.515996124645643e-07,5.566916000843129e-07,2.4978482896065145e-07,0.0,6.408923689874861,True,1250003,1250004
deterministic,3,MB-global-opt,1.2115276586e-05,1.2115276585999999e-05,2.915412576444165e-42,0.0,0.025,1.7410127889957994e-05,1.578171546512408e-05,1.6539621495460095e-05,7.579060303360134e-07,7.575106657498037e-07,3.188498235751051e-07,0.0,4.7380473561634675,True,1250003,1250004
deterministic,3,PS,1.2115276586e-05,1.2115276585999999e-05,2.915412576444165e-42,0.0,0.025,1.7440100101004385e-05,1.6016495482329418e-05,1.6568095095954163e-05,5.515996136247475e-07,5.566916009280831e-07,2.497848307747568e-07,0.0,6.408923689874859,True,1250003,1250004
deterministic,3,GS,1.2115276586e-05,1.2115276585999999e-05,2.915412576444165e-42,0.0,0.025,1.7451866030290808e-05,2.558754243286998e-05,1.6579272728776268e-05,-9.008269704093715e-06,-9.014563252729424e-06,-9.204283169756966e-06,1.0,8.0,True,1250003,1250004
deterministic,3,PS+GS,1.2115276586e-05,1.2115276585999999e-05,2.915412576444165e-42,0.0,0.025,1.744009928644763e-05,1.5973224624765692e-05,1.6568094322125246e-05,5.948696973595564e-07,5.999580514837157e-07,2.9303996587515287e-07,0.0,6.408923689874859,True,1250003,1250004
beta_low_variance,3,MB-fixed,1.2115276586e-05,9.009586203328105e-06,5.191735169809214e-09,0.984375,0.025,1.301033722063416e-05,1.1231155108131635e-05,1.2359820359602454e-05,1.1286652514708164e-06,-2.76401124210679e-13,-1.4247429902525255e-11,0.984375,6.408923689874861,True,1260003,1260004
beta_low_variance,3,MB-global-opt,1.2115276586e-05,9.009586203328105e-06,5.191735169809214e-09,0.984375,0.025,1.3127101082241466e-05,1.110153892142779e-05,1.2470746028129391e-05,1.369207106701603e-06,-3.103719503627644e-11,-4.32033520070263e-11,0.984375,4.7380473561634675,True,1260003,1260004
beta_low_variance,3,PS,1.2115276586e-05,9.009586203328105e-06,5.191735169809214e-09,0.984375,0.025,1.301033722214684e-05,1.1231155108131635e-05,1.2359820361039497e-05,1.1286652529078614e-06,-2.747135852132489e-13,-1.4246586133026543e-11,0.984375,6.408923689874859,True,1260003,1260004
beta_low_variance,3,GS,1.2115276586e-05,9.009586203328105e-06,5.191735169809214e-09,0.984375,0.025,1.2976293811056694e-05,1.6402992808420974e-05,1.2327479120503858e-05,-4.075513687917115e-06,-1.974709284979781e-12,-2.4728361780468325e-09,1.0,8.0,True,1260003,1260004
beta_low_variance,3,PS+GS,1.2115276586e-05,9.009586203328105e-06,5.191735169809214e-09,0.984375,0.025,1.3010327211820938e-05,1.1207281851714768e-05,1.2359810851229893e-05,1.1525289995151225e-06,-2.657873920952626e-13,-1.3775351970224395e-11,0.984375,6.408923689874859,True,1260003,1260004
beta_medium_variance,3,MB-fixed,1.2115276586e-05,1.1646688139428292e-10,8.418447126716877e-19,1.0,0.025,1.6579035366781625e-10,1.7097741972227354e-10,1.5750083598442547e-10,-1.3476583737848095e-11,-2.6965096822095814e-13,-3.044564600429567e-13,1.0,6.408923689874861,True,1270003,1270004
beta_medium_variance,3,MB-global-opt,1.2115276586e-05,1.1646688139428292e-10,8.418447126716877e-19,1.0,0.025,1.3527094722132205e-10,1.6758788454196427e-10,1.2850739986025595e-10,-3.908048468170833e-11,-3.1031710534534794e-11,-3.109444479676426e-11,1.0,4.7380473561634675,True,1270003,1270004
beta_medium_variance,3,PS,1.2115276586e-05,1.1646688139428292e-10,8.418447126716877e-19,1.0,0.025,1.6579179695774826e-10,1.7097741972227354e-10,1.5750220710986087e-10,-1.3475212612412694e-11,-2.68807198722243e-13,-3.026423556207193e-13,1.0,6.408923689874859,True,1270003,1270004
beta_medium_variance,3,GS,1.2115276586e-05,1.1646688139428292e-10,8.418447126716877e-19,1.0,0.025,1.6725833218433905e-10,3.119990203692691e-10,1.5889541557512212e-10,-1.5310360479414693e-10,-1.970912322235563e-12,-1.988125220009351e-12,1.0,8.0,True,1270003,1270004
beta_medium_variance,3,PS+GS,1.2115276586e-05,1.1646688139428292e-10,8.418447126716877e-19,1.0,0.025,1.6579176920217265e-10,1.7034986962705112e-10,1.5750218074206403e-10,-1.2847688884987118e-11,-2.590372361055416e-13,-2.928723930040179e-13,1.0,6.408923689874859,True,1270003,1270004
beta_high_variance,3,MB-fixed,1.2115276586e-05,1e-12,0.0,1.0,0.025,1.4461903896645367e-12,1.6424639426304566e-12,1.37388087018131e-12,-2.6858307244914676e-13,-2.68807198722243e-13,-2.880873317678834e-13,1.0,6.408923689874861,True,1280003,1280004
beta_high_variance,3,MB-global-opt,1.2115276586e-05,1e-12,0.0,1.0,0.025,-3.09719055957558e-11,1.602717958348876e-12,-2.942331031596801e-11,-3.102602827431688e-11,-3.1026647917542506e-11,-3.1066009764657564e-11,1.0,4.7380473561634675,True,1280003,1280004
beta_high_variance,3,PS,1.2115276586e-05,1e-12,0.0,1.0,0.025,1.447522657294087e-12,1.6424639426304566e-12,1.3751465244293826e-12,-2.673174182010741e-13,-2.6711965972481276e-13,-2.8699043141955387e-13,1.0,6.408923689874859,True,1280003,1280004
beta_high_variance,3,GS,1.2115276586e-05,1e-12,0.0,1.0,0.025,1.4437895323737848e-12,3.3428815271463463e-12,1.3716000557550955e-12,-1.971281471391251e-12,-1.970912322235563e-12,-1.984412634215005e-12,1.0,8.0,True,1280003,1280004
beta_high_variance,3,PS+GS,1.2115276586e-05,1e-12,0.0,1.0,0.025,1.447592046233126e-12,1.6326939800137552e-12,1.3752124439214697e-12,-2.574815360922856e-13,-2.5650592760939633e-13,-2.7734703422765975e-13,1.0,6.408923689874859,True,1280003,1280004
deep_fade_mixture,3,MB-fixed,1.2115276586e-05,1.3104690840523332e-05,3.878469294232846e-11,0.1875,0.025,1.88786031281446e-05,1.7256221898589996e-05,1.7934672971737366e-05,6.784510731473723e-07,7.814643896208992e-07,-6.6208036164638775e-09,0.15625,6.408923689874861,True,1290003,1290004
deep_fade_mixture,3,MB-global-opt,1.2115276586e-05,1.3104690840523332e-05,3.878469294232846e-11,0.1875,0.025,1.881749307444669e-05,1.7006816309506068e-05,1.7876618420724355e-05,8.698021112182865e-07,9.533919698156962e-07,-1.6393145441107119e-09,0.0625,4.7380473561634675,True,1290003,1290004
deep_fade_mixture,3,PS,1.2115276586e-05,1.3104690840523332e-05,3.878469294232846e-11,0.1875,0.025,1.8878603129490745e-05,1.7256221898589996e-05,1.793467297301621e-05,6.784510744262107e-07,7.81464391730323e-07,-6.620802182055748e-09,0.15625,6.408923689874859,True,1290003,1290004
deep_fade_mixture,3,GS,1.2115276586e-05,1.3104690840523332e-05,3.878469294232846e-11,0.1875,0.025,1.893073951396429e-05,2.7412175366753333e-05,1.7984202538266075e-05,-9.427972828487258e-06,-1.1526936016537095e-05,-1.172462834354793e-05,1.0,8.0,True,1290003,1290004
deep_fade_mixture,3,PS+GS,1.2115276586e-05,1.3104690840523332e-05,3.878469294232846e-11,0.1875,0.025,1.8878604535227383e-05,1.7210257059974143e-05,1.7934674308466013e-05,7.244172484918699e-07,8.377765029932126e-07,-5.528943904931096e-09,0.15625,6.408923689874859,True,1290003,1290004
lognormal_heavy_tail,3,MB-fixed,1.2115276586e-05,1.2115276585999999e-05,3.1007725274661557e-10,0.078125,0.025,1.745116478127362e-05,1.5857288357502136e-05,1.6578606542209937e-05,7.213181847078022e-07,2.0739567312411044e-07,-1.6224547629839713e-08,0.109375,6.408923689874861,True,1300003,1300004
lognormal_heavy_tail,3,MB-global-opt,1.2115276586e-05,1.2115276585999999e-05,3.1007725274661557e-10,0.078125,0.025,1.7442396894370993e-05,1.5633100444657072e-05,1.657027704965244e-05,9.371766049953702e-07,3.0766116001501595e-07,-5.538991660891684e-09,0.0625,4.7380473561634675,True,1300003,1300004
lognormal_heavy_tail,3,PS,1.2115276586e-05,1.2115276585999999e-05,3.1007725274661557e-10,0.078125,0.025,1.74511647826614e-05,1.5857288357498667e-05,1.657860654352833e-05,7.213181860296617e-07,2.0739567481164952e-07,-1.6224545098530924e-08,0.109375,6.408923689874859,True,1300003,1300004
lognormal_heavy_tail,3,GS,1.2115276586e-05,1.2115276585999999e-05,3.1007725274661557e-10,0.078125,0.025,1.7451400212586954e-05,2.497016825455875e-05,1.6578830201957605e-05,-8.391338052601145e-06,-4.56651840619049e-06,-3.6222295509722446e-05,1.0,8.0,True,1300003,1300004
lognormal_heavy_tail,3,PS+GS,1.2115276586e-05,1.2115276585999999e-05,3.1007725274661557e-10,0.078125,0.025,1.7451164073686853e-05,1.5815973312495457e-05,1.6578605870002507e-05,7.626325575070529e-07,2.287228590969184e-07,-4.131129038853777e-09,0.078125,6.408923689874859,True,1300003,1300004
deterministic,4,MB-fixed,1.2115276586e-05,1.2115276585999999e-05,2.915412576444165e-42,0.0,0.025,1.74292730260317e-05,1.6016495482329418e-05,1.655780937473011e-05,5.413138924006959e-07,5.656577196422322e-07,1.7873701702697588e-07,0.0,6.408923689874861,True,1250004,1250005
deterministic,4,MB-global-opt,1.2115276586e-05,1.2115276585999999e-05,2.915412576444165e-42,0.0,0.025,1.7418972599839155e-05,1.578171546512408e-05,1.6548023969847196e-05,7.66308504723117e-07,8.175133010102077e-07,1.0926865603222379e-07,0.03125,4.7380473561634675,True,1250004,1250005
deterministic,4,PS,1.2115276586e-05,1.2115276585999999e-05,2.915412576444165e-42,0.0,0.025,1.742927302754438e-05,1.6016495482329418e-05,1.655780937616716e-05,5.413138938377411e-07,5.656577204860007e-07,1.7873701846138232e-07,0.0,6.408923689874859,True,1250004,1250005
deterministic,4,GS,1.2115276586e-05,1.2115276585999999e-05,2.915412576444165e-42,0.0,0.025,1.74472662876346e-05,2.558754243286998e-05,1.6574902973252872e-05,-9.012639459617112e-06,-9.030612980076569e-06,-9.155369057001207e-06,1.0,8.0,True,1250004,1250005
deterministic,4,PS+GS,1.2115276586e-05,1.2115276585999999e-05,2.915412576444165e-42,0.0,0.025,1.7429272703553544e-05,1.5973224624765692e-05,1.6557809068375868e-05,5.845844436101748e-07,6.089214768856269e-07,2.2199776429143764e-07,0.0,6.408923689874859,True,1250004,1250005
beta_low_variance,4,MB-fixed,1.2115276586e-05,1.4010626769010375e-05,5.353842096485902e-09,0.953125,0.025,2.007693516642428e-05,1.7606553164409983e-05,1.907308840810307e-05,1.4665352436930846e-06,-2.7133850721838826e-13,-1.9625567837522327e-12,0.953125,6.408923689874861,True,1260004,1260005
beta_low_variance,4,MB-global-opt,1.2115276586e-05,1.4010626769010375e-05,5.353842096485902e-09,0.953125,0.025,1.973962285055364e-05,1.739573979377823e-05,1.8752641708025956e-05,1.3569019142477258e-06,-3.102538226329443e-11,-3.107204271657338e-11,0.921875,4.7380473561634675,True,1260004,1260005
beta_low_variance,4,PS,1.2115276586e-05,1.4010626769010375e-05,5.353842096485902e-09,0.953125,0.025,2.0076935167950838e-05,1.7606553164409983e-05,1.9073088409553294e-05,1.4665352451433124e-06,-2.7133850721838826e-13,-1.961839579678327e-12,0.953125,6.408923689874859,True,1260004,1260005
beta_low_variance,4,GS,1.2115276586e-05,1.4010626769010375e-05,5.353842096485902e-09,0.953125,0.025,2.019731858504681e-05,2.6049356213354163e-05,1.918745265579447e-05,-6.861903557559696e-06,-1.9742874002304237e-12,-5.335153222252308e-07,1.0,8.0,True,1260004,1260005
beta_low_variance,4,PS+GS,1.2115276586e-05,1.4010626769010375e-05,5.353842096485902e-09,0.953125,0.025,2.0076937023799646e-05,1.7567720367508283e-05,1.9073090172609663e-05,1.5053698051013802e-06,-2.615685446016869e-13,-1.9022050601336093e-12,0.953125,6.408923689874859,True,1260004,1260005
beta_medium_variance,4,MB-fixed,1.2115276586e-05,1e-12,0.0,1.0,0.025,1.439806607272942e-12,1.6424639426304566e-12,1.3678162769092948e-12,-2.746476657211617e-13,-2.7344793096517616e-13,-3.026423556207193e-13,1.0,6.408923689874861,True,1270004,1270005
beta_medium_variance,4,MB-global-opt,1.2115276586e-05,1e-12,0.0,1.0,0.025,-3.097876122293286e-11,1.602717958348876e-12,-2.942982316178622e-11,-3.103254112013509e-11,-3.1029601110788006e-11,-3.1074827155919135e-11,1.0,4.7380473561634675,True,1270004,1270005
beta_medium_variance,4,PS,1.2115276586e-05,1e-12,0.0,1.0,0.025,1.4413192861439938e-12,1.6424639426304566e-12,1.369253321836794e-12,-2.732106207936625e-13,-2.7133850721838826e-13,-3.023892247711047e-13,1.0,6.408923689874859,True,1270004,1270005
beta_medium_variance,4,GS,1.2115276586e-05,1e-12,0.0,1.0,0.025,1.4424711425320424e-12,3.3428815271463463e-12,1.3703475854054403e-12,-1.972533941740906e-12,-1.9734436307317083e-12,-1.984412634215005e-12,1.0,8.0,True,1270004,1270005
beta_medium_variance,4,PS+GS,1.2115276586e-05,1e-12,0.0,1.0,0.025,1.4414441862342642e-12,1.6326939800137552e-12,1.3693719769225509e-12,-2.633220030912043e-13,-2.615685446016869e-13,-2.9261926215440334e-13,1.0,6.408923689874859,True,1270004,1270005
beta_high_variance,4,MB-fixed,1.2115276586e-05,1e-12,0.0,1.0,0.025,1.4418882754441142e-12,1.6424639426304566e-12,1.3697938616719084e-12,-2.726700809585481e-13,-2.721822767171034e-13,-2.932765141849814e-13,1.0,6.408923689874861,True,1280004,1280005
beta_high_variance,4,MB-global-opt,1.2115276586e-05,1e-12,0.0,1.0,0.025,-3.09743897197734e-11,1.602717958348876e-12,-2.942567023378473e-11,-3.10283881921336e-11,-3.103128864978544e-11,-3.106276125208751e-11,1.0,4.7380473561634675,True,1280004,1280005
beta_high_variance,4,PS,1.2115276586e-05,1e-12,0.0,1.0,0.025,1.443095642983394e-12,1.6424639426304566e-12,1.3709408608342242e-12,-2.715230817962323e-13,-2.7133850721838826e-13,-2.9314994876017414e-13,1.0,6.408923689874859,True,1280004,1280005
beta_high_variance,4,GS,1.2115276586e-05,1e-12,0.0,1.0,0.025,1.4404311077242937e-12,3.3428815271463463e-12,1.3684095523380789e-12,-1.9744719748082675e-12,-1.9742874002304237e-12,-1.9852564037137198e-12,1.0,8.0,True,1280004,1280005
beta_high_variance,4,PS+GS,1.2115276586e-05,1e-12,0.0,1.0,0.025,1.4432899320127035e-12,1.6326939800137552e-12,1.3711254354120683e-12,-2.61568544601687e-13,-2.615685446016869e-13,-2.831268552938582e-13,1.0,6.408923689874859,True,1280004,1280005
deep_fade_mixture,4,MB-fixed,1.2115276586e-05,1.1867923022369166e-05,4.966181035403916e-11,0.265625,0.025,1.710615929959025e-05,1.5629541257413532e-05,1.6250851334610737e-05,6.213100771972061e-07,7.236813393873817e-07,-1.1100527805840717e-08,0.265625,6.408923689874861,True,1290004,1290005
deep_fade_mixture,4,MB-global-opt,1.2115276586e-05,1.1867923022369166e-05,4.966181035403916e-11,0.265625,0.025,1.7069352845178187e-05,1.5403547488954117e-05,1.6215885202919276e-05,8.123377139651603e-07,9.35704331883612e-07,-9.171609927083335e-09,0.1875,4.7380473561634675,True,1290004,1290005
deep_fade_mixture,4,PS,1.2115276586e-05,1.1867923022369166e-05,4.966181035403916e-11,0.265625,0.025,1.7106159300686596e-05,1.5629541257413532e-05,1.6250851335652265e-05,6.213100782387339e-07,7.236813406530353e-07,-1.1100526962071229e-08,0.265625,6.408923689874859,True,1290004,1290005
deep_fade_mixture,4,GS,1.2115276586e-05,1.1867923022369166e-05,4.966181035403916e-11,0.265625,0.025,1.7132945228731655e-05,2.483247003778194e-05,1.6276297967295072e-05,-8.556172070486868e-06,-1.1520025948930092e-05,-1.1735948891864467e-05,1.0,8.0,True,1290004,1290005
deep_fade_mixture,4,PS+GS,1.2115276586e-05,1.1867923022369166e-05,4.966181035403916e-11,0.265625,0.025,1.7106160107582813e-05,1.5587891115817487e-05,1.6250852102203672e-05,6.629609863861843e-07,7.799999160340552e-07,-1.0008603377187346e-08,0.265625,6.408923689874859,True,1290004,1290005
lognormal_heavy_tail,4,MB-fixed,1.2115276586e-05,1.2115276586000002e-05,1.6267578545890496e-10,0.0625,0.025,1.7501720297380396e-05,1.5907627367146848e-05,1.6626634282511377e-05,7.190069153645278e-07,2.8737200286066326e-07,6.200153745971185e-10,0.046875,6.408923689874861,True,1300004,1300005
lognormal_heavy_tail,4,MB-global-opt,1.2115276586e-05,1.2115276586000002e-05,1.6267578545890496e-10,0.0625,0.025,1.7536812511737e-05,1.568009339526777e-05,1.665997188615015e-05,9.79878490882379e-07,4.38034480332305e-07,7.385077684940354e-09,0.046875,4.7380473561634675,True,1300004,1300005
lognormal_heavy_tail,4,PS,1.2115276586e-05,1.2115276586000002e-05,1.6267578545890496e-10,0.0625,0.025,1.7501720298712664e-05,1.5907627367146848e-05,1.662663428377703e-05,7.190069166301823e-07,2.87372004970087e-07,6.200163449320908e-10,0.046875,6.408923689874859,True,1300004,1300005
lognormal_heavy_tail,4,GS,1.2115276586e-05,1.2115276586000002e-05,1.6267578545890496e-10,0.0625,0.025,1.749102437123562e-05,2.5165244443934448e-05,1.661647315267384e-05,-8.54877129126061e-06,-5.80302848691705e-06,-2.6788775354640306e-05,1.0,8.0,True,1300004,1300005
lognormal_heavy_tail,4,PS+GS,1.2115276586e-05,1.2115276586000002e-05,1.6267578545890496e-10,0.0625,0.025,1.750172100246916e-05,1.586569447790953e-05,1.6626634952345703e-05,7.609404744361718e-07,3.1460093008472967e-07,4.545734166860755e-09,0.046875,6.408923689874859,True,1300004,1300005
deterministic,5,MB-fixed,1.2115276586e-05,1.2115276585999999e-05,2.915412576444165e-42,0.0,0.025,1.7486659974752516e-05,1.6016495482329418e-05,1.661232697601489e-05,5.958314936854719e-07,5.927401668825987e-07,3.5087897063190526e-07,0.0,6.408923689874861,True,1250005,1250006
deterministic,5,MB-global-opt,1.2115276586e-05,1.2115276585999999e-05,2.915412576444165e-42,0.0,0.025,1.747463318199638e-05,1.578171546512408e-05,1.660090152289656e-05,8.191860577724799e-07,8.264497122878457e-07,3.2327286548117255e-07,0.015625,4.7380473561634675,True,1250005,1250006
deterministic,5,PS,1.2115276586e-05,1.2115276585999999e-05,2.915412576444165e-42,0.0,0.025,1.7486659975876617e-05,1.6016495482329418e-05,1.6612326977082786e-05,5.958314947533675e-07,5.927401685701373e-07,3.508789723194456e-07,0.0,6.408923689874859,True,1250005,1250006
deterministic,5,GS,1.2115276586e-05,1.2115276585999999e-05,2.915412576444165e-42,0.0,0.025,1.747867050394536e-05,2.558754243286998e-05,1.660473697874809e-05,-8.98280545412189e-06,-8.98416665187085e-06,-9.128546262189286e-06,1.0,8.0,True,1250005,1250006
deterministic,5,PS+GS,1.2115276586e-05,1.2115276585999999e-05,2.915412576444165e-42,0.0,0.025,1.748666018809575e-05,1.5973224624765692e-05,1.661232717869096e-05,6.391025539252686e-07,6.360010224026863e-07,3.9415275966181476e-07,0.0,6.408923689874859,True,1250005,1250006
beta_low_variance,5,MB-fixed,1.2115276586e-05,2.4195598658337173e-06,1.8404881909392294e-10,0.96875,0.025,3.4764284206345586e-06,3.1118457510803665e-06,3.3026069996028304e-06,1.9076124852246381e-07,-2.7344793096517616e-13,-1.27190036280922e-12,0.96875,6.408923689874861,True,1260005,1260006
beta_low_variance,5,MB-global-opt,1.2115276586e-05,2.4195598658337173e-06,1.8404881909392294e-10,0.96875,0.025,3.4707832414077044e-06,3.070735014088638e-06,3.297244079337319e-06,2.2650906524868102e-07,-3.103128864978544e-11,-3.1801010713650155e-11,0.953125,4.7380473561634675,True,1260005,1260006
beta_low_variance,5,PS,1.2115276586e-05,2.4195598658337173e-06,1.8404881909392294e-10,0.96875,0.025,3.4764284218141706e-06,3.1118457510803665e-06,3.3026070007234618e-06,1.907612496430953e-07,-2.7133850721838826e-13,-1.2703393892365965e-12,0.96875,6.408923689874859,True,1260005,1260006
beta_low_variance,5,GS,1.2115276586e-05,2.4195598658337173e-06,1.8404881909392294e-10,0.96875,0.025,3.4805318811642616e-06,4.7733840454998455e-06,3.3065052871060483e-06,-1.4668787583937972e-06,-1.9734436307317083e-12,-5.963256066721098e-10,1.0,8.0,True,1260005,1260006
beta_low_variance,5,PS+GS,1.2115276586e-05,2.4195598658337173e-06,1.8404881909392294e-10,0.96875,0.025,3.476428927409736e-06,3.1042708721167045e-06,3.302607481039249e-06,1.9833660892254466e-07,-2.615685446016869e-13,-1.2361778267688805e-12,0.96875,6.408923689874859,True,1260005,1260006
beta_medium_variance,5,MB-fixed,1.2115276586e-05,1.510523783952269e-07,1.4601001172881456e-12,0.984375,0.025,2.208559270883148e-07,2.003570084424533e-07,2.0981313073389904e-07,9.456122291445751e-09,-2.7133850721838826e-13,-3.004907433989956e-13,0.984375,6.408923689874861,True,1270005,1270006
beta_medium_variance,5,MB-global-opt,1.2115276586e-05,1.510523783952269e-07,1.4601001172881456e-12,0.984375,0.025,2.1927788550202276e-07,1.9738552265932685e-07,2.0831399122692162e-07,1.0928468567594775e-08,-3.103424184303094e-11,-3.107820223391399e-11,0.984375,4.7380473561634675,True,1270005,1270006
beta_medium_variance,5,PS,1.2115276586e-05,1.510523783952269e-07,1.4601001172881456e-12,0.984375,0.025,2.2085592828180456e-07,2.003570084424533e-07,2.0981313186771434e-07,9.45612342526102e-09,-2.700728529703156e-13,-2.9867663897675824e-13,0.984375,6.408923689874859,True,1270005,1270006
beta_medium_variance,5,GS,1.2115276586e-05,1.510523783952269e-07,1.4601001172881456e-12,0.984375,0.025,2.1879095855881214e-07,3.21602856442893e-07,2.0785141063087155e-07,-1.1375144581202145e-07,-1.9734436307317083e-12,-1.986100173212435e-12,1.0,8.0,True,1270005,1270006
beta_medium_variance,5,PS+GS,1.2115276586e-05,1.510523783952269e-07,1.4601001172881456e-12,0.984375,0.025,2.208558103067304e-07,1.9980933459173844e-07,2.0981301979139388e-07,1.0003685199655432e-08,-2.6030289035361424e-13,-2.8890667636005686e-13,0.984375,6.408923689874859,True,1270005,1270006
beta_high_variance,5,MB-fixed,1.2115276586e-05,1e-12,0.0,1.0,0.025,1.4433731987395504e-12,1.6424639426304566e-12,1.3712045388025726e-12,-2.712594038278838e-13,-2.7133850721838826e-13,-2.932765141849814e-13,1.0,6.408923689874861,True,1280005,1280006
beta_high_variance,5,MB-global-opt,1.2115276586e-05,1e-12,0.0,1.0,0.025,-3.0974098286229435e-11,1.602717958348876e-12,-2.942539337191796e-11,-3.1028111330266836e-11,-3.1026647917542506e-11,-3.106702228805602e-11,1.0,4.7380473561634675,True,1280005,1280006
beta_high_variance,5,PS,1.2115276586e-05,1e-12,0.0,1.0,0.025,1.444747099732524e-12,1.6424639426304566e-12,1.3725097447458978e-12,-2.6995419788455887e-13,-2.704947377196733e-13,-2.9217961383665173e-13,1.0,6.408923689874859,True,1280005,1280006
beta_high_variance,5,GS,1.2115276586e-05,1e-12,0.0,1.0,0.025,1.4415135751733033e-12,3.3428815271463463e-12,1.369437896414638e-12,-1.9734436307317083e-12,-1.9742874002304237e-12,-1.9877455237349296e-12,1.0,8.0,True,1280005,1280006
beta_high_variance,5,PS+GS,1.2115276586e-05,1e-12,0.0,1.0,0.025,1.4450385332764881e-12,1.6326939800137552e-12,1.3727866066126637e-12,-2.599073734010916e-13,-2.607247751029719e-13,-2.8097524307213474e-13,1.0,6.408923689874859,True,1280005,1280006
deep_fade_mixture,5,MB-fixed,1.2115276586e-05,1.3104690840523332e-05,3.878469294232846e-11,0.1875,0.025,1.89004105299595e-05,1.7256221898589996e-05,1.7955390003461526e-05,6.991681048715272e-07,8.104836954014851e-07,-8.295967974802945e-09,0.1875,6.408923689874861,True,1290005,1290006
deep_fade_mixture,5,MB-global-opt,1.2115276586e-05,1.3104690840523332e-05,3.878469294232846e-11,0.1875,0.025,1.894863921533818e-05,1.7006816309506068e-05,1.8001207254571272e-05,9.943909450652034e-07,1.077698211915388e-06,-3.6321121332782975e-09,0.09375,4.7380473561634675,True,1290005,1290006
deep_fade_mixture,5,PS,1.2115276586e-05,1.3104690840523332e-05,3.878469294232846e-11,0.1875,0.025,1.8900410531166867e-05,1.7256221898589996e-05,1.7955390004608524e-05,6.991681060185263e-07,8.104836958233702e-07,-8.295967721672099e-09,0.1875,6.408923689874859,True,1290005,1290006
deep_fade_mixture,5,GS,1.2115276586e-05,1.3104690840523332e-05,3.878469294232846e-11,0.1875,0.025,1.8914741590242423e-05,2.7412175366753333e-05,1.79690045107303e-05,-9.443170856023032e-06,-1.154182912870283e-05,-1.1792675741435501e-05,1.0,8.0,True,1290005,1290006
deep_fade_mixture,5,PS+GS,1.2115276586e-05,1.3104690840523332e-05,3.878469294232846e-11,0.1875,0.025,1.890041153795874e-05,1.7210257059974143e-05,1.79553909610608e-05,7.451339010866576e-07,8.668037191128506e-07,-7.204034095931176e-09,0.1875,6.408923689874859,True,1290005,1290006
lognormal_heavy_tail,5,MB-fixed,1.2115276586e-05,1.2115276585999999e-05,2.42115790353035e-10,0.109375,0.025,1.7491402005992418e-05,1.587613069790883e-05,1.6616831905692796e-05,7.407012077839665e-07,2.3593628424301e-07,-1.8985645173774684e-08,0.109375,6.408923689874861,True,1300005,1300006
lognormal_heavy_tail,5,MB-global-opt,1.2115276586e-05,1.2115276585999999e-05,2.42115790353035e-10,0.109375,0.025,1.7547404415910184e-05,1.565069110577577e-05,1.6670034195114677e-05,1.019343089338903e-06,3.512220047019454e-07,-1.4803945087571461e-08,0.09375,4.7380473561634675,True,1300005,1300006
lognormal_heavy_tail,5,PS,1.2115276586e-05,1.2115276585999999e-05,2.42115790353035e-10,0.109375,0.025,1.7491402007394075e-05,1.5876130697943525e-05,1.661683190702437e-05,7.407012090808457e-07,2.3593628466489466e-07,-1.8985644330005142e-08,0.109375,6.408923689874859,True,1300005,1300006
lognormal_heavy_tail,5,GS,1.2115276586e-05,1.2115276585999999e-05,2.42115790353035e-10,0.109375,0.025,1.7489023620254063e-05,2.504315367560933e-05,1.661457243924136e-05,-8.428581236367972e-06,-4.7372391827060775e-06,-3.045946501494257e-05,1.0,8.0,True,1300005,1300006
lognormal_heavy_tail,5,PS+GS,1.2115276586e-05,1.2115276585999999e-05,2.42115790353035e-10,0.109375,0.025,1.7491405324268627e-05,1.5834584532119916e-05,1.6616835058055197e-05,7.822505259352793e-07,2.558808627428629e-07,-1.2241820641634585e-08,0.109375,6.408923689874859,True,1300005,1300006
deterministic,6,MB-fixed,1.2115276586e-05,1.2115276585999999e-05,2.915412576444165e-42,0.0,0.025,1.7483132340637142e-05,1.6016495482329418e-05,1.6608975723605286e-05,5.924802412758662e-07,5.783581195739619e-07,3.5606991986014556e-07,0.0,6.408923689874861,True,1250006,1250007
deterministic,6,MB-global-opt,1.2115276586e-05,1.2115276585999999e-05,2.915412576444165e-42,0.0,0.025,1.7483346519700516e-05,1.578171546512408e-05,1.660917919371549e-05,8.274637285914093e-07,8.33062529181916e-07,3.611303900452615e-07,0.0,4.7380473561634675,True,1250006,1250007
deterministic,6,PS,1.2115276586e-05,1.2115276585999999e-05,2.915412576444165e-42,0.0,0.025,1.748313234190002e-05,1.6016495482329418e-05,1.6608975724805017e-05,5.924802424756011e-07,5.783581208396154e-07,3.5606991998671107e-07,0.0,6.408923689874859,True,1250006,1250007
deterministic,6,GS,1.2115276586e-05,1.2115276585999999e-05,2.915412576444165e-42,0.0,0.025,1.749460000309566e-05,2.558754243286998e-05,1.6619870002940876e-05,-8.967672429929105e-06,-8.966989877978727e-06,-9.137698224341852e-06,1.0,8.0,True,1250006,1250007
deterministic,6,PS+GS,1.2115276586e-05,1.2115276585999999e-05,2.915412576444165e-42,0.0,0.025,1.7483130909851097e-05,1.5973224624765692e-05,1.660897436435854e-05,6.357497395928496e-07,6.216293260363767e-07,3.993483726572042e-07,0.0,6.408923689874859,True,1250006,1250007
beta_low_variance,6,MB-fixed,1.2115276586e-05,4.2955132619336975e-06,5.901139538695242e-10,0.953125,0.025,6.147390794547514e-06,5.483551521908575e-06,5.840021254820137e-06,3.564697329115629e-07,-2.730260462158186e-13,-4.2210639206174985e-10,0.953125,6.408923689874861,True,1260006,1260007
beta_low_variance,6,MB-global-opt,1.2115276586e-05,4.2955132619336975e-06,5.901139538695242e-10,0.953125,0.025,6.1604068126996925e-06,5.413282274484288e-06,5.8523864720647075e-06,4.3910419758041973e-07,-3.10346637277803e-11,-4.0029981551725764e-11,0.9375,4.7380473561634675,True,1260006,1260007
beta_low_variance,6,PS,1.2115276586e-05,4.2955132619336975e-06,5.901139538695242e-10,0.953125,0.025,6.14739079582427e-06,5.483551521908575e-06,5.840021256033056e-06,3.5646973412448134e-07,-2.7133850721838826e-13,-4.2210457795732737e-10,0.953125,6.408923689874859,True,1260006,1260007
beta_low_variance,6,GS,1.2115276586e-05,4.2955132619336975e-06,5.901139538695242e-10,0.953125,0.025,6.1825780554719545e-06,8.315847506056712e-06,5.8734491526983574e-06,-2.442398353358355e-06,-1.9751311697291387e-12,-5.66186662307455e-07,1.0,8.0,True,1260006,1260007
beta_low_variance,6,PS+GS,1.2115276586e-05,4.2955132619336975e-06,5.901139538695242e-10,0.953125,0.025,6.147391569497063e-06,5.470605096452585e-06,5.840021991022209e-06,3.6941689456962393e-07,-2.615685446016869e-13,-4.024470046104514e-10,0.953125,6.408923689874859,True,1260006,1260007
beta_medium_variance,6,MB-fixed,1.2115276586e-05,1e-12,0.0,1.0,0.025,1.4443307660982896e-12,1.6424639426304566e-12,1.3721142277933751e-12,-2.703497148370816e-13,-2.7133850721838826e-13,-2.936140219844675e-13,1.0,6.408923689874861,True,1270006,1270007
beta_medium_variance,6,MB-global-opt,1.2115276586e-05,1e-12,0.0,1.0,0.025,-3.09752778981931e-11,1.602717958348876e-12,-2.942651400328344e-11,-3.102923196163232e-11,-3.103002299553736e-11,-3.1077189710515534e-11,1.0,4.7380473561634675,True,1270006,1270007
beta_medium_variance,6,PS,1.2115276586e-05,1e-12,0.0,1.0,0.025,1.4454548669107226e-12,1.6424639426304566e-12,1.3731821235651862e-12,-2.692818190652702e-13,-2.68807198722243e-13,-2.928968179105596e-13,1.0,6.408923689874859,True,1270006,1270007
beta_medium_variance,6,GS,1.2115276586e-05,1e-12,0.0,1.0,0.025,1.4439560658274786e-12,3.3428815271463463e-12,1.3717582625361047e-12,-1.971123264610242e-12,-1.970912322235563e-12,-1.982345398943153e-12,1.0,8.0,True,1270006,1270007
beta_medium_variance,6,PS+GS,1.2115276586e-05,1e-12,0.0,1.0,0.025,1.4455520114253773e-12,1.6326939800137552e-12,1.3732744108541083e-12,-2.5941956915964693e-13,-2.590372361055416e-13,-2.8228308579514304e-13,1.0,6.408923689874859,True,1270006,1270007
beta_high_variance,6,MB-fixed,1.2115276586e-05,1e-12,0.0,1.0,0.025,1.4424156313808112e-12,1.6424639426304566e-12,1.3702948498117706e-12,-2.7216909281868603e-13,-2.7133850721838826e-13,-2.9580782268112687e-13,1.0,6.408923689874861,True,1280006,1280007
beta_high_variance,6,MB-global-opt,1.2115276586e-05,1e-12,0.0,1.0,0.025,-3.097810896690589e-11,1.602717958348876e-12,-2.942920351856059e-11,-3.103192147690947e-11,-3.102580414804379e-11,-3.107883506103803e-11,1.0,4.7380473561634675,True,1280006,1280007
beta_high_variance,6,PS,1.2115276586e-05,1e-12,0.0,1.0,0.025,1.443706265646938e-12,1.6424639426304566e-12,1.371520952364591e-12,-2.709429902658656e-13,-2.7133850721838826e-13,-2.955546918315123e-13,1.0,6.408923689874859,True,1280006,1280007
beta_high_variance,6,GS,1.2115276586e-05,1e-12,0.0,1.0,0.025,1.4428180872272378e-12,3.3428815271463463e-12,1.3706771828658759e-12,-1.9722043442804703e-12,-1.971756091734278e-12,-1.9852564037137198e-12,1.0,8.0,True,1280006,1280007
beta_high_variance,6,PS+GS,1.2115276586e-05,1e-12,0.0,1.0,0.025,1.4436507544957067e-12,1.6326939800137552e-12,1.3714682167709213e-12,-2.6122576324283395e-13,-2.615685446016869e-13,-2.8578472921481093e-13,1.0,6.408923689874859,True,1280006,1280007
deep_fade_mixture,6,MB-fixed,1.2115276586e-05,1.1620569458738333e-05,5.146430409655123e-11,0.28125,0.025,1.6764542860425724e-05,1.530420512917824e-05,1.5926315717404436e-05,6.221105882261982e-07,7.282054053092662e-07,-9.254457387086753e-09,0.28125,6.408923689874861,True,1290006,1290007
deep_fade_mixture,6,MB-global-opt,1.2115276586e-05,1.1620569458738333e-05,5.146430409655123e-11,0.28125,0.025,1.671995624497047e-05,1.5082893724843727e-05,1.5883958432721944e-05,8.010647078782176e-07,8.853154864763013e-07,-5.134593663580502e-09,0.15625,4.7380473561634675,True,1290006,1290007
deep_fade_mixture,6,PS,1.2115276586e-05,1.1620569458738333e-05,5.146430409655123e-11,0.28125,0.025,1.6764542861591458e-05,1.530420512917824e-05,1.5926315718511884e-05,6.221105893336455e-07,7.2820540741869e-07,-9.254457387086753e-09,0.28125,6.408923689874859,True,1290006,1290007
deep_fade_mixture,6,GS,1.2115276586e-05,1.1620569458738333e-05,5.146430409655123e-11,0.28125,0.025,1.6766279495594727e-05,2.431652897198766e-05,1.592796552081499e-05,-8.38856345117267e-06,-1.1504485207392003e-05,-1.1729814085030821e-05,1.0,8.0,True,1290006,1290007
deep_fade_mixture,6,PS+GS,1.2115276586e-05,1.1620569458738333e-05,5.146430409655123e-11,0.28125,0.025,1.6764542871833266e-05,1.5263417926986156e-05,1.5926315728241602e-05,6.628978012554454e-07,7.845344767609651e-07,-8.162568987390973e-09,0.265625,6.408923689874859,True,1290006,1290007
lognormal_heavy_tail,6,MB-fixed,1.2115276586e-05,1.2115276585999999e-05,3.535636211922994e-10,0.15625,0.025,1.7378213260629827e-05,1.5840780238998015e-05,1.6509302597598333e-05,6.685223586003205e-07,1.146359378534352e-07,-1.560037504289028e-08,0.15625,6.408923689874861,True,1300006,1300007
lognormal_heavy_tail,6,MB-global-opt,1.2115276586e-05,1.2115276585999999e-05,3.535636211922994e-10,0.15625,0.025,1.7281845962432985e-05,1.5617689924803807e-05,1.6417753664311334e-05,8.000637395075277e-07,1.8568782533812112e-07,-1.3020562541488115e-08,0.09375,4.7380473561634675,True,1300006,1300007
lognormal_heavy_tail,6,PS,1.2115276586e-05,1.2115276585999999e-05,3.535636211922994e-10,0.15625,0.025,1.737821326204536e-05,1.5840780238998015e-05,1.650930259894309e-05,6.685223599450778e-07,1.1463594038474403e-07,-1.5600373228785783e-08,0.15625,6.408923689874859,True,1300006,1300007
lognormal_heavy_tail,6,GS,1.2115276586e-05,1.2115276585999999e-05,3.535636211922994e-10,0.15625,0.025,1.7450277389946534e-05,2.490618255955937e-05,1.6577763520449204e-05,-8.328419039110162e-06,-3.8370248220953584e-06,-3.2185842751626396e-05,1.0,8.0,True,1300006,1300007
lognormal_heavy_tail,6,PS+GS,1.2115276586e-05,1.2115276585999999e-05,3.535636211922994e-10,0.15625,0.025,1.7378216412247682e-05,1.5799667862928524e-05,1.6509305591635297e-05,7.096377287067736e-07,1.3692005074172897e-07,-1.0972524593366801e-08,0.109375,6.408923689874859,True,1300006,1300007
deterministic,7,MB-fixed,1.2115276586e-05,1.2115276585999999e-05,2.915412576444165e-42,0.0,0.025,1.7492521744419398e-05,1.6016495482329418e-05,1.661789565719843e-05,6.014001748690094e-07,5.922600658347922e-07,2.717165492960303e-07,0.0,6.408923689874861,True,1250007,1250008
deterministic,7,MB-global-opt,1.2115276586e-05,1.2115276585999999e-05,2.915412576444165e-42,0.0,0.025,1.751895912124879e-05,1.578171546512408e-05,1.664301116518635e-05,8.612957000622692e-07,8.57938664733381e-07,3.4466335312011145e-07,0.0,4.7380473561634675,True,1250007,1250008
deterministic,7,PS,1.2115276586e-05,1.2115276585999999e-05,2.915412576444165e-42,0.0,0.025,1.7492521745834932e-05,1.6016495482329418e-05,1.6617895658543185e-05,6.01400176213767e-07,5.922600671004457e-07,2.717165507304367e-07,0.0,6.408923689874859,True,1250007,1250008
deterministic,7,GS,1.2115276586e-05,1.2115276585999999e-05,2.915412576444165e-42,0.0,0.025,1.7488765934700612e-05,2.558754243286998e-05,1.661432763796558e-05,-8.9732147949044e-06,-8.98108716320678e-06,-9.143669000191147e-06,1.0,8.0,True,1250007,1250008
deterministic,7,PS+GS,1.2115276586e-05,1.2115276585999999e-05,2.915412576444165e-42,0.0,0.025,1.7492522112541598e-05,1.5973224624765692e-05,1.6617896006914518e-05,6.446713821488253e-07,6.35522486969185e-07,3.1499907610754776e-07,0.0,6.408923689874859,True,1250007,1250008
beta_low_variance,7,MB-fixed,1.2115276586e-05,9.897799701142579e-06,6.268659099229977e-09,0.984375,0.025,1.4346579006563331e-05,1.2319456713587307e-05,1.3629250056235163e-05,1.3097933426478577e-06,-2.730260462158186e-13,-3.4589975328458415e-12,0.984375,6.408923689874861,True,1260007,1260008
beta_low_variance,7,MB-global-opt,1.2115276586e-05,9.897799701142579e-06,6.268659099229977e-09,0.984375,0.025,1.4494241790619089e-05,1.217828864700024e-05,1.3769529701088132e-05,1.5912410540878928e-06,-3.102580414804379e-11,-3.373690882213509e-11,0.984375,4.7380473561634675,True,1260007,1260008
beta_low_variance,7,PS,1.2115276586e-05,9.897799701142579e-06,6.268659099229977e-09,0.984375,0.025,1.4346579008103766e-05,1.2319456713590776e-05,1.3629250057698578e-05,1.309793344107801e-06,-2.7133850721838826e-13,-3.4567193551993115e-12,0.984375,6.408923689874859,True,1260007,1260008
beta_low_variance,7,GS,1.2115276586e-05,9.897799701142579e-06,6.268659099229977e-09,0.984375,0.025,1.4298859166678168e-05,1.794809738706396e-05,1.358391620834426e-05,-4.3641811787197025e-06,-1.972599861232993e-12,-1.485730793948647e-08,1.0,8.0,True,1260007,1260008
beta_low_variance,7,PS+GS,1.2115276586e-05,9.897799701142579e-06,6.268659099229977e-09,0.984375,0.025,1.434658051022164e-05,1.2293456354506294e-05,1.3629251484710558e-05,1.3357951302042642e-06,-2.611466598523294e-13,-3.3433322776943447e-12,0.984375,6.408923689874859,True,1260007,1260008
beta_medium_variance,7,MB-fixed,1.2115276586e-05,1e-12,0.0,1.0,0.025,1.444303010522674e-12,1.6424639426304566e-12,1.3720878599965403e-12,-2.7037608263391645e-13,-2.709166224690308e-13,-2.9905633525118005e-13,1.0,6.408923689874861,True,1270007,1270008
beta_medium_variance,7,MB-global-opt,1.2115276586e-05,1e-12,0.0,1.0,0.025,-3.0972127640360725e-11,1.602717958348876e-12,-2.942352125834269e-11,-3.102623921669156e-11,-3.1029601110788006e-11,-3.10660519531325e-11,1.0,4.7380473561634675,True,1270007,1270008
beta_medium_variance,7,PS,1.2115276586e-05,1e-12,0.0,1.0,0.025,1.4457463004546867e-12,1.6424639426304566e-12,1.3734589854319522e-12,-2.6900495719850434e-13,-2.68807198722243e-13,-2.9795943490285033e-13,1.0,6.408923689874859,True,1270007,1270008
beta_medium_variance,7,GS,1.2115276586e-05,1e-12,0.0,1.0,0.025,1.4438172879494005e-12,3.3428815271463463e-12,1.3716264235519303e-12,-1.9712551035944162e-12,-1.970912322235563e-12,-1.9872814505106362e-12,1.0,8.0,True,1270007,1270008
beta_medium_variance,7,PS+GS,1.2115276586e-05,1e-12,0.0,1.0,0.025,1.445801811605918e-12,1.6326939800137552e-12,1.3735117210256218e-12,-2.591822589881333e-13,-2.590372361055416e-13,-2.8818947228614896e-13,1.0,6.408923689874859,True,1270007,1270008
beta_high_variance,7,MB-fixed,1.2115276586e-05,1e-12,0.0,1.0,0.025,1.4408474413585282e-12,1.6424639426304566e-12,1.3688050692906016e-12,-2.736588733398549e-13,-2.7386981571453374e-13,-3.0188296307187565e-13,1.0,6.408923689874861,True,1280007,1280008
beta_high_variance,7,MB-global-opt,1.2115276586e-05,1e-12,0.0,1.0,0.025,-3.0978095089118085e-11,1.602717958348876e-12,-2.942919033466218e-11,-3.103190829301105e-11,-3.1031710534534794e-11,-3.10719583396235e-11,1.0,4.7380473561634675,True,1280007,1280008
beta_high_variance,7,PS,1.2115276586e-05,1e-12,0.0,1.0,0.025,1.4422213423515018e-12,1.6424639426304566e-12,1.3701102752339266e-12,-2.7235366739652996e-13,-2.72604161466461e-13,-2.9973135085015204e-13,1.0,6.408923689874859,True,1280007,1280008
beta_high_variance,7,GS,1.2115276586e-05,1e-12,0.0,1.0,0.025,1.4424017535930034e-12,3.3428815271463463e-12,1.370281665913353e-12,-1.9725998612329934e-12,-1.9713342069849205e-12,-1.986100173212435e-12,1.0,8.0,True,1280007,1280008
beta_high_variance,7,PS+GS,1.2115276586e-05,1e-12,0.0,1.0,0.025,1.442207464563694e-12,1.6326939800137552e-12,1.3700970913355092e-12,-2.62596888678246e-13,-2.628341988497596e-13,-2.906785923073585e-13,1.0,6.408923689874859,True,1280007,1280008
deep_fade_mixture,7,MB-fixed,1.2115276586e-05,1.2362630149630833e-05,4.5683893129184973e-11,0.234375,0.025,1.782700008065574e-05,1.6280213513884118e-05,1.693565007662295e-05,6.554365627388361e-07,7.270236251244448e-07,-7.7242329266092e-09,0.234375,6.408923689874861,True,1290007,1290008
deep_fade_mixture,7,MB-global-opt,1.2115276586e-05,1.2362630149630833e-05,4.5683893129184973e-11,0.234375,0.025,1.7789715560045938e-05,1.6044855017174897e-05,1.690022978204364e-05,8.553747648687429e-07,8.686110311240094e-07,-2.1576849684734803e-09,0.125,4.7380473561634675,True,1290007,1290008
deep_fade_mixture,7,PS,1.2115276586e-05,1.2362630149630833e-05,4.5683893129184973e-11,0.234375,0.025,1.7827000082085154e-05,1.6280213513884118e-05,1.6935650077980897e-05,6.554365640967776e-07,7.270236255463282e-07,-7.724230521866105e-09,0.234375,6.408923689874859,True,1290007,1290008
deep_fade_mixture,7,GS,1.2115276586e-05,1.2362630149630833e-05,4.5683893129184973e-11,0.234375,0.025,1.7854352105911575e-05,2.5864352169370497e-05,1.6961634500615994e-05,-8.902717668754503e-06,-1.1526782477910836e-05,-1.1741473449200514e-05,1.0,8.0,True,1290007,1290008
deep_fade_mixture,7,PS+GS,1.2115276586e-05,1.2362630149630833e-05,4.5683893129184973e-11,0.234375,0.025,1.782700308226859e-05,1.623683749348015e-05,1.693565292815516e-05,6.988154346750089e-07,7.833549460656262e-07,-6.63223728381012e-09,0.234375,6.408923689874859,True,1290007,1290008
lognormal_heavy_tail,7,MB-fixed,1.2115276586e-05,1.2115276586000002e-05,2.599329623401975e-10,0.015625,0.025,1.7495016447349743e-05,1.5893712011556815e-05,1.6620265624982256e-05,7.265536134254396e-07,2.93651385319115e-07,6.533504650629658e-09,0.046875,6.408923689874861,True,1300007,1300008
lognormal_heavy_tail,7,MB-global-opt,1.2115276586e-05,1.2115276586000002e-05,2.599329623401975e-10,0.015625,0.025,1.7452065726800137e-05,1.5667099550992908e-05,1.657946244046013e-05,9.123628894672214e-07,4.028601942041017e-07,3.861951074712853e-08,0.0,4.7380473561634675,True,1300007,1300008
lognormal_heavy_tail,7,PS,1.2115276586e-05,1.2115276586000002e-05,2.599329623401975e-10,0.015625,0.025,1.749501644873752e-05,1.5893712011556815e-05,1.6620265626300645e-05,7.265536147438292e-07,2.936513861628843e-07,6.533507055372607e-09,0.046875,6.408923689874859,True,1300007,1300008
lognormal_heavy_tail,7,GS,1.2115276586e-05,1.2115276586000002e-05,2.599329623401975e-10,0.015625,0.025,1.749752901554491e-05,2.5111466292856294e-05,1.6622652564767666e-05,-8.48881372808863e-06,-5.923962516596326e-06,-2.7667001058655494e-05,1.0,8.0,True,1300007,1300008
lognormal_heavy_tail,7,PS+GS,1.2115276586e-05,1.2115276586000002e-05,2.599329623401975e-10,0.015625,0.025,1.7495012208587624e-05,1.5851949278038874e-05,1.6620261598158242e-05,7.68312320119368e-07,3.1703552800799114e-07,1.522714363044728e-08,0.03125,6.408923689874859,True,1300007,1300008
deterministic,8,MB-fixed,1.2115276586e-05,1.2115276585999999e-05,2.915412576444165e-42,0.0,0.025,1.7465179809564302e-05,1.6016495482329418e-05,1.6591920819086085e-05,5.754253367566679e-07,5.848069426939155e-07,3.116225406607498e-07,0.0,6.408923689874861,True,1250008,1250009
deterministic,8,MB-global-opt,1.2115276586e-05,1.2115276585999999e-05,2.915412576444165e-42,0.0,0.025,1.7459233784850037e-05,1.578171546512408e-05,1.6586272095607534e-05,8.045566304834541e-07,8.322329126508866e-07,2.5914025996387396e-07,0.0,4.7380473561634675,True,1250008,1250009
deterministic,8,PS,1.2115276586e-05,1.2115276585999999e-05,2.915412576444165e-42,0.0,0.025,1.7465179810938203e-05,1.6016495482329418e-05,1.6591920820391292e-05,5.754253380618738e-07,5.848069439595691e-07,3.1162254281236086e-07,0.0,6.408923689874859,True,1250008,1250009
deterministic,8,GS,1.2115276586e-05,1.2115276585999999e-05,2.915412576444165e-42,0.0,0.025,1.7474899133063104e-05,2.558754243286998e-05,1.6601154176409946e-05,-8.986388256460031e-06,-8.985826688623355e-06,-9.134908905266139e-06,1.0,8.0,True,1250008,1250009
deterministic,8,PS+GS,1.2115276586e-05,1.2115276585999999e-05,2.915412576444165e-42,0.0,0.025,1.7465181295514554e-05,1.5973224624765692e-05,1.6591922230738825e-05,6.186976059731335e-07,6.280759258236995e-07,3.5487623342156317e-07,0.0,6.408923689874859,True,1250008,1250009
beta_low_variance,8,MB-fixed,1.2115276586e-05,0.00011578491206862122,3.478692141921059e-07,0.921875,0.025,0.00016687556028606443,0.0001406284389111681,0.0001585317822717612,1.7903343360593096e-05,-2.709166224690308e-13,-5.894497112635119e-11,0.921875,6.408923689874861,True,1260008,1260009
beta_low_variance,8,MB-global-opt,1.2115276586e-05,0.00011578491206862122,3.478692141921059e-07,0.921875,0.025,0.0001686091854072591,0.00013919183662058215,0.00016017872613689613,2.0986889516314e-05,-3.1033398073532226e-11,-3.137911264161631e-11,0.90625,4.7380473561634675,True,1260008,1260009
beta_low_variance,8,PS,1.2115276586e-05,0.00011578491206862122,3.478692141921059e-07,0.921875,0.025,0.00016687556028734118,0.00014062843891117505,0.00015853178227297413,1.7903343361799074e-05,-2.68807198722243e-13,-5.894341015277855e-11,0.921875,6.408923689874859,True,1260008,1260009
beta_low_variance,8,GS,1.2115276586e-05,0.00011578491206862122,3.478692141921059e-07,0.921875,0.025,0.0001663885550231281,0.0001971732718960978,0.00015806912727197168,-3.91041446241261e-05,-1.9751311697291387e-12,-4.689972757464521e-05,1.0,8.0,True,1260008,1260009
beta_low_variance,8,PS+GS,1.2115276586e-05,0.00011578491206862122,3.478692141921059e-07,0.921875,0.025,0.00016687559705963473,0.00014036394689889709,0.000158531817206653,1.816787030775589e-05,-2.590372361055416e-13,-5.6594189334901975e-11,0.921875,6.408923689874859,True,1260008,1260009
beta_medium_variance,8,MB-fixed,1.2115276586e-05,1e-12,0.0,1.0,0.025,1.4421658312002705e-12,1.6424639426304566e-12,1.3700575396402568e-12,-2.7240640299019964e-13,-2.7386981571453374e-13,-2.9580782268112687e-13,1.0,6.408923689874861,True,1270008,1270009
beta_medium_variance,8,MB-global-opt,1.2115276586e-05,1e-12,0.0,1.0,0.025,-3.0974417475349014e-11,1.602717958348876e-12,-2.942569660158156e-11,-3.102841455993044e-11,-3.102706980229186e-11,-3.10666425917816e-11,1.0,4.7380473561634675,True,1270008,1270009
beta_medium_variance,8,PS,1.2115276586e-05,1e-12,0.0,1.0,0.025,1.4435674877688598e-12,1.6424639426304566e-12,1.3713891133804168e-12,-2.710748292500399e-13,-2.72604161466461e-13,-2.9412028368369655e-13,1.0,6.408923689874859,True,1270008,1270009
beta_medium_variance,8,GS,1.2115276586e-05,1e-12,0.0,1.0,0.025,1.443178909710241e-12,3.3428815271463463e-12,1.3710199642247289e-12,-1.971861562921617e-12,-1.972599861232993e-12,-1.9825985297927677e-12,1.0,8.0,True,1270008,1270009
beta_medium_variance,8,PS+GS,1.2115276586e-05,1e-12,0.0,1.0,0.025,1.4435952433444754e-12,1.6326939800137552e-12,1.3714154811772516e-12,-2.6127849883650364e-13,-2.628341988497596e-13,-2.8578472921481093e-13,1.0,6.408923689874859,True,1270008,1270009
beta_high_variance,8,MB-fixed,1.2115276586e-05,1e-12,0.0,1.0,0.025,1.4407364190560656e-12,1.6424639426304566e-12,1.3686995981032621e-12,-2.7376434452719427e-13,-2.730260462158186e-13,-2.9795943490285033e-13,1.0,6.408923689874861,True,1280008,1280009
beta_high_variance,8,MB-global-opt,1.2115276586e-05,1e-12,0.0,1.0,0.025,-3.098073186880157e-11,1.602717958348876e-12,-2.943169527536149e-11,-3.1034413233710366e-11,-3.103086676503608e-11,-3.108098667325976e-11,1.0,4.7380473561634675,True,1280008,1280009
beta_high_variance,8,PS,1.2115276586e-05,1e-12,0.0,1.0,0.025,1.4420131755343846e-12,1.6424639426304566e-12,1.3699125167576652e-12,-2.725514258727913e-13,-2.7133850721838826e-13,-2.9580782268112687e-13,1.0,6.408923689874859,True,1280008,1280009
beta_high_variance,8,GS,1.2115276586e-05,1e-12,0.0,1.0,0.025,1.4437201434347458e-12,3.3428815271463463e-12,1.3715341362630082e-12,-1.9713473908833385e-12,-1.9734436307317083e-12,-1.980067221296622e-12,1.0,8.0,True,1280008,1280009
beta_high_variance,8,PS+GS,1.2115276586e-05,1e-12,0.0,1.0,0.025,1.4421935867758862e-12,1.6326939800137552e-12,1.3700839074370918e-12,-2.626100725766634e-13,-2.615685446016869e-13,-2.8578472921481093e-13,1.0,6.408923689874859,True,1280008,1280009
deep_fade_mixture,8,MB-fixed,1.2115276586e-05,1.1125862331476666e-05,5.469636184174526e-11,0.3125,0.025,1.6048053825767905e-05,1.4653532872707653e-05,1.5245651134479509e-05,5.921182617718559e-07,7.283911535704835e-07,-8.989529964864573e-09,0.3125,6.408923689874861,True,1290008,1290009
deep_fade_mixture,8,MB-global-opt,1.2115276586e-05,1.1125862331476666e-05,5.469636184174526e-11,0.3125,0.025,1.6035889967638828e-05,1.4441586196622946e-05,1.5234095469256883e-05,7.925092726339394e-07,9.062904605006132e-07,-2.4947373433725727e-09,0.15625,4.7380473561634675,True,1290008,1290009
deep_fade_mixture,8,PS,1.2115276586e-05,1.1125862331476666e-05,5.469636184174526e-11,0.3125,0.025,1.6048053827072417e-05,1.4653532872707653e-05,1.5245651135718796e-05,5.921182630111422e-07,7.283911552580222e-07,-8.989529711733726e-09,0.3125,6.408923689874859,True,1290008,1290009
deep_fade_mixture,8,GS,1.2115276586e-05,1.1125862331476666e-05,5.469636184174526e-11,0.3125,0.025,1.6047209193487122e-05,2.3284646840399104e-05,1.5244848733812763e-05,-8.039798106586338e-06,-1.1512922054812693e-05,-1.177881583970253e-05,1.0,8.0,True,1290008,1290009
deep_fade_mixture,8,PS+GS,1.2115276586e-05,1.1125862331476666e-05,5.469636184174526e-11,0.3125,0.025,1.604805282971744e-05,1.4614471549323493e-05,1.5245650188231567e-05,6.311786389080747e-07,7.847078684397588e-07,-7.897496394626587e-09,0.3125,6.408923689874859,True,1290008,1290009
lognormal_heavy_tail,8,MB-fixed,1.2115276586e-05,1.2115276586e-05,2.5778318899371266e-10,0.109375,0.025,1.7529753063696973e-05,1.587698408689331e-05,1.6653265410512122e-05,7.762813236188152e-07,1.6711619053033593e-07,-4.377145788048226e-09,0.125,6.408923689874861,True,1300008,1300009
lognormal_heavy_tail,8,MB-global-opt,1.2115276586e-05,1.2115276586e-05,2.5778318899371266e-10,0.109375,0.025,1.7600071068005207e-05,1.5651486660373665e-05,1.6720067514604946e-05,1.0685808542312817e-06,2.5643843117872815e-07,-1.649948555559998e-09,0.0625,4.7380473561634675,True,1300008,1300009
lognormal_heavy_tail,8,PS,1.2115276586e-05,1.2115276586e-05,2.5778318899371266e-10,0.109375,0.025,1.7529753064682296e-05,1.587698408689331e-05,1.665326541144818e-05,7.762813245548722e-07,1.6711619095222102e-07,-4.37714553491738e-09,0.125,6.408923689874859,True,1300008,1300009
lognormal_heavy_tail,8,GS,1.2115276586e-05,1.2115276586e-05,2.5778318899371266e-10,0.109375,0.025,1.7462612436902614e-05,2.5046508139649204e-05,1.6589481815057483e-05,-8.457026324591721e-06,-4.666574914824473e-06,-2.6766278061955976e-05,1.0,8.0,True,1300008,1300009
lognormal_heavy_tail,8,PS+GS,1.2115276586e-05,1.2115276586e-05,2.5778318899371266e-10,0.109375,0.025,1.7529751214925837e-05,1.583542724249709e-05,1.665326365417954e-05,8.178364116824537e-07,1.8756385655738186e-07,-2.4919710073234803e-09,0.109375,6.408923689874859,True,1300008,1300009
deterministic,9,MB-fixed,1.2115276586e-05,1.2115276585999999e-05,2.915412576444165e-42,0.0,0.025,1.748044184332609e-05,1.6016495482329418e-05,1.6606419751159784e-05,5.899242688303657e-07,5.86266585456129e-07,2.67982279764654e-07,0.0,6.408923689874861,True,1250009,1250010
deterministic,9,MB-global-opt,1.2115276586e-05,1.2115276585999999e-05,2.915412576444165e-42,0.0,0.025,1.748629857106776e-05,1.578171546512408e-05,1.6611983642514372e-05,8.302681773902916e-07,8.571413451674552e-07,2.3205571106243939e-07,0.0,4.7380473561634675,True,1250009,1250010
deterministic,9,PS,1.2115276586e-05,1.2115276585999999e-05,2.915412576444165e-42,0.0,0.025,1.7480441844658356e-05,1.6016495482329418e-05,1.6606419752425438e-05,5.899242700960199e-07,5.862665862998991e-07,2.6798228157875936e-07,0.0,6.408923689874859,True,1250009,1250010
deterministic,9,GS,1.2115276586e-05,1.2115276585999999e-05,2.915412576444165e-42,0.0,0.025,1.7484465986483677e-05,2.558754243286998e-05,1.6610242687159494e-05,-8.977299745710489e-06,-8.984653580701442e-06,-9.09944109526828e-06,1.0,8.0,True,1250009,1250010
deterministic,9,PS+GS,1.2115276586e-05,1.2115276585999999e-05,2.915412576444165e-42,0.0,0.025,1.74804404312473e-05,1.5973224624765692e-05,1.6606418409684937e-05,6.33193784919244e-07,6.295269414646754e-07,3.1124545143201814e-07,0.0,6.408923689874859,True,1250009,1250010
beta_low_variance,9,MB-fixed,1.2115276586e-05,2.165626298687813e-05,2.3513874826153116e-08,0.90625,0.025,3.1822671916773015e-05,2.6822191284775476e-05,3.0231538320934364e-05,3.4093470361588865e-06,-2.7513546996260637e-13,-2.715935225605647e-09,0.90625,6.408923689874861,True,1260009,1260010
beta_low_variance,9,MB-global-opt,1.2115276586e-05,2.165626298687813e-05,2.3513874826153116e-08,0.90625,0.025,3.2250042623388486e-05,2.6521543269861225e-05,3.063754049221906e-05,4.1159972223578345e-06,-3.1033398073532226e-11,-1.1239785546734997e-10,0.890625,4.7380473561634675,True,1260009,1260010
beta_low_variance,9,PS,1.2115276586e-05,2.165626298687813e-05,2.3513874826153116e-08,0.90625,0.025,3.1822671918160794e-05,2.6822191284775476e-05,3.023153832225275e-05,3.409347037477278e-06,-2.7386981571453374e-13,-2.7159345084015762e-09,0.90625,6.408923689874859,True,1260009,1260010
beta_low_variance,9,GS,1.2115276586e-05,2.165626298687813e-05,2.3513874826153116e-08,0.90625,0.025,3.1309401923668156e-05,3.87814662783717e-05,2.9743931827484748e-05,-9.037534450886955e-06,-1.9742874002304237e-12,-6.794770174733955e-06,1.0,8.0,True,1260009,1260010
beta_low_variance,9,PS+GS,1.2115276586e-05,2.165626298687813e-05,2.3513874826153116e-08,0.90625,0.025,3.182267778545356e-05,2.676682177273418e-05,3.0231543896180876e-05,3.4647221234466997e-06,-2.6409985309783236e-13,-2.289528375776264e-09,0.90625,6.408923689874859,True,1260009,1260010
beta_medium_variance,9,MB-fixed,1.2115276586e-05,1e-12,0.0,1.0,0.025,1.4441364770689802e-12,1.6424639426304566e-12,1.3719296532155311e-12,-2.705342894149255e-13,-2.68807198722243e-13,-2.936140219844675e-13,1.0,6.408923689874861,True,1270009,1270010
beta_medium_variance,9,MB-global-opt,1.2115276586e-05,1e-12,0.0,1.0,0.025,-3.097277989638769e-11,1.602717958348876e-12,-2.9424140901568305e-11,-3.102685885991718e-11,-3.102327283954764e-11,-3.106592538770769e-11,1.0,4.7380473561634675,True,1270009,1270010
beta_medium_variance,9,PS,1.2115276586e-05,1e-12,0.0,1.0,0.025,1.4456214003644163e-12,1.6424639426304566e-12,1.3733403303461954e-12,-2.6912361228426114e-13,-2.679634292235278e-13,-2.9251712163613777e-13,1.0,6.408923689874859,True,1270009,1270010
beta_medium_variance,9,GS,1.2115276586e-05,1e-12,0.0,1.0,0.025,1.4433454431639348e-12,3.3428815271463463e-12,1.3711781710057379e-12,-1.9717033561406085e-12,-1.9713342069849205e-12,-1.9841595033653904e-12,1.0,8.0,True,1270009,1270010
beta_medium_variance,9,PS+GS,1.2115276586e-05,1e-12,0.0,1.0,0.025,1.4455381336375694e-12,1.6326939800137552e-12,1.3732612269556909e-12,-2.594327530580643e-13,-2.5819346660682645e-13,-2.827471590194364e-13,1.0,6.408923689874859,True,1270009,1270010
beta_high_variance,9,MB-fixed,1.2115276586e-05,1e-12,0.0,1.0,0.025,1.443845043525016e-12,1.6424639426304566e-12,1.3716527913487653e-12,-2.7081115128169136e-13,-2.68807198722243e-13,-2.932765141849814e-13,1.0,6.408923689874861,True,1280009,1280010
beta_high_variance,9,MB-global-opt,1.2115276586e-05,1e-12,0.0,1.0,0.025,-3.0971433750970334e-11,1.602717958348876e-12,-2.942286206342182e-11,-3.102558002177069e-11,-3.102242907004893e-11,-3.106702228805602e-11,1.0,4.7380473561634675,True,1280009,1280010
beta_high_variance,9,PS,1.2115276586e-05,1e-12,0.0,1.0,0.025,1.4452189445179897e-12,1.6424639426304566e-12,1.37295799729209e-12,-2.6950594533836647e-13,-2.6711965972481276e-13,-2.928968179105596e-13,1.0,6.408923689874859,True,1280009,1280010
beta_high_variance,9,GS,1.2115276586e-05,1e-12,0.0,1.0,0.025,1.444150354856788e-12,3.3428815271463463e-12,1.3719428371139485e-12,-1.9709386900323982e-12,-1.971756091734278e-12,-1.9801937867214292e-12,1.0,8.0,True,1280009,1280010
beta_high_variance,9,PS+GS,1.2115276586e-05,1e-12,0.0,1.0,0.025,1.4452467000936053e-12,1.6326939800137552e-12,1.372984365088925e-12,-2.597096149248302e-13,-2.573496971081114e-13,-2.831268552938582e-13,1.0,6.408923689874859,True,1280009,1280010
deep_fade_mixture,9,MB-fixed,1.2115276586e-05,1.2609983713261667e-05,4.3508469646842827e-11,0.21875,0.025,1.8168381671485045e-05,1.660554964211941e-05,1.7259962587910793e-05,6.544129457913819e-07,7.69918610621366e-07,-9.594944114788012e-09,0.21875,6.408923689874861,True,1290009,1290010
deep_fade_mixture,9,MB-global-opt,1.2115276586e-05,1.2609983713261667e-05,4.3508469646842827e-11,0.21875,0.025,1.8131303204285687e-05,1.6365508781285287e-05,1.7224738044071404e-05,8.592292627861146e-07,9.320847961458136e-07,-7.3160615299272545e-09,0.125,4.7380473561634675,True,1290009,1290010
deep_fade_mixture,9,PS,1.2115276586e-05,1.2609983713261667e-05,4.3508469646842827e-11,0.21875,0.025,1.8168381672609146e-05,1.660554964211941e-05,1.7259962588978688e-05,6.544129468592776e-07,7.699186118870196e-07,-9.594943397583947e-09,0.21875,6.408923689874859,True,1290009,1290010
deep_fade_mixture,9,GS,1.2115276586e-05,1.2609983713261667e-05,4.3508469646842827e-11,0.21875,0.025,1.8200655218514328e-05,2.6380293235164776e-05,1.729062245758861e-05,-9.089670777576166e-06,-1.1549021878920487e-05,-1.1713599345311022e-05,1.0,8.0,True,1290009,1290010
deep_fade_mixture,9,PS+GS,1.2115276586e-05,1.2609983713261667e-05,4.3508469646842827e-11,0.21875,0.025,1.816837908923119e-05,1.656131068231148e-05,1.7259960134769628e-05,6.98649452458149e-07,8.262286044446989e-07,-8.502796720044608e-09,0.203125,6.408923689874859,True,1290009,1290010
lognormal_heavy_tail,9,MB-fixed,1.2115276586e-05,1.2115276586000002e-05,2.850840963045173e-10,0.15625,0.025,1.74926379721968e-05,1.5860872285895777e-05,1.661800607358696e-05,7.571337876911824e-07,1.961570273101284e-07,-1.2610813813207512e-08,0.1875,6.408923689874861,True,1300009,1300010
lognormal_heavy_tail,9,MB-global-opt,1.2115276586e-05,1.2115276586000002e-05,2.850840963045173e-10,0.15625,0.025,1.756689967903624e-05,1.5636447032434803e-05,1.6688554695084427e-05,1.0521076626496253e-06,3.2042578550495125e-07,-9.125434001777669e-09,0.078125,4.7380473561634675,True,1300009,1300010
lognormal_heavy_tail,9,PS,1.2115276586e-05,1.2115276586000002e-05,2.850840963045173e-10,0.15625,0.025,1.749263797333478e-05,1.5860872285895777e-05,1.661800607466804e-05,7.57133788772262e-07,1.9615702815389773e-07,-1.26108114084645e-08,0.1875,6.408923689874859,True,1300009,1300010
lognormal_heavy_tail,9,GS,1.2115276586e-05,1.2115276586000002e-05,2.850840963045173e-10,0.15625,0.025,1.748302421843151e-05,2.4984019079691416e-05,1.6608873007509932e-05,-8.375146072181484e-06,-4.6869969072105284e-06,-2.5732432359948378e-05,1.0,8.0,True,1300009,1300010
lognormal_heavy_tail,9,PS+GS,1.2115276586e-05,1.2115276586000002e-05,2.850840963045173e-10,0.15625,0.025,1.7492640131025472e-05,1.5819513416115427e-05,1.6618008124474196e-05,7.984947083587703e-07,2.2110128554686458e-07,-9.407181760234812e-09,0.125,6.408923689874859,True,1300009,1300010
