SNR_band,SNR_dB,T,epsilon,delta_K,K_MB,K_joint
very low,-46.98970004336019,1e-05,0.0,6.43565519453659e-07,2.4267674582449193e-06,3.0703329776985783e-06
very low,-45.323033376693516,1.4677992676220705e-05,0.0,-6.596031646803094e-08,5.2247564650424265e-06,5.1587961485743955e-06
very low,-43.65636671002686,2.1544346900318823e-05,0.0,1.5527904596653503e-06,6.542981893457403e-06,8.095772353122753e-06
very low,-41.98970004336019,3.1622776601683795e-05,0.0,7.459551720027484e-08,1.216465579929604e-05,1.2239251316496315e-05
very low,-40.323033376693516,4.641588833612782e-05,0.0,9.77474966730911e-07,1.6033834592684334e-05,1.7011309559415245e-05
very low,-38.65636671002686,6.812920690579608e-05,0.0,-1.1609313425253745e-06,2.8253954916997626e-05,2.7093023574472252e-05
very low,-36.98970004336019,0.0001,0.0,6.041206234952417e-06,2.7649310432709123e-05,3.369051666766154e-05
very low,-35.32303337669352,0.0001467799267622069,0.0,5.553405245869081e-06,4.756500753500721e-05,5.311841278087629e-05
low,-33.65636671002686,0.00021544346900318823,0.0,9.0934277113449e-06,7.067204851898266e-05,7.976547623032756e-05
low,-31.989700043360187,0.00031622776601683794,0.0,-1.3100292325892219e-06,0.00011393805241860138,0.00011262802318601216
low,-30.323033376693523,0.00046415888336127773,0.0,9.869779165209752e-07,0.00015141867160523383,0.0001524056495217548
low,-28.65636671002686,0.0006812920690579609,0.0,4.2221805457950175e-06,0.00023345103826404308,0.0002376732188098381
low,-26.989700043360187,0.001,0.0,8.072612439373006e-06,0.0003604246926568688,0.0003684973050962418
low,-25.323033376693523,0.0014677992676220691,0.0,3.532268514228813e-05,0.0005074229213565186,0.0005427456064988068
medium,-23.65636671002686,0.002154434690031882,0.0,3.4658447787568438e-06,0.0007696212091777916,0.0007730870539565484
medium,-21.989700043360187,0.0031622776601683794,0.0,0.00011413618771617738,0.0008446022342167551,0.0009587384219329325
medium,-20.323033376693523,0.004641588833612777,0.0,-5.822105486285429e-05,0.0016470962684408024,0.001588875213577948
medium,-18.65636671002686,0.006812920690579608,0.0,-0.00011064616978607349,0.002487462537705302,0.0023768163679192284
medium,-16.989700043360187,0.01,0.0,0.0005370062865958313,0.0029116218479947457,0.003448628134590577
medium,-15.323033376693523,0.01467799267622069,0.0,0.00010588707744963594,0.005122315288606123,0.005228202366055759
high,-13.656366710026857,0.021544346900318822,0.0,-0.000926163391645158,0.010049044502342215,0.009122881110697057
high,-11.989700043360187,0.03162277660168379,0.0,0.001318955025421592,0.010612672755653028,0.01193162778107462
high,-10.323033376693523,0.046415888336127774,0.0,1.1168390766022607e-07,0.019245966319563032,0.019246078003470692
saturation/highest,-8.656366710026857,0.06812920690579609,0.0,-0.0014394442862184949,0.028666944612010598,0.027227500325792103
saturation/highest,-6.9897000433601875,0.1,0.0,0.0012545136094623474,0.03544205841506116,0.036696572024523505
very low,-46.989700097646995,1e-05,0.0025,-9.285388546942386e-08,3.4363078845226852e-06,3.3434539990532614e-06
very low,-45.323033456375654,1.4677992676220705e-05,0.0025,-6.761887381726922e-07,5.703879354227817e-06,5.027690616055125e-06
very low,-43.65636682698424,2.1544346900318823e-05,0.0025,8.396195520917381e-07,5.673067999604578e-06,6.512687551696316e-06
very low,-41.989700215030155,3.1622776601683795e-05,0.0025,6.716042278013641e-07,9.908331296593074e-06,1.0579935524394438e-05
very low,-40.32303362867056,4.641588833612782e-05,0.0025,-1.6552155542489313e-06,1.66244777095e-05,1.496926215525107e-05
very low,-38.65636707987858,6.812920690579608e-05,0.0025,1.620983868718299e-06,2.016402055676399e-05,2.1785004425482288e-05
very low,-36.98970058622826,0.0001,0.0025,2.000612914473028e-06,3.0163953123185644e-05,3.216456603765867e-05
very low,-35.32303417351485,0.0001467799267622069,0.0025,1.4119539467987146e-07,5.1253524165847003e-05,5.1394719560526875e-05
low,-33.65636787960057,0.00021544346900318823,0.0025,-6.0418503326312856e-06,8.688958430685583e-05,8.084773397422454e-05
low,-31.98970176005952,0.00031622776601683794,0.0025,-2.2089089717346492e-07,0.00010643461576971266,0.0001062137248725392
low,-30.323035896463317,0.00046415888336127773,0.0025,-3.5940697022947645e-07,0.00015399701460346485,0.00015363760763323537
low,-28.656370408542607,0.0006812920690579609,0.0025,9.765639033284146e-06,0.00021832875042548193,0.00022809438945876607
low,-26.98970547203782,0.001,0.0025,-2.4064120443364123e-05,0.00037045840012173885,0.00034639427967837473
low,-25.323041344900243,0.0014677992676220691,0.0025,7.989811687133218e-06,0.00046412337504007076,0.000472113186727204
medium,-23.65637840574983,0.002154434690031882,0.0025,9.119177276891224e-06,0.0007264848940710185,0.0007356040713479097
medium,-21.989717210322986,0.0031622776601683794,0.0025,-0.00010255041240173264,0.0012767163662240398,0.0011741659538223072
medium,-20.323058574325646,0.004641588833612777,0.0025,-5.1184549673891815e-05,0.0016098931910616618,0.00155870864138777
medium,-18.65640369504264,0.006812920690579608,0.0025,0.00011772012849641574,0.0021757591248549256,0.0022934792533513414
medium,-16.989754329831136,0.01,0.0025,-0.0001317514623174823,0.003297842927967471,0.003166091465649989
medium,-15.323113058102857,0.01467799267622069,0.0025,-0.0006433624106686681,0.006111300393856743,0.005467937983188075
high,-13.656483665839216,0.021544346900318822,0.0025,0.00014686165283347725,0.007755563967695062,0.00790242562052854
high,-11.98987170993461,0.03162277660168379,0.0025,-0.0017775935588850433,0.013671826570758923,0.01189423301187388
high,-10.323285346436181,0.046415888336127774,0.0025,0.000335678140379006,0.016139452978188803,0.01647513111856781
saturation/highest,-8.656736546011881,0.06812920690579609,0.0025,0.0009376243755879997,0.0238711089987448,0.0248087333743328
saturation/highest,-6.9902428775361365,0.1,0.0025,-0.0010438147822402558,0.03988573240223178,0.03884191761999153
very low,-46.98970015193381,1e-05,0.005,-6.771432427813792e-07,3.711343148834108e-06,3.0341999060527286e-06
very low,-45.3230335360578,1.4677992676220705e-05,0.005,1.8061616084234354e-07,4.1064799924199e-06,4.287096153262244e-06
very low,-43.65636694394163,2.1544346900318823e-05,0.005,5.40661801758565e-07,4.980406600389267e-06,5.521068402147832e-06
very low,-41.989700386700115,3.1622776601683795e-05,0.005,-2.310107517248617e-06,1.3111044271285617e-05,1.0800936754037e-05
very low,-40.3230338806476,4.641588833612782e-05,0.005,-2.576155626006948e-07,1.5497012266182015e-05,1.523939670358132e-05
very low,-38.656367449730254,6.812920690579608e-05,0.005,-1.1478107201442169e-06,2.654640968136057e-05,2.5398598961216352e-05
very low,-36.98970112909626,0.0001,0.005,1.6909865417099159e-06,2.4947176459214997e-05,2.6638163000924913e-05
very low,-35.32303497033604,0.0001467799267622069,0.005,-8.053718416345394e-06,5.458451129536356e-05,4.653079287901817e-05
low,-33.656369049173975,0.00021544346900318823,0.005,1.121901162814963e-05,5.261445647809874e-05,6.383346810624837e-05
low,-31.989703476758176,0.00031622776601683794,0.005,7.3240548644844695e-06,8.975700157887917e-05,9.708105644336364e-05
low,-30.323038416231643,0.00046415888336127773,0.005,-3.1612875592834926e-06,0.00014748546326320464,0.00014432417570392115
low,-28.65637410705521,0.0006812920690579609,0.005,-1.8077486590624425e-06,0.00020797779993582855,0.0002061700512767661
low,-26.989710900708666,0.001,0.005,-1.4946731189742924e-05,0.0003422049691298963,0.0003272582379401534
low,-25.323049313092344,0.0014677992676220691,0.005,-4.66718019191071e-05,0.0005145045887215686,0.0004678327868024615
medium,-23.656390101441303,0.002154434690031882,0.005,-7.81704678119332e-05,0.0007643054528120231,0.0006861349850000899
medium,-21.98973437721792,0.0031622776601683794,0.005,0.00016987717925662053,0.0008086520230961456,0.0009785292023527662
medium,-20.323083771811575,0.004641588833612777,0.005,-0.00016960664516534356,0.001811271719472914,0.0016416650743075703
medium,-18.65644067974346,0.006812920690579608,0.005,6.078057458263784e-05,0.0019748991992099008,0.0020356797737925386
medium,-16.989808615623517,0.01,0.005,-2.3372128674795448e-06,0.003102254176166851,0.0030999169632993716
medium,-15.323192738050277,0.01467799267622069,0.005,-0.00023293274310388912,0.005458270493906361,0.005225337750802472
high,-13.656600618502033,0.021544346900318822,0.005,0.0006119473114501927,0.005327576729375995,0.005939524040826188
high,-11.990043369723715,0.03162277660168379,0.005,-6.710037639274732e-05,0.009781023355140585,0.009713922978747838
high,-10.323537301560863,0.046415888336127774,0.005,0.0008432073490916188,0.01621167403910255,0.01705488138819417
saturation/highest,-8.657106350505137,0.06812920690579609,0.005,-0.005614356115568091,0.03145615223567692,0.025841796120108826
saturation/highest,-6.990785643870536,0.1,0.005,-0.00021224421459276055,0.03469475495898464,0.03448251074439188
very low,-46.98970020622062,1e-05,0.0075,-2.523853426250615e-07,2.9431914225922874e-06,2.690806079967226e-06
very low,-45.32303361573994,1.4677992676220705e-05,0.0075,-5.073225350334569e-07,4.159319335439448e-06,3.651996800405991e-06
very low,-43.65636706089901,2.1544346900318823e-05,0.0075,3.225793935820067e-07,4.608413447323063e-06,4.93099284090507e-06
very low,-41.98970055837006,3.1622776601683795e-05,0.0075,9.16213846569026e-08,7.969617527884645e-06,8.061238912541548e-06
very low,-40.32303413262461,4.641588833612782e-05,0.0075,1.2037266086118017e-07,1.2590786496854038e-05,1.2711159157715218e-05
very low,-38.65636781958192,6.812920690579608e-05,0.0075,-3.127815609671461e-06,2.45435534463508e-05,2.141573783667934e-05
very low,-36.98970167196419,0.0001,0.0075,-4.625831200947657e-06,3.302149874100379e-05,2.8395667540056135e-05
very low,-35.32303576715707,0.0001467799267622069,0.0075,-1.7887579682795824e-06,4.402395105307375e-05,4.223519308479417e-05
low,-33.65637021874706,0.00021544346900318823,0.0075,-7.945894720329258e-06,7.449219684274588e-05,6.654630212241663e-05
low,-31.98970519345615,0.00031622776601683794,0.0075,-6.40720399204634e-06,9.681771740425539e-05,9.041051341220905e-05
low,-30.32304093599851,0.00046415888336127773,0.0075,3.883707737347287e-06,0.0001329558832472877,0.000136839590984635
low,-28.656377805564667,0.0006812920690579609,0.0075,-1.810746332370588e-05,0.0002033559453514577,0.00018524848202775183
low,-26.989716329372722,0.001,0.0075,-2.6538702517934663e-05,0.0003076903366746671,0.00028115163415673244
low,-25.323057281269826,0.0014677992676220691,0.0075,-2.989166411535547e-05,0.0004958530735590085,0.000465961409443653
medium,-23.656401797101275,0.002154434690031882,0.0075,-8.097205096648061e-05,0.000721695203735395,0.0006407231527689144
medium,-21.989751544045003,0.0031622776601683794,0.0075,6.139998004623954e-05,0.0008511904447556042,0.0009125904248018438
medium,-20.32310896915131,0.004641588833612777,0.0075,1.3904842709896136e-05,0.001502125447406088,0.0015160302901159842
medium,-18.65647766412932,0.006812920690579608,0.0075,-0.00021812005490329982,0.0023648825644338786,0.0021467625095305787
medium,-16.989862900737343,0.01,0.0075,-0.00012776961823456707,0.0033593224241540796,0.0032315528059195125
medium,-15.323272416535838,0.01467799267622069,0.0075,0.0003284126218658784,0.004128849531251772,0.0044572621531176505
high,-13.656717568015475,0.021544346900318822,0.0075,-0.0002385940036497402,0.007341345600321409,0.007102751596671669
high,-11.990215022728044,0.03162277660168379,0.0075,-0.0011269611039413565,0.01087724636800346,0.009750285264062103
high,-10.323789242069264,0.046415888336127774,0.0075,-0.001672070059211602,0.016102617877265305,0.014430547818053703
saturation/highest,-8.657476123511987,0.06812920690579609,0.0075,-0.0014463731282407175,0.02445443777048645,0.023008064642245734
saturation/highest,-6.991328342380337,0.1,0.0075,-0.0029795759784303974,0.03764888301871583,0.03466930704028543
very low,-46.98970026050742,1e-05,0.01,1.276692423335388e-07,2.71570614434798e-06,2.843375386681519e-06
very low,-45.32303369542206,1.4677992676220705e-05,0.01,-2.945462261797862e-07,3.871767718358991e-06,3.577221492179205e-06
very low,-43.65636717785638,2.1544346900318823e-05,0.01,-3.519953582239069e-07,5.232619637067039e-06,4.880624278843132e-06
very low,-41.98970073004,3.1622776601683795e-05,0.01,4.973183324412198e-08,7.3209273210010156e-06,7.3706591542451375e-06
very low,-40.32303438460161,4.641588833612782e-05,0.01,-3.8088517929265047e-07,1.1406032662734466e-05,1.1025147483441816e-05
very low,-38.656368189433536,6.812920690579608e-05,0.01,-2.8963507639515934e-06,2.3142086053666105e-05,2.024573528971451e-05
very low,-36.98970221483206,0.0001,0.01,-3.8625539626006325e-06,3.285309713031795e-05,2.8990543167717315e-05
very low,-35.323036563977965,0.0001467799267622069,0.01,1.2081326845603664e-07,3.585637419395066e-05,3.59771874624067e-05
low,-33.656371388319826,0.00021544346900318823,0.01,-8.851389682836401e-07,5.4371329697847994e-05,5.3486190729564354e-05
low,-31.98970691015345,0.00031622776601683794,0.01,6.580295110418044e-06,7.244273445275634e-05,7.902302956317438e-05
low,-30.323043455763916,0.00046415888336127773,0.01,1.498638378342558e-05,0.00010532815690950472,0.0001203145406929303
low,-28.656381504070968,0.0006812920690579609,0.01,-2.619522064521262e-06,0.00017309512552499126,0.00017047560346047
low,-26.989721758029997,0.001,0.01,-1.1372262597708605e-05,0.0002595896504806442,0.0002482173878829356
low,-25.32306524943269,0.0014677992676220691,0.01,-2.789398396432221e-05,0.0004376880754342948,0.0004097940914699726
medium,-23.656413492729754,0.002154434690031882,0.01,-3.223937425862473e-05,0.0006027080899423607,0.000570468715683736
medium,-21.989768710804228,0.0031622776601683794,0.01,-3.620460463893416e-05,0.0010638301409428821,0.001027625536303948
medium,-20.323134166344854,0.004641588833612777,0.01,-2.0829418328579012e-05,0.0012494459907660032,0.0012286165724374242
medium,-18.656514648200222,0.006812920690579608,0.01,5.6554857813904e-06,0.0016866500927230777,0.0016923055785044681
medium,-16.98991718517264,0.01,0.01,0.0005133460532158608,0.0018009637333555276,0.0023143097865713884
medium,-15.323352093559592,0.01467799267622069,0.01,-0.0002680479493287072,0.004954924869435294,0.004686876920106587
high,-13.656834514379712,0.021544346900318822,0.01,0.0007238994140434038,0.00437790789565365,0.0051018073096970535
high,-11.990386668948128,0.03162277660168379,0.01,0.0009649232413452627,0.007599145178730608,0.008564068420075871
high,-10.324041167963077,0.046415888336127774,0.01,0.00014716542661104975,0.013860370472880914,0.014007535899491963
saturation/highest,-8.657845865037796,0.06812920690579609,0.01,-0.001150682168739748,0.024367020581245253,0.023216338412505505
saturation/highest,-6.99187097308249,0.1,0.01,-0.0010336518737805445,0.030646156246342666,0.02961250437256212
very low,-46.98970031479423,1e-05,0.0125,-1.2792643898270248e-07,1.994137024352582e-06,1.8662105853698794e-06
very low,-45.3230337751042,1.4677992676220705e-05,0.0125,-4.285533283650747e-07,4.151679304772078e-06,3.7231259764070033e-06
very low,-43.65636729481375,2.1544346900318823e-05,0.0125,-3.6287571556492486e-07,4.848528726701197e-06,4.485653011136272e-06
very low,-41.989700901709945,3.1622776601683795e-05,0.0125,-1.0624254151103656e-06,7.521124189935331e-06,6.458698774824966e-06
very low,-40.3230346365786,4.641588833612782e-05,0.0125,-1.5900932652357376e-06,1.1721290436013849e-05,1.0131197170778111e-05
very low,-38.65636855928513,6.812920690579608e-05,0.0125,-1.435024583903041e-07,1.5170607841197276e-05,1.5027105382806972e-05
very low,-36.98970275769985,0.0001,0.0125,-1.4264014723005195e-06,2.1612015721276612e-05,2.0185614248976092e-05
very low,-35.32303736079871,0.0001467799267622069,0.0125,-4.660672380178254e-07,3.2757088323220873e-05,3.229102108520305e-05
low,-33.65637255789228,0.00021544346900318823,0.0125,-3.712703690779862e-06,5.123010658546848e-05,4.751740289468862e-05
low,-31.989708626850067,0.00031622776601683794,0.0125,-6.559333711342322e-06,7.295948685408503e-05,6.640015314274271e-05
low,-30.323045975527858,0.00046415888336127773,0.0125,2.566506270736558e-06,0.00010083149062654801,0.00010339799689728457
low,-28.65638520257412,0.0006812920690579609,0.0125,-1.73744878805652e-05,0.0001924630414291102,0.000175088553548545
low,-26.989727186680486,0.001,0.0125,-2.6134914358744187e-05,0.0002557888371199487,0.0002296539227612045
low,-25.323073217580934,0.0014677992676220691,0.0125,5.591580140225838e-05,0.0002711791950280002,0.00032709499643025856
medium,-23.65642518832674,0.002154434690031882,0.0125,-6.934317841740881e-06,0.0006109574352536413,0.0006040231174119004
medium,-21.989785877495596,0.0031622776601683794,0.0125,0.00011752957216573103,0.0005917391321154023,0.0007092687042811333
medium,-20.323159363392204,0.004641588833612777,0.0125,-8.801549258220884e-05,0.001260418704247534,0.001172403211665325
medium,-18.656551631956177,0.006812920690579608,0.0125,-0.00013430112716063323,0.0019407641043771128,0.0018064629772164796
medium,-16.98997146892942,0.01,0.0125,-0.00037459680787435687,0.0030845765294102833,0.0027099797215359264
medium,-15.32343176912159,0.01467799267622069,0.0125,0.00040669513279887335,0.00360411346752715,0.0040108086003260235
high,-13.656951457594914,0.021544346900318822,0.0125,0.0006909496206588392,0.004891279634110141,0.00558222925476898
high,-11.990558308384509,0.03162277660168379,0.0125,-0.0007597387235952126,0.00988179246810728,0.009122053744512068
high,-10.324293079244004,0.046415888336127774,0.0125,-0.0009211523562433956,0.01619081459775103,0.015269662241507635
saturation/highest,-8.658215575087919,0.06812920690579609,0.0125,-0.0019231378572155816,0.0214011931719523,0.019478055314736717
saturation/highest,-6.992413535993938,0.1,0.0125,-0.0007656960160130552,0.03322396331172666,0.032458267295713605
very low,-46.989700369081035,1e-05,0.015,-2.4985041117512675e-07,2.092567480049822e-06,1.8427170688746952e-06
very low,-45.32303385478634,1.4677992676220705e-05,0.015,-8.429719234352234e-07,3.4840634601499907e-06,2.6410915367147673e-06
very low,-43.65636741177112,2.1544346900318823e-05,0.015,-3.9015367510053505e-07,4.478429015408735e-06,4.0882753403082e-06
very low,-41.98970107337986,3.1622776601683795e-05,0.015,-1.096360978595586e-07,6.062854638629507e-06,5.953218540769949e-06
very low,-40.32303488855557,4.641588833612782e-05,0.015,-7.0126421419422e-07,1.0053358446926453e-05,9.352094232732233e-06
very low,-38.65636892913669,6.812920690579608e-05,0.015,-2.5706889792568667e-06,1.6702355405273645e-05,1.4131666426016779e-05
very low,-36.989703300567584,0.0001,0.015,-2.930719463467573e-06,2.2577742722088934e-05,1.964702325862136e-05
very low,-35.32303815761931,0.0001467799267622069,0.015,3.845000765186825e-08,2.5307134395443254e-05,2.5345584403095122e-05
low,-33.65637372746442,0.00021544346900318823,0.015,-3.0409421221418544e-06,4.510615780389432e-05,4.2065215681752465e-05
low,-31.989710343546008,0.00031622776601683794,0.015,2.7469729720230765e-06,5.670679176166259e-05,5.9453764733685666e-05
low,-30.32304849529034,0.00046415888336127773,0.015,-8.124441134708493e-06,0.00011794347475218752,0.00010981903361747903
low,-28.656388901074124,0.0006812920690579609,0.015,-4.81083334786801e-06,0.00015948138186271753,0.00015467054851484952
low,-26.989732615324186,0.001,0.015,-2.4638712158934583e-05,0.000269981209870466,0.0002453424977115314
low,-25.323081185714553,0.0014677992676220691,0.015,-6.355099224169717e-05,0.00043171557200367673,0.00036816457976197956
medium,-23.65643688389223,0.002154434690031882,0.015,1.9734814999091202e-05,0.0004564926511347285,0.0004762274661338197
medium,-21.98980304411911,0.0031622776601683794,0.015,-3.255143868029133e-05,0.0008278197869727794,0.0007952683482924881
medium,-20.32318456029337,0.004641588833612777,0.015,-0.00014399254614378223,0.001295665782646556,0.0011516732365027737
medium,-18.656588615397183,0.006812920690579608,0.015,2.9458105895615412e-05,0.0015607522963307912,0.0015902104022264066
medium,-16.990025752007693,0.01,0.015,-0.0005038343565818052,0.003167017966335924,0.0026631836097541187
medium,-15.323511443221896,0.01467799267622069,0.015,-6.902245057851608e-05,0.003393008239706407,0.003323985789127891
high,-13.657068397661254,0.021544346900318822,0.015,-0.0002443153288440719,0.005756018050462106,0.005511702721618034
high,-11.990729941037717,0.03162277660168379,0.015,0.00020712314229004956,0.007259697961021297,0.007466821103311347
high,-10.324544975913735,0.046415888336127774,0.015,-0.0005089211033659311,0.013297041712554513,0.012788120609188582
saturation/highest,-8.658585253667717,0.06812920690579609,0.015,0.0015881909330737725,0.014778212082825126,0.0163664030158989
saturation/highest,-6.992956031131615,0.1,0.015,-0.0016031325333135948,0.03010904883125536,0.028505916297941764
very low,-46.989700423367836,1e-05,0.0175,-4.598247673589144e-07,1.2286851571137913e-06,7.688603897548769e-07
very low,-45.32303393446846,1.4677992676220705e-05,0.0175,-8.062995935069025e-07,3.1055345207568295e-06,2.299234927249927e-06
very low,-43.65636752872849,2.1544346900318823e-05,0.0175,-6.535791372256724e-07,3.3911380891815653e-06,2.737558951955893e-06
very low,-41.98970124504979,3.1622776601683795e-05,0.0175,-6.961781649531901e-07,5.721161572536103e-06,5.024983407582913e-06
very low,-40.323035140532525,4.641588833612782e-05,0.0175,-6.073661690179426e-07,9.19933889971247e-06,8.591972730694527e-06
very low,-38.65636929898821,6.812920690579608e-05,0.0175,-1.5493240152745565e-06,1.3761108733086514e-05,1.2211784717811957e-05
very low,-36.989703843435244,0.0001,0.0175,2.496047344783636e-06,1.3041610797559489e-05,1.5537658142343125e-05
very low,-35.32303895443977,0.0001467799267622069,0.0175,-7.3350200225844985e-06,3.6519653595323826e-05,2.9184633572739327e-05
low,-33.656374897036244,0.00021544346900318823,0.0175,-1.3797755659246856e-05,6.371435926147602e-05,4.991660360222916e-05
low,-31.989712060241267,0.00031622776601683794,0.0175,-5.048570634643348e-06,6.440515100695578e-05,5.935658037231243e-05
low,-30.32305101505136,0.00046415888336127773,0.0175,7.852140084999907e-06,6.86460783092091e-05,7.6498218394209e-05
low,-28.656392599570978,0.0006812920690579609,0.0175,-2.2336638177300906e-06,0.00011233797232295115,0.00011010430850522106
low,-26.989738043961104,0.001,0.0175,3.835327279852279e-05,0.00012298200200562274,0.00016133527480414553
low,-25.323089153833557,0.0014677992676220691,0.0175,-2.18217065816261e-05,0.0002750190657827111,0.000253197359201085
medium,-23.65644857942622,0.002154434690031882,0.0175,3.978220624715589e-05,0.00046434878849262607,0.000504130994739782
medium,-21.989820210674765,0.0031622776601683794,0.0175,-6.696927228691009e-05,0.0007510704932927641,0.000684101221005854
medium,-20.32320975704835,0.004641588833612777,0.0175,-0.0001027405920001281,0.0010689335595109944,0.0009661929675108663
medium,-18.656625598523256,0.006812920690579608,0.0175,2.464633237792696e-07,0.0015526936737945655,0.0015529401371183447
medium,-16.990080034407487,0.01,0.0175,0.00016073093623701455,0.002199713360137289,0.0023604442963743037
medium,-15.323591115860552,0.01467799267622069,0.0175,-0.00013177954571409745,0.003952764777297134,0.0038209852315830364
high,-13.657185334578896,0.021544346900318822,0.0175,0.0003412746053145744,0.004370293098252526,0.0047115677035671
high,-11.990901566908294,0.03162277660168379,0.0175,0.0008067369209978359,0.007435314170855911,0.008242051091853747
high,-10.324796857973965,0.046415888336127774,0.0175,-0.0010804944176644547,0.012806666260462021,0.011726171842797567
saturation/highest,-8.658954900782547,0.06812920690579609,0.0175,-0.0011882923014391658,0.019450351638086904,0.018262059336647738
saturation/highest,-6.993498458512453,0.1,0.0175,-0.0010586247230215916,0.0313876215784395,0.03032899685541791
very low,-46.989700477654644,1e-05,0.02,-2.8826023064827984e-08,1.1239436810731946e-06,1.0951176580083666e-06
very low,-45.32303401415059,1.4677992676220705e-05,0.02,-5.519231562741324e-07,3.1217787074785015e-06,2.569855551204369e-06
very low,-43.656367645685854,2.1544346900318823e-05,0.02,-8.419321675242251e-07,3.7234890633008875e-06,2.8815568957766624e-06
very low,-41.98970141671971,3.1622776601683795e-05,0.02,-3.431917314777877e-07,4.985544504328603e-06,4.642352772850815e-06
very low,-40.32303539250947,4.641588833612782e-05,0.02,-3.272821939874024e-06,1.0526361982199356e-05,7.253540042325332e-06
very low,-38.65636966883971,6.812920690579608e-05,0.02,-5.245844198587054e-07,1.0015271866029942e-05,9.490687446171237e-06
very low,-36.98970438630283,0.0001,0.02,5.254492724541634e-06,4.466178199387844e-06,9.720670923929478e-06
very low,-35.32303975126007,0.0001467799267622069,0.02,-2.418783781784249e-06,2.4790195893276123e-05,2.2371412111491874e-05
low,-33.656376066607756,0.00021544346900318823,0.02,1.4154807197760138e-06,2.7099234655632754e-05,2.8514715375408767e-05
low,-31.989713776935854,0.00031622776601683794,0.02,-8.864186995631106e-06,5.499498388831605e-05,4.6130796892684945e-05
low,-30.323053534810917,0.00046415888336127773,0.02,1.9405339662565443e-07,7.405551795560681e-05,7.424957135223247e-05
low,-28.65639629806468,0.0006812920690579609,0.02,-2.5784610011185047e-05,0.0001458146695905604,0.00012003005957937536
low,-26.989743472591236,0.001,0.02,9.239777520268219e-06,0.00017176107025247407,0.0001810008477727423
low,-25.32309712193794,0.0014677992676220691,0.02,4.261289812657062e-05,0.00017597918811581184,0.00021859208624238247
medium,-23.656460274928715,0.002154434690031882,0.02,-2.585260535776791e-05,0.0004086098078749303,0.0003827572025171624
medium,-21.989837377162566,0.0031622776601683794,0.02,-0.00026564475874653044,0.0008989605128396858,0.0006333157540931554
medium,-20.323234953657142,0.004641588833612777,0.02,6.306542229045744e-05,0.0008581366281246611,0.0009212020504151186
medium,-18.656662581334388,0.006812920690579608,0.02,3.942834013643051e-05,0.0011667786624478978,0.0012062070025843283
medium,-16.990134316128817,0.01,0.02,0.0002620419082814372,0.00136366280352802,0.0016257047118094572
medium,-15.323670787037615,0.01467799267622069,0.02,-0.00015317474210512156,0.002940250890906051,0.0027870761488009294
high,-13.657302268348012,0.021544346900318822,0.02,-0.0013992892532482147,0.007646931328776287,0.006247642075528072
high,-11.991073185996772,0.03162277660168379,0.02,-0.0007302689188807476,0.008026853826853942,0.007296584907973194
high,-10.325048725426392,0.046415888336127774,0.02,-0.0014285666236854826,0.013037897015634297,0.011609330391948815
saturation/highest,-8.659324516437765,0.06812920690579609,0.02,-0.004222927390836687,0.02112621553890093,0.016903288148064244
saturation/highest,-6.994040818153374,0.1,0.02,-0.003367196768621166,0.03093076782453467,0.027563571055913505
very low,-46.98970053194145,1e-05,0.0225,-4.50719995015447e-07,1.0381189094873132e-06,5.873989144718662e-07
very low,-45.32303409383272,1.4677992676220705e-05,0.0225,-8.711457450960591e-07,2.0378468139033616e-06,1.1667010688073025e-06
very low,-43.656367762643214,2.1544346900318823e-05,0.0225,-2.606303269203642e-07,2.3237032292270726e-06,2.0630729023067085e-06
very low,-41.989701588389615,3.1622776601683795e-05,0.0225,4.916572572325861e-07,2.069293188785197e-06,2.560950446017783e-06
very low,-40.323035644486396,4.641588833612782e-05,0.0225,-1.3768947903762066e-06,6.76523960773482e-06,5.388344817358613e-06
very low,-38.65637003869117,6.812920690579608e-05,0.0225,-2.481660978004291e-06,8.341607300440163e-06,5.859946322435872e-06
very low,-36.98970492917036,0.0001,0.0225,-1.4132130268832715e-06,1.6899847411044878e-05,1.5486634384161607e-05
very low,-35.32304054808023,0.0001467799267622069,0.0225,-8.504380616614071e-06,2.6634667195842465e-05,1.8130286579228394e-05
low,-33.65637723617895,0.00021544346900318823,0.0225,-1.1900330611647181e-05,4.006691437371163e-05,2.8166583762064446e-05
low,-31.98971549362976,0.00031622776601683794,0.0225,-1.0085656025493608e-05,4.5653566103487355e-05,3.5567910077993746e-05
low,-30.32305605456901,0.00046415888336127773,0.0225,2.5004593963936178e-05,2.6453696614418306e-05,5.1458290578354484e-05
low,-28.656399996555237,0.0006812920690579609,0.0225,1.7119875790413074e-05,7.576729381111305e-05,9.288716960152612e-05
low,-26.989748901214575,0.001,0.0225,-3.243221585798035e-05,0.00021150667344659672,0.00017907445758861637
low,-25.32310509002771,0.0014677992676220691,0.0225,-1.2112284994995507e-05,0.00022850519288832114,0.00021639290789332563
medium,-23.656471970399714,0.002154434690031882,0.0225,-2.5467299078187284e-06,0.0003638656121683086,0.0003613188822604899
medium,-21.989854543582513,0.0031622776601683794,0.0225,-7.095256970046648e-05,0.0006412928648242387,0.0005703402951237722
medium,-20.32326015011975,0.004641588833612777,0.0225,-1.7710208589132503e-06,0.0007284756597722387,0.0007267046389133255
medium,-18.656699563830596,0.006812920690579608,0.0225,-0.0001753679392376326,0.0012794019181173062,0.0011040339788796736
medium,-16.99018859717169,0.01,0.0225,0.00016183323636072733,0.0016088704139266472,0.0017707036502873745
medium,-15.323750456753142,0.01467799267622069,0.0225,5.246386330556071e-06,0.003175678889904502,0.003180925276235058
high,-13.657419198968771,0.021544346900318822,0.0225,-0.0003610813141587052,0.005169431659496405,0.0048083503453377
high,-11.991244798303688,0.03162277660168379,0.0225,-0.00019478403854741432,0.006229666008547431,0.006034881970000017
high,-10.325300578272705,0.046415888336127774,0.0225,-0.003289780804487545,0.015515642584970228,0.012225861780482683
saturation/highest,-8.659694100638724,0.06812920690579609,0.0225,0.000933646716063696,0.012911728945516746,0.013845375661580442
saturation/highest,-6.9945831100712965,0.1,0.0225,-0.0010241280340004821,0.028419876387457587,0.027395748353457105
very low,-46.98970058622826,1e-05,0.025,-3.139294746971428e-07,1.0527702715664344e-06,7.388407968692916e-07
very low,-45.32303417351485,1.4677992676220705e-05,0.025,6.623889166057563e-08,6.126061261972153e-07,6.788450178577909e-07
very low,-43.65636787960057,2.1544346900318823e-05,0.025,-8.380834125502437e-07,2.9907295474658937e-06,2.15264613491565e-06
very low,-41.98970176005952,3.1622776601683795e-05,0.025,-1.7861126333506904e-07,2.037027320600513e-06,1.858416057265444e-06
very low,-40.32303589646331,4.641588833612782e-05,0.025,6.934262805883673e-07,3.013062142453999e-06,3.7064884230423665e-06
very low,-38.65637040854261,6.812920690579608e-05,0.025,-4.700746548902398e-07,5.350013892406001e-06,4.879939237515761e-06
very low,-36.98970547203782,0.0001,0.025,-1.2226173702630351e-06,1.1848414175400865e-05,1.062579680513783e-05
very low,-35.32304134490025,0.0001467799267622069,0.025,-8.69797308098442e-06,3.1279820442028e-05,2.258184736104358e-05
low,-33.65637840574983,0.00021544346900318823,0.025,6.386271155249068e-06,1.5349592435986975e-05,2.1735863591236043e-05
low,-31.989717210322986,0.00031622776601683794,0.025,5.970944761927523e-06,2.5194484179236177e-05,3.11654289411637e-05
low,-30.323058574325646,0.00046415888336127773,0.025,2.6803545260190237e-06,5.1598263553017256e-05,5.427861807903628e-05
low,-28.65640369504264,0.0006812920690579609,0.025,-2.846452176896762e-06,9.127776338478572e-05,8.843131120788896e-05
low,-26.989754329831136,0.001,0.025,-1.9397369727780365e-05,0.00015413289616727303,0.00013473552643949267
low,-25.323113058102855,0.0014677992676220691,0.025,-1.0790392526101626e-05,0.00026801353463288993,0.0002572231421067883
medium,-23.656483665839218,0.002154434690031882,0.025,3.4239687114379156e-05,0.0002826544416496841,0.00031689412876406323
medium,-21.98987170993461,0.0031622776601683794,0.025,8.620992888489854e-05,0.00033772873867775983,0.00042393866756265837
medium,-20.32328534643618,0.004641588833612777,0.025,4.995379927423836e-05,0.00041760696741147997,0.00046756076668571833
medium,-18.65673654601188,0.006812920690579608,0.025,-7.557937921867891e-05,0.001420932760199959,0.00134535338098128
medium,-16.990242877536136,0.01,0.025,-0.0003207613352393941,0.0023242492855411793,0.002003487950301785
medium,-15.323830125007182,0.01467799267622069,0.025,-0.0001668382747037774,0.0027840999686215596,0.0026172616939177822
high,-13.657536126441345,0.021544346900318822,0.025,-0.0005249000020012941,0.005737254417563919,0.005212354415562625
high,-11.99141640382958,0.03162277660168379,0.025,-0.0009667767520915253,0.00812594539151998,0.007159168639428455
high,-10.3255524165146,0.046415888336127774,0.025,0.0012650667517318595,0.007922917958656387,0.009187984710388246
saturation/highest,-8.660063653390779,0.06812920690579609,0.025,-0.000994910414966351,0.0181878210745916,0.01719291065962525
saturation/highest,-6.995125334283129,0.1,0.025,0.0012630061791358942,0.021919650532154517,0.02318265671129041
very low,-46.98970064051505,1e-05,0.0275,3.3144139729064574e-08,2.561923716726252e-07,2.893365114016898e-07
very low,-45.32303425319697,1.4677992676220705e-05,0.0275,1.175610807221047e-08,1.2350843047551842e-07,1.3526453854772888e-07
very low,-43.656367996557925,2.1544346900318823e-05,0.0275,-3.773597352670548e-07,1.6949781538618428e-06,1.317618418594788e-06
very low,-41.989701931729414,3.1622776601683795e-05,0.0275,7.976486354384913e-08,1.4125364442267104e-06,1.4923013077705595e-06
very low,-40.32303614844021,4.641588833612782e-05,0.0275,2.2184959374153346e-06,1.8193562363321987e-07,2.4004315610485544e-06
very low,-38.65637077839401,6.812920690579608e-05,0.0275,-5.477108036740902e-08,4.330844652233874e-06,4.276073571866465e-06
very low,-36.98970601490521,0.0001,0.0275,-2.6931906615068474e-06,8.626897154107013e-06,5.933706492600166e-06
very low,-35.32304214172011,0.0001467799267622069,0.0275,2.4860350094080275e-06,1.0159796651398865e-05,1.2645831660806892e-05
low,-33.65637957532039,0.00021544346900318823,0.0275,-6.890741641729647e-07,1.4554999120930387e-05,1.3865924956757422e-05
low,-31.989718927015534,0.00031622776601683794,0.0275,-7.659083857462331e-06,4.3042675807939767e-05,3.5383591950477435e-05
low,-30.32306109408082,0.00046415888336127773,0.0275,-1.5205481573617702e-05,6.26686309658897e-05,4.7463149392272e-05
low,-28.656407393526898,0.0006812920690579609,0.0275,-3.529296411411606e-05,0.00012555804100333742,9.026507688922137e-05
low,-26.989759758440908,0.001,0.0275,-9.786366529816642e-05,0.0002725211374601687,0.00017465747216200228
low,-25.32312102616338,0.0014677992676220691,0.0275,-2.3349209903781784e-05,0.00021345833765836394,0.00019010912775458216
medium,-23.656495361247227,0.002154434690031882,0.0275,4.0756431757893354e-05,0.00019508352856405505,0.0002358399603219484
medium,-21.98988887621885,0.0031622776601683794,0.0275,2.6272397655713298e-05,0.00041179526500877774,0.00043806766266449103
medium,-20.323310542606432,0.004641588833612777,0.0275,-0.00010960937441037227,0.0007751724324851786,0.0006655630580748063
medium,-18.656773527878247,0.006812920690579608,0.0275,-0.00019635009762506458,0.001602983867918143,0.0014066337702930785
medium,-16.990297157222166,0.01,0.0275,-0.00036909358868026233,0.001863776121453926,0.0014946825327736637
medium,-15.323909791799794,0.01467799267622069,0.0275,0.00012027589947710346,0.002667965407515474,0.0027882413069925775
high,-13.657653050765902,0.021544346900318822,0.0275,-0.0003964068347135229,0.004066558585707695,0.0036701517509941718
high,-11.991588002574982,0.03162277660168379,0.0275,0.0006879391442806094,0.004194466097246591,0.0048824052415272
high,-10.325804240153776,0.046415888336127774,0.0275,-0.00032948174368412075,0.010387538800618277,0.010058057056934156
saturation/highest,-8.66043317469928,0.06812920690579609,0.0275,-0.0006235388153189199,0.015461937668330686,0.014838398853011766
saturation/highest,-6.995667490805776,0.1,0.0275,-0.0015697509589537861,0.027441153333358087,0.0258714023744043
very low,-46.98970069480186,1e-05,0.03,1.3989799660940697e-07,-5.59993733532476e-07,-4.2009573692306903e-07
very low,-45.32303433287909,1.4677992676220705e-05,0.03,7.339698337993753e-08,1.26848520635528e-07,2.0024550401546553e-07
very low,-43.65636811351528,2.1544346900318823e-05,0.03,5.4843096686240776e-08,4.172733359730771e-07,4.721164326593179e-07
very low,-41.9897021033993,3.1622776601683795e-05,0.03,-1.768076916253139e-06,3.170693689410105e-06,1.4026167731569659e-06
very low,-40.323036400417095,4.641588833612782e-05,0.03,-8.28047764474721e-07,-5.673348706529004e-07,-1.3953826351276214e-06
very low,-38.656371148245384,6.812920690579608e-05,0.03,6.131141959760556e-07,2.9105222696834625e-06,3.523636465659518e-06
very low,-36.98970655777253,0.0001,0.03,-6.622477474701057e-07,7.591635682357978e-06,6.929387934887872e-06
very low,-35.323042938539835,0.0001467799267622069,0.03,1.1326069989880895e-06,6.794324160767446e-06,7.926931159755535e-06
low,-33.65638074489064,0.00021544346900318823,0.03,-1.110403211385484e-05,3.1485021290267313e-05,2.0380989176412474e-05
low,-31.9897206437074,0.00031622776601683794,0.03,-9.493150613855855e-06,2.6071412163982267e-05,1.6578261550126412e-05
low,-30.323063613834528,0.00046415888336127773,0.03,-7.840231829714374e-06,4.217798763723004e-05,3.433775580751567e-05
low,-28.656411092008007,0.0006812920690579609,0.03,-6.754120473395606e-06,8.434280251086901e-05,7.75886820374734e-05
low,-26.989765187043897,0.001,0.03,-6.12901604698142e-06,7.079824353501958e-05,6.466922748803816e-05
low,-25.323128994209295,0.0014677992676220691,0.03,-3.933881938992606e-05,0.0001768436450200489,0.00013750482563012283
medium,-23.656507056623738,0.002154434690031882,0.03,-3.990340803395497e-05,0.0003251405603279076,0.0002852371522939526
medium,-21.989906042435237,0.0031622776601683794,0.03,-0.00010310552591511092,0.000585636793219309,0.00048253126730419806
medium,-20.323335738630504,0.004641588833612777,0.03,-0.00020732961814037658,0.0008731492162705889,0.0006658195981302124
medium,-18.656810509429704,0.006812920690579608,0.03,-7.740974485444707e-05,0.0009053668739700994,0.0008279571291156523
medium,-16.9903514362298,0.01,0.03,-0.0001432447338008732,0.0015248823765217068,0.0013816376427208336
medium,-15.323989457131027,0.01467799267622069,0.03,-0.0005862771666397628,0.0026607404850214796,0.0020744633183817167
high,-13.65776997194261,0.021544346900318822,0.03,3.56062832018722e-05,0.0034818283791263386,0.0035174346623282108
high,-11.99175959454043,0.03162277660168379,0.03,0.0005210975587895154,0.00407305001524684,0.004594147574036356
high,-10.32605604919192,0.046415888336127774,0.03,-5.311709549235717e-05,0.009327604539724818,0.009274487444232461
saturation/highest,-8.660802664569578,0.06812920690579609,0.03,0.0006948407313527357,0.013876370443972302,0.014571211175325038
saturation/highest,-6.9962095796561385,0.1,0.03,0.004762034401138832,0.015886762754634225,0.020648797155773058
