3.283353862536859680e-01,1.029266869785100034e-17,-1.530395663580144500e-17,5.079556268713488293e-18,-2.129163794579783098e-04,-3.110421338075019349e-18,4.275652371581855920e-18,4.169886278286162392e-19,5.574233778435106061e-07,8.614239396717414490e-19,-3.656936681722274464e-19,-2.256458219328353318e-20,-1.486004295388128530e-08,-6.026589475513885081e-20,7.540117181955040257e-21,-4.806684490758377269e-20,-1.961736998962748108e-08,1.210317092068368981e-20,-1.210152559090265059e-20,2.724624704819370601e-22,-1.819649133861025558e-08,3.693302864530616479e-22,6.910206311575750879e-22,7.445010936980252768e-22,-1.080568357119467363e-08,-1.415201476163963804e-22,7.090052250820257240e-23,7.920066593496786845e-23,-4.372293075450228361e-09,-4.575234474768360441e-23,1.152317423671530521e-23,-1.350070061821943931e-23,-1.253400427075669504e-09,4.122167410520454295e-24,-1.877511879561799257e-24,9.059719781367441136e-25,-2.598490778968563006e-10,-5.844576338141673928e-25,9.681775477035695867e-26,-1.440661511428069127e-25,-3.895963413795931105e-11,2.438111445648786254e-26,-8.026942810234278808e-27,-5.972940462566577394e-27,-4.088572888084620668e-12,-1.431844172734356818e-27,3.094678433163653422e-27,-1.585987131391355872e-27,-2.651424320245011215e-13,5.766850551077588060e-28
1.029266869785100034e-17,2.221612239293218050e-01,-3.529256664574788845e-18,-2.779065719967910755e-18,2.399422612126954875e-18,-3.262431949093260787e-04,-7.820905207029847332e-18,2.914625075119365601e-18,2.865285762329185765e-19,1.185371054488616188e-06,1.103580121511047638e-18,5.377870189733476028e-19,-1.304310545667960860e-20,2.645349656155769905e-08,-6.617823449764821821e-20,5.284924578416936826e-20,-2.325125324417046021e-20,3.105544637268637624e-08,-2.015133717588042192e-21,-9.869696490089952224e-21,1.223497241490586568e-20,1.378787085329101927e-08,-3.190692500009892442e-21,9.202443758311303340e-22,3.591354021707832916e-23,1.079166765694493470e-09,-3.464241742625576938e-22,-1.117804914694891417e-22,2.040382510199833235e-22,-1.954940326957616777e-09,-8.263521656215065412e-23,3.097773077869356361e-23,-3.025890059381822501e-23,-1.146081267571312427e-09,8.838618808276324185e-24,-4.560314315377506637e-24,5.373022344464411823e-24,-3.435814973182295607e-10,-4.715253604915929115e-25,3.914749165914930042e-25,-3.374827564259240776e-25,-6.568133154143282666e-11,-8.599465172451580278e-26,-1.858364156040570002e-26,5.248869689567498814e-26,-8.251835281551349014e-12,-8.188191306919441366e-27,9.666462187095364142e-27,-4.958607086896263112e-27,-6.241732809274720918e-13
-1.530395663580144500e-17,-3.529256664574788845e-18,1.497991766738363262e-01,-1.591601561866210445e-17,5.733231004223276184e-18,5.415807705079636725e-18,-3.859482043356863906e-04,-2.581866020493163166e-18,3.712796785352457153e-19,3.074503736963305663e-19,1.770067173215775115e-06,4.847869664991335779e-19,-5.446533895047027605e-19,-3.510141164943470096e-19,-5.695433142885088657e-08,-2.745291740311767461e-19,3.496959007464267383e-20,5.533734182845445866e-20,-1.787647640504676496e-08,4.812920049554901120e-20,-3.518622622943620182e-20,-1.469154762027640493e-20,2.845141452261489882e-09,-4.655036873971884461e-21,2.356165080817426757e-21,8.200645902055638591e-22,4.115066668949228529e-09,1.389535260885662973e-22,-2.540369276697455494e-23,4.458530973741843489e-22,5.744553887382814954e-10,-1.470854979411761923e-22,3.605865384786420208e-23,-5.058572921312453865e-23,-4.993077046337371612e-10,1.423082846862700695e-23,-9.806170918211849162e-24,1.642396966187020874e-24,-2.860560497399656672e-10,-1.307839379953366173e-24,7.053449486569534557e-25,-1.189825591317076502e-25,-7.465954668456043213e-11,-6.602223434827529366e-27,-1.211814002681311665e-26,7.883190563867381229e-26,-1.152860536747659992e-11,8.595231208061839379e-27,8.191815971204802287e-27,-2.677665083256283790e-27
5.079556268713488293e-18,-2.779065719967910755e-18,-1.591601561866210445e-17,1.006451931764719282e-01,4.405598740954649029e-18,-1.253254430928043079e-17,6.389942312862598332e-19,-4.012231655213196091e-04,1.995926191417502256e-19,-6.816414517915592026e-19,-1.845163657210979037e-20,2.448135915119104540e-06,9.128707583708642217e-19,-2.189319976516124820e-19,-2.956962804369267169e-19,9.911723074532709460e-09,-1.608203314231824385e-19,5.969240060556085359e-20,-5.850568174672680569e-20,-5.243842716771203543e-09,4.388046861748433433e-20,8.602318295820779659e-21,1.333974872055081829e-20,-5.886079295771762271e-09,-7.131364073722217341e-21,1.583083288552637502e-21,9.401930573656655085e-22,8.095024924232629042e-10,1.065894592529464756e-22,-7.675402041226214813e-22,2.058266402059244946e-22,1.156145171956318725e-09,-7.636631890725327684e-23,6.327802925830785179e-23,-4.665816431542826950e-23,6.550628670314362931e-11,1.713450101793775279e-23,-3.962542404131396532e-24,5.763788143739713515e-24,-1.543479903103148214e-10,-1.766725586369604745e-24,-3.504562019946645618e-26,-8.931485141064558713e-25,-6.454582663694549284e-11,6.733913902192862024e-27,-1.932464125619748921e-25,1.265239214742007941e-25,-1.277604626204283260e-11,1.031189114543591369e-27,-2.611059073960454998e-27
-2.129163794579783098e-04,2.399422612126954875e-18,5.733231004223276184e-18,4.405598740954649029e-18,6.737037816070551299e-02,1.421331948117173620e-17,4.835010768059833966e-18,-1.226898670639071672e-18,-3.849307270267911078e-04,-3.270005688981624596e-18,7.726127732856288892e-20,-5.924657978316595169e-19,2.798426466276225323e-06,7.157554373150169021e-19,3.742515577171225708e-19,-1.980513550883412651e-19,-2.258913962826946932e-08,-1.251997378602792747e-19,6.790011517555646564e-20,-3.730240017713595176e-20,9.273412843089001739e-09,-6.266844048012695244e-21,-1.373242892316427218e-20,1.040167905700989769e-22,-2.148579075313658775e-09,-8.852563245723691362e-21,1.483735446841973673e-21,-3.113754186910296690e-21,-1.498548415754350081e-09,1.049717702780579725e-21,-3.054959796758614341e-22,2.601841500651822570e-22,4.878989962120842028e-10,-6.389372748722524394e-23,2.913338823745952854e-23,-2.233913508572595049e-23,2.752450488152443871e-10,1.101771418519064613e-23,-5.254901421460550822e-24,7.416293573566236435e-24,-3.096812778837446357e-11,-2.664328009146938449e-24,6.123986147720505283e-25,-7.177174844836548557e-25,-4.294077977787930362e-11,-1.196228676677142302e-26,-4.294804293210897779e-26,5.964695633511853412e-26,-1.178143041779359570e-11,-2.069852686164151826e-26
-3.110421338075019349e-18,-3.262431949093260787e-04,5.415807705079636725e-18,-1.253254430928043079e-17,1.421331948117173620e-17,4.492481992290130871e-02,-7.422308130376422431e-18,4.289898113631175586e-18,-6.968368552891457958e-20,-3.488620078504192298e-04,2.371825806464773981e-19,-2.718649678160560796e-19,-4.882771143663804572e-19,3.155250904043566171e-06,1.763215874419640788e-19,3.197667231500886523e-19,-2.789723471722652190e-20,-4.765609171175871435e-08,-1.250536190946141526e-19,6.023551009272147629e-20,-4.187677509752489265e-20,2.981326733536294513e-09,9.319431393692419465e-22,2.961181422024725487e-21,-1.722121436306629962e-20,2.114738503353400974e-09,-5.113140528496599140e-21,3.028074717471098395e-21,1.567533293197859737e-22,-1.123641152550293589e-09,1.120247247738711788e-21,-2.881232393904436019e-23,1.275773118956304730e-22,-1.912664973271171710e-10,-1.739585970773788404e-23,-1.097170250823535813e-23,-3.661884433426884591e-23,2.065008776010469783e-10,1.497716799611956947e-23,3.891902510491581261e-25,6.877716934327410708e-24,3.846542072476651808e-11,1.688949620356375833e-24,-1.875655165533297403e-25,-1.062903295085739096e-25,-1.997648732132395999e-11,-3.507196698522096386e-26,-1.275766767016373437e-25,-3.560444809624514683e-26,-9.169490648669225439e-12
4.275652371581855920e-18,-7.820905207029847332e-18,-3.859482043356863906e-04,6.389942312862598332e-19,4.835010768059833966e-18,-7.422308130376422431e-18,2.983933809878557344e-02,3.309550628016264490e-18,-1.176279213517913497e-18,6.140096857221461000e-19,-3.032928587100788289e-04,8.982946716178990841e-19,1.599016053625703932e-19,-5.448887977117987842e-19,3.297446178931571053e-06,-2.350041441840244818e-19,1.141731283579434898e-19,-1.047301693196039162e-20,-3.978795782568084959e-08,-1.375234288412068043e-19,3.474581491621732083e-20,-2.281691662260287557e-20,-3.303510159187215421e-09,1.979837611679545489e-20,2.615737384366949936e-21,5.844550975376102554e-21,1.807838943548958517e-09,-2.384983546298701419e-21,-1.544694413827785305e-21,-1.904888138391800170e-21,5.961125775727671320e-11,3.122238887661484393e-23,-2.935698951078118690e-22,5.236958511126624397e-23,-3.684231910088594594e-10,-5.427912706199319222e-23,-3.961465158216079184e-23,-3.744226681346940068e-23,5.427696537923368088e-11,-1.955933282841185511e-25,-6.539861481273217861e-24,3.148608930001212375e-24,5.292135708313447366e-11,1.537016587732619402e-26,-1.388298089014801875e-24,-4.962850172490220630e-25,-2.874270190341907572e-12,-1.111378797711570272e-25,6.479029650912107683e-26,-9.628915095218192198e-26
4.169886278286162392e-19,2.914625075119365601e-18,-2.581866020493163166e-18,-4.012231655213196091e-04,-1.226898670639071672e-18,4.289898113631175586e-18,3.309550628016264490e-18,1.973913004436412752e-02,-4.721745642606376566e-20,8.586255982051149525e-19,-3.153436061942299538e-19,-2.549150792530909958e-04,-6.960483776240403273e-19,9.305441699127475558e-19,-6.059039749767916320e-20,3.256198669804491131e-06,1.377900836938445433e-19,-2.411083514199783340e-19,-6.383553557220803108e-20,-3.869218634321569853e-08,-6.305808129275392750e-20,3.215281094860644756e-20,-2.980151268275218629e-21,-1.571302811224477579e-09,-2.371365724481796971e-21,-8.279614297793924598e-21,-5.338089090780764922e-22,-1.761078190935163752e-10,-5.017409938396968007e-22,3.833500729109607287e-21,-6.289798907178747014e-22,5.715875182888155029e-10,6.196148748390019047e-22,-4.972664352227659461e-22,1.467679500696037525e-22,-1.957628424875725424e-10,-2.592499857143849661e-24,3.628851484081088969e-23,-3.327877255168325220e-23,-4.779706563367530943e-11,3.866737411016487378e-24,-2.652972205715471833e-24,7.349974826125211193e-25,3.573413503260353527e-11,8.094375530727966773e-25,5.261674669454602783e-25,-2.777105930740049960e-25,5.972794818479588067e-12,1.793869698472580846e-26,1.728144081434303146e-25
5.574233778435106061e-07,2.865285762329185765e-19,3.712796785352457153e-19,1.995926191417502256e-19,-3.849307270267911078e-04,-6.968368552891457958e-20,-1.176279213517913497e-18,-4.721745642606376566e-20,1.300279621963454195e-02,-1.008870517560001222e-18,3.750496890884213027e-19,1.056734256568665035e-18,-2.084801484244686888e-04,-2.740483815409814833e-19,-1.112773285735572027e-19,-3.471785148784402069e-19,3.122231016161376088e-06,2.160188843887252050e-19,3.338637495853425007e-21,-5.768457554694857072e-20,-4.856063229055039534e-08,1.427746382224049985e-20,-7.320972392116933532e-20,1.242854344656440897e-21,1.866054518234577842e-09,5.269535563504120972e-21,-5.064846619677420723e-21,8.087494240253738712e-21,-9.782051698529751260e-10,-3.105222186059231936e-21,1.163700191389996453e-21,-1.653662660375489556e-21,3.636448864529434631e-10,8.543973235251112651e-22,-2.349292465146007028e-22,-6.039041987296588714e-23,1.643579470362616197e-11,-3.552479207747954994e-23,3.685671561116524903e-23,-2.743973772720767464e-24,-6.975606382199235042e-11,6.240205304660291786e-24,2.157746417510991312e-24,2.490932437874833949e-24,1.174622967969130995e-11,-4.869606813493097034e-25,-6.512632640438278076e-25,-2.105785300396968913e-25,7.953996803185077533e-12,-4.001102511280971877e-26
8.614239396717414490e-19,1.185371054488616188e-06,3.074503736963305663e-19,-6.816414517915592026e-19,-3.270005688981624596e-18,-3.488620078504192298e-04,6.140096857221461000e-19,8.586255982051149525e-19,-1.008870517560001222e-18,8.528364348603925324e-03,2.715557494423329219e-19,-2.549372298698181012e-19,4.816559722324684308e-19,-1.666543718356328888e-04,1.109112517694440340e-18,-5.182516606084243640e-19,-2.788482153176582244e-20,2.907305955714317068e-06,5.531298107804780863e-20,2.771559623442537304e-20,-1.935183486962680593e-20,-5.490498586736578074e-08,1.968792715240827099e-20,-1.812327250021644612e-20,4.639909198118974030e-22,2.533548134272939539e-09,-2.149568872928711731e-21,-6.910291889904022228e-21,-1.004685675824790514e-22,-5.192241814421215698e-10,-1.546588991988031181e-21,1.630546596508195981e-21,-3.383339856603879941e-22,-9.226551902996807490e-12,1.628324523830437558e-22,1.022399533573244241e-22,1.096026933407245205e-22,1.077426221316355152e-10,-8.333359995331586035e-23,-1.837865475163576632e-23,-9.374494831509932355e-24,-4.313142730066169660e-11,-2.981136915266412453e-24,1.323051032962577841e-24,2.232009356119572570e-24,-4.680256582274144451e-12,5.715644357124527775e-25,3.317977749707364852e-25,5.425722197237701517e-25,6.053959864770545053e-12
-3.656936681722274464e-19,1.103580121511047638e-18,1.770067173215775115e-06,-1.845163657210979037e-20,7.726127732856288892e-20,2.371825806464773981e-19,-3.032928587100788289e-04,-3.153436061942299538e-19,3.750496890884213027e-19,2.715557494423329219e-19,5.568685665201097632e-03,1.749755390105644548e-19,-8.828726354168567257e-20,5.417113744405323811e-20,-1.305752220417368198e-04,4.626695409274489418e-19,-6.240533594895123862e-20,1.255236407661163215e-19,2.621865003736532884e-06,7.830958521703650062e-20,-2.772577891599838900e-20,-6.898636119468194475e-20,-5.405561498555449908e-08,6.110899768915277603e-22,7.990932749635755336e-21,-2.066001214789373175e-21,1.397404150625877352e-09,6.742415311018022308e-21,4.279677923674568611e-21,1.757487080114102242e-21,1.175801081177245326e-10,-2.143888064669161763e-21,5.131292323959554964e-22,2.583193570381648758e-22,-1.833336348332309663e-10,6.225331805608892741e-23,-1.774232169232976334e-22,1.075149003798538325e-22,8.641906492357618259e-11,-1.527386173801681290e-23,-1.113986744143395634e-23,-1.629688180345638808e-23,-8.288406741168711973e-12,2.030035720834026476e-24,4.679319361527845281e-24,1.354366889181367212e-24,-1.041482344540705402e-11,-7.160332664510079955e-26,-1.675188933161998982e-25,5.519501981650375400e-25
-2.256458219328353318e-20,5.377870189733476028e-19,4.847869664991335779e-19,2.448135915119104540e-06,-5.924657978316595169e-19,-2.718649678160560796e-19,8.982946716178990841e-19,-2.549150792530909958e-04,1.056734256568665035e-18,-2.549372298698181012e-19,1.749755390105644548e-19,3.619353746969449902e-03,-4.130848920938639419e-19,-7.914160434731925018e-19,1.277109213176348537e-19,-1.004998774891598264e-04,-9.103237360454350422e-20,2.089389376507656110e-19,9.555883493621244237e-20,2.301095653733370958e-06,6.295271037116405782e-20,4.520857296207490235e-20,-2.215331953058986533e-20,-5.078020661691148770e-08,-2.514575162135449639e-20,1.489550828719175081e-20,5.390257030422882192e-21,5.892386842671241384e-10,-5.353215252513775394e-21,-5.863587908730772540e-21,1.348132338431675545e-21,3.176505327808910231e-10,-5.489343008828434689e-22,-1.637155596830368695e-22,-4.854746441087160867e-22,-1.441327253769309930e-10,1.533844483369417087e-22,-6.089246668084422952e-23,-1.830965093679693705e-24,2.597397942406910276e-11,-3.602557360188833177e-24,-2.625418166152144373e-24,6.566351957314866906e-24,1.249812469122312453e-11,-2.154486417241693298e-24,-2.058430563033682137e-24,2.065679611975532673e-25,-8.754340455121745936e-12,6.587304102957536980e-26,-7.853243352716143271e-25
-1.486004295388128530e-08,-1.304310545667960860e-20,-5.446533895047027605e-19,9.128707583708642217e-19,2.798426466276225323e-06,-4.882771143663804572e-19,1.599016053625703932e-19,-6.960483776240403273e-19,-2.084801484244686888e-04,4.816559722324684308e-19,-8.828726354168567257e-20,-4.130848920938639419e-19,2.341219909722293442e-03,1.098555680933908203e-19,-4.379109631970877036e-19,2.987884283664660403e-20,-7.613253849367529165e-05,-1.260197034886731395e-19,2.512774678131526766e-20,-4.101192304459909801e-20,1.977475277153707803e-06,-7.594002032947269114e-20,1.937674781736056580e-20,1.113514351467086661e-21,-4.820789388328176815e-08,9.381926936222621936e-21,-5.868856264810080653e-21,4.037021860028806768e-21,7.051453536509361235e-10,1.724660066114733717e-21,-6.179625886437936521e-22,1.602895081368771659e-21,1.592746771684511586e-10,4.230447221840535209e-22,2.589228624556145260e-22,1.356091528446797597e-22,-3.197779711551127838e-11,7.461266060456343185e-23,-8.382579028027059592e-23,-4.992366192119970007e-24,-1.779422002877526494e-11,-1.637195611808446133e-23,-7.557021661128736195e-24,-3.107682826238346283e-24,1.649151513245683047e-11,1.661782828502374629e-24,2.187735103253433343e-24,4.541314459176320761e-25,-4.386612912779909852e-12,7.045222081220229913e-25
-6.026589475513885081e-20,2.645349656155769905e-08,-3.510141164943470096e-19,-2.189319976516124820e-19,7.157554373150169021e-19,3.155250904043566171e-06,-5.448887977117987842e-19,9.305441699127475558e-19,-2.740483815409814833e-19,-1.666543718356328888e-04,5.417113744405323811e-20,-7.914160434731925018e-19,1.098555680933908203e-19,1.507046646361551038e-03,4.213030384743605688e-21,1.041203232711311663e-19,-8.276585592679118224e-20,-5.684525678178030286e-05,-8.242512138059822153e-20,4.034556361535102841e-20,-5.621403928430302755e-21,1.668119464530985313e-06,3.018558073424235588e-20,1.928652330838310528e-20,-1.605557690134461759e-20,-4.589923400492586194e-08,3.416780995662519403e-21,3.584681999478330427e-21,-4.857517980815353677e-21,1.188203171198256885e-09,1.251166818139357127e-21,-2.501694993666791445e-21,5.824458189560031284e-22,-5.399113871029464456e-11,-1.966351295499896281e-22,-2.966295399519785849e-22,-2.181846385354165024e-22,4.321919467176557034e-11,1.912465406132824901e-22,-1.881311808330277373e-23,-4.839491259575379688e-24,-2.963386117195614557e-11,-8.600174210493954239e-24,-1.020691823054332041e-24,1.194322788730128337e-24,1.079430836308236680e-11,-4.117222836529504815e-25,-3.427765582320032767e-25,-4.659454268342219489e-25,-5.697062448000703007e-13
7.540117181955040257e-21,-6.617823449764821821e-20,-5.695433142885088657e-08,-2.956962804369267169e-19,3.742515577171225708e-19,1.763215874419640788e-19,3.297446178931571053e-06,-6.059039749767916320e-20,-1.112773285735572027e-19,1.109112517694440340e-18,-1.305752220417368198e-04,1.277109213176348537e-19,-4.379109631970877036e-19,4.213030384743605688e-21,9.652004819463322772e-04,-3.044683047351623397e-19,4.176805695697051364e-20,-8.250573816883750519e-20,-4.187467410331549827e-05,-6.886031838764092467e-20,-6.852248321029103459e-21,1.477393687868577763e-20,1.381321040805721560e-06,8.711002276188638387e-21,9.133367765701477471e-21,-4.414538528986198968e-21,-4.264853030297313306e-08,-8.431691898442394146e-21,6.087508353360913127e-22,-1.327108703058330722e-21,1.472348850549617504e-09,3.048847181789811351e-21,-1.266048641001611109e-21,2.109157081232500771e-22,-1.482288306839443357e-10,-1.212332546305196454e-22,5.711137523375692599e-22,-9.014249192910635866e-23,5.572778958605055676e-11,8.828577841548025113e-23,-5.557421388378367176e-23,3.376859837584032462e-23,-2.030107266650771468e-11,-1.440497878257018165e-24,-7.936472472115571620e-24,-4.925622248651030641e-24,3.239554962521222657e-12,-2.648553157625233876e-25,9.189999221144501249e-25,-7.461488203687253422e-25
-4.806684490758377269e-20,5.284924578416936826e-20,-2.745291740311767461e-19,9.911723074532709460e-09,-1.980513550883412651e-19,3.197667231500886523e-19,-2.350041441840244818e-19,3.256198669804491131e-06,-3.471785148784402069e-19,-5.182516606084243640e-19,4.626695409274489418e-19,-1.004998774891598264e-04,2.987884283664660403e-20,1.041203232711311663e-19,-3.044683047351623397e-19,6.149606078318513736e-04,1.350301350996734850e-19,-6.294042798648235439e-20,-4.077348893985005886e-20,-3.045494811828017547e-05,-5.404206009736911178e-20,4.418354890919538837e-20,5.093067353762631664e-21,1.123065223916686207e-06,-2.363080526653539663e-21,-3.576635631663327194e-21,-3.565654926670024619e-21,-3.826647916745305072e-08,1.896910937104490111e-21,3.981696939924858317e-21,-4.259398543279891178e-22,1.437792887532495941e-09,2.424996287972840898e-23,-7.998711136309988089e-23,4.855445182522569430e-22,-1.261238428982520041e-10,-1.580698529736220786e-22,9.654063002352297187e-23,-3.055640725687829869e-23,3.161166659840977798e-11,3.820257726480865363e-23,-1.177304665768709420e-23,3.861253250003390904e-24,-5.817571507753694881e-12,-4.343506009470341609e-24,3.442493864068582797e-24,2.059772621517237737e-24,-1.796024234043063059e-12,-9.682415641810281219e-25,1.697139577556078854e-24
-1.961736998962748108e-08,-2.325125324417046021e-20,3.496959007464267383e-20,-1.608203314231824385e-19,-2.258913962826946932e-08,-2.789723471722652190e-20,1.141731283579434898e-19,1.377900836938445433e-19,3.122231016161376088e-06,-2.788482153176582244e-20,-6.240533594895123862e-20,-9.103237360454350422e-20,-7.613253849367529165e-05,-8.276585592679118224e-20,4.176805695697051364e-20,1.350301350996734850e-19,3.897221963843125730e-04,5.733073937164975875e-20,4.136265296229570093e-20,-1.257704372256010358e-20,-2.188262380082137660e-05,-2.164595388276529582e-20,-2.856237855196003430e-20,3.239925095495993797e-21,8.976789906804255016e-07,2.748770450921294689e-21,-2.803639879088584842e-21,2.342199062947977392e-21,-3.336532089781231842e-08,6.160266053275284345e-22,-6.769799785116561074e-23,-6.893581053349150091e-22,1.245084689139517108e-09,-5.965700894740594652e-22,-4.545731075802600384e-22,-3.691616600944664526e-23,-6.355319421819252424e-11,-4.789165720354624195e-23,1.135666739011802035e-22,1.751377232496307912e-23,3.600799915561292973e-12,2.460256477170047596e-23,-4.287956938807267713e-24,-2.792946257716887877e-24,3.989587074453830267e-12,-4.371172939138252935e-24,-3.012498510120226891e-24,-1.226836479799717560e-25,-3.480434075498740102e-12,-1.660419676858152720e-24
1.210317092068368981e-20,3.105544637268637624e-08,5.533734182845445866e-20,5.969240060556085359e-20,-1.251997378602792747e-19,-4.765609171175871435e-08,-1.047301693196039162e-20,-2.411083514199783340e-19,2.160188843887252050e-19,2.907305955714317068e-06,1.255236407661163215e-19,2.089389376507656110e-19,-1.260197034886731395e-19,-5.684525678178030286e-05,-8.250573816883750519e-20,-6.294042798648235439e-20,5.733073937164975875e-20,2.456319172769389826e-04,-6.767945848844591538e-20,6.993123813168051819e-21,-1.285995645571814492e-20,-1.554265535063494976e-05,3.983764110939392843e-20,-3.222405673220491145e-20,5.121708482472280247e-21,7.066018629141028348e-07,-1.499090376841902256e-21,-2.495832401982371378e-21,-1.816890906362788039e-21,-2.858001259613727420e-08,-1.201820728618524043e-21,8.821037082216715936e-22,-2.932080621687721360e-22,1.061879873258218212e-09,1.222191666789776242e-22,1.335909063383697643e-22,1.800668795951372120e-22,-1.922823301281745648e-11,-1.980564423310316713e-22,3.618281029779822996e-23,-2.545034412021063469e-23,-1.138460836576605899e-11,1.656097981274989929e-23,8.750666843378018424e-26,2.932290648015127402e-25,6.978221270542471965e-12,-2.013223517221956272e-24,1.663710804808680132e-24,-4.620579202932928028e-25,-2.899399091222680528e-12
-1.210152559090265059e-20,-2.015133717588042192e-21,-1.787647640504676496e-08,-5.850568174672680569e-20,6.790011517555646564e-20,-1.250536190946141526e-19,-3.978795782568084959e-08,-6.383553557220803108e-20,3.338637495853425007e-21,5.531298107804780863e-20,2.621865003736532884e-06,9.555883493621244237e-20,2.512774678131526766e-20,-8.242512138059822153e-20,-4.187467410331549827e-05,-4.077348893985005886e-20,4.136265296229570093e-20,-6.767945848844591538e-20,1.539498226212297467e-04,3.271590684099646082e-20,-1.967524646739687027e-20,-1.444890740453428927e-20,-1.091734610112598504e-05,2.605685653290666942e-20,-3.596868303711438139e-21,7.829943044410641848e-21,5.483800112796473232e-07,-6.502576655204455251e-22,2.431606493621299307e-21,4.142171540844641787e-22,-2.420605053764004285e-08,-1.401198721225079888e-21,7.151933259715216548e-22,-4.632437612495699948e-22,9.478051041901517872e-10,7.118276911930937374e-24,-1.893651569333221556e-22,5.434673559701425382e-23,-8.613313768165768285e-12,-1.030340694640026171e-22,5.669507210766429021e-23,-5.799150017107603201e-24,-1.254024378758512211e-11,1.773106879447163815e-25,5.200747442009117780e-24,3.756240086300369813e-26,5.395658255745003465e-12,-1.720600297595653269e-24,-1.098562053800108283e-24,-1.696366490587263786e-25
2.724624704819370601e-22,-9.869696490089952224e-21,4.812920049554901120e-20,-5.243842716771203543e-09,-3.730240017713595176e-20,6.023551009272147629e-20,-1.375234288412068043e-19,-3.869218634321569853e-08,-5.768457554694857072e-20,2.771559623442537304e-20,7.830958521703650062e-20,2.301095653733370958e-06,-4.101192304459909801e-20,4.034556361535102841e-20,-6.886031838764092467e-20,-3.045494811828017547e-05,-1.257704372256010358e-20,6.993123813168051819e-21,3.271590684099646082e-20,9.593569051265232869e-05,-5.587501640219132815e-21,1.082522789698173246e-20,1.254984854433528890e-20,-7.585493307094114694e-06,5.839827269964751894e-21,-3.474747994089527241e-21,-2.664991756712591408e-21,4.197841716092608004e-07,-1.014517634250681732e-21,4.431281262639960611e-22,-8.020356144011227477e-22,-2.027420100951896418e-08,4.757871797571123910e-22,-3.350822645989558863e-22,1.203143894481182109e-22,8.802454539480646480e-10,-8.106046885592892687e-23,-1.890037659660266327e-22,7.083057112412077993e-23,-1.940024366751588776e-11,-2.233064536466396196e-23,-1.134422828730529878e-23,1.326397036925851018e-24,-6.501751612500918825e-12,7.785514398228594463e-24,-2.414303424336554848e-24,9.225002534526929733e-25,2.338350370566816628e-12,1.354467863377235502e-24,-1.825375611501879557e-24
-1.819649133861025558e-08,1.223497241490586568e-20,-3.518622622943620182e-20,4.388046861748433433e-20,9.273412843089001739e-09,-4.187677509752489265e-20,3.474581491621732083e-20,-6.305808129275392750e-20,-4.856063229055039534e-08,-1.935183486962680593e-20,-2.772577891599838900e-20,6.295271037116405782e-20,1.977475277153707803e-06,-5.621403928430302755e-21,-6.852248321029103459e-21,-5.404206009736911178e-20,-2.188262380082137660e-05,-1.285995645571814492e-20,-1.967524646739687027e-20,-5.587501640219132815e-21,5.943395438428821756e-05,1.357654285881411940e-20,4.789860145350301430e-21,4.543623940984220279e-21,-5.214184709065198982e-06,2.024469619260982885e-21,2.314454926570298962e-22,2.538216634316036561e-21,3.169517774639846670e-07,-1.454484016075126682e-21,8.222780620691397243e-22,-7.128293552161071693e-23,-1.673948237178888953e-08,6.498634622597757229e-22,3.922110086855572067e-23,1.302874088256374293e-22,8.176843953603857888e-10,-1.562272758474175316e-24,-2.201050851134054978e-23,-4.273712645286179899e-23,-3.408071155043416539e-11,-3.387886219772849676e-24,-2.108295201324334147e-23,1.478262227511758442e-24,1.916694185253469523e-13,6.748307458269524605e-24,2.201507117833484185e-24,-9.544080993470724588e-25,-1.396449418859030765e-13,1.119601883787594099e-24
3.693302864530616479e-22,1.378787085329101927e-08,-1.469154762027640493e-20,8.602318295820779659e-21,-6.266844048012695244e-21,2.981326733536294513e-09,-2.281691662260287557e-20,3.215281094860644756e-20,1.427746382224049985e-20,-5.490498586736578074e-08,-6.898636119468194475e-20,4.520857296207490235e-20,-7.594002032947269114e-20,1.668119464530985313e-06,1.477393687868577763e-20,4.418354890919538837e-20,-2.164595388276529582e-20,-1.554265535063494976e-05,-1.444890740453428927e-20,1.082522789698173246e-20,1.357654285881411940e-20,3.660166298108013443e-05,2.055695687384859679e-21,-7.546129739866502728e-21,1.295064340051137309e-21,-3.546249879953367576e-06,1.080527293367266897e-21,-1.035486984171490520e-21,5.011486665849589309e-22,2.360245450227837451e-07,1.071496161288807083e-21,-4.835725411375809436e-22,1.040082685057398743e-22,-1.358506537973433131e-08,-1.280417427095266706e-22,-1.112267040464533654e-23,-1.134788402846184841e-22,7.373255621115771896e-10,1.607767692164591838e-22,-5.889462422867977607e-23,6.872061432725700230e-23,-4.229545217125585210e-11,2.872513924061100012e-24,1.173906137222369718e-23,-5.347593413184612507e-25,4.216790757895333002e-12,4.194871993152219449e-24,-4.023447582420075702e-24,4.422669779031080586e-25,-1.345641290430608666e-12
6.910206311575750879e-22,-3.190692500009892442e-21,2.845141452261489882e-09,1.333974872055081829e-20,-1.373242892316427218e-20,9.319431393692419465e-22,-3.303510159187215421e-09,-2.980151268275218629e-21,-7.320972392116933532e-20,1.968792715240827099e-20,-5.405561498555449908e-08,-2.215331953058986533e-20,1.937674781736056580e-20,3.018558073424235588e-20,1.381321040805721560e-06,5.093067353762631664e-21,-2.856237855196003430e-20,3.983764110939392843e-20,-1.091734610112598504e-05,1.254984854433528890e-20,4.789860145350301430e-21,2.055695687384859679e-21,2.240531921880818258e-05,1.314800352478769704e-21,8.097823829694020656e-22,-3.880882633680186385e-21,-2.386583714590743806e-06,-2.036625296856391049e-21,6.056631341371426219e-22,1.754947680062210629e-22,1.733739791683914778e-07,1.538717498062020738e-22,-9.285613766214399502e-23,-4.514919804376349883e-23,-1.082736427232016627e-08,3.974344349375875157e-25,-4.307736783060019942e-23,-1.010032764366995785e-22,6.394631914649992403e-10,5.630321161615823139e-23,-6.598943340817749161e-23,3.477712864417280025e-23,-4.222293996091544607e-11,3.253792487659761205e-24,1.994538999942125470e-24,-3.030841463182577965e-24,5.220476386426698340e-12,2.009386497778961271e-24,-5.012194910334717935e-25,1.376480238076522615e-24
7.445010936980252768e-22,9.202443758311303340e-22,-4.655036873971884461e-21,-5.886079295771762271e-09,1.040167905700989769e-22,2.961181422024725487e-21,1.979837611679545489e-20,-1.571302811224477579e-09,1.242854344656440897e-21,-1.812327250021644612e-20,6.110899768915277603e-22,-5.078020661691148770e-08,1.113514351467086661e-21,1.928652330838310528e-20,8.711002276188638387e-21,1.123065223916686207e-06,3.239925095495993797e-21,-3.222405673220491145e-20,2.605685653290666942e-20,-7.585493307094114694e-06,4.543623940984220279e-21,-7.546129739866502728e-21,1.314800352478769704e-21,1.363232885436200469e-05,-3.999893244311253242e-21,6.522919520563752632e-22,-2.084430520148274035e-22,-1.589455376215743423e-06,9.803382728460492053e-22,5.614751384101843842e-22,5.355477478398008552e-22,1.256668618004726926e-07,1.042441442272881986e-22,1.409150842218865695e-22,-1.318642218683166383e-23,-8.483153436306313518e-09,4.778260507200848928e-23,1.122812786671430977e-22,-1.013910173488338102e-22,5.359365937152860855e-10,2.178134573914046702e-23,-1.197993210717265682e-23,7.554485438081948062e-24,-3.679439252409765393e-11,-8.267767157695545168e-24,4.986165121798519833e-24,-6.987414354085634168e-25,4.325277426843542895e-12,9.071521756807129677e-25,3.570262154342205287e-25
-1.080568357119467363e-08,3.591354021707832916e-23,2.356165080817426757e-21,-7.131364073722217341e-21,-2.148579075313658775e-09,-1.722121436306629962e-20,2.615737384366949936e-21,-2.371365724481796971e-21,1.866054518234577842e-09,4.639909198118974030e-22,7.990932749635755336e-21,-2.514575162135449639e-20,-4.820789388328176815e-08,-1.605557690134461759e-20,9.133367765701477471e-21,-2.363080526653539663e-21,8.976789906804255016e-07,5.121708482472280247e-21,-3.596868303711438139e-21,5.839827269964751894e-21,-5.214184709065198982e-06,1.295064340051137309e-21,8.097823829694020656e-22,-3.999893244311253242e-21,8.244262136149068342e-06,1.418104224994132391e-21,-3.275224149941769077e-21,1.747806784930405195e-22,-1.047627150973246100e-06,-2.907733723579959393e-22,-1.058634227209565498e-21,4.420246398330241638e-23,8.991286428661410070e-08,-7.123446790759393797e-23,-3.547864132711582995e-23,-4.803463666489573990e-23,-6.545722258931673235e-09,8.937428024694041206e-24,2.929902215824073456e-23,-9.997253184527607914e-24,4.386173336067686819e-10,5.428372769879244116e-25,6.985080749463718809e-24,2.392684545294988255e-24,-2.973990046348182057e-11,-6.379953591742004469e-24,6.990387383990791734e-25,-1.025897830021821433e-25,2.827503539791446848e-12,-1.857925203976527004e-25
-1.415201476163963804e-22,1.079166765694493470e-09,8.200645902055638591e-22,1.583083288552637502e-21,-8.852563245723691362e-21,2.114738503353400974e-09,5.844550975376102554e-21,-8.279614297793924598e-21,5.269535563504120972e-21,2.533548134272939539e-09,-2.066001214789373175e-21,1.489550828719175081e-20,9.381926936222621936e-21,-4.589923400492586194e-08,-4.414538528986198968e-21,-3.576635631663327194e-21,2.748770450921294689e-21,7.066018629141028348e-07,7.829943044410641848e-21,-3.474747994089527241e-21,2.024469619260982885e-21,-3.546249879953367576e-06,-3.880882633680186385e-21,6.522919520563752632e-22,1.418104224994132391e-21,4.955657872577017806e-06,1.073977703126466166e-22,4.726261745717824267e-22,-3.300062903174446191e-22,-6.833562008628212499e-07,5.015105581029508805e-22,2.696052079481593885e-22,-8.614956832769071823e-23,6.351438431146470732e-08,-3.275118237827143950e-23,5.370247473215558116e-23,3.473189220442380655e-23,-4.982084908742794635e-09,-4.407321701259100580e-23,-1.019713273494267625e-23,-1.892498768641829333e-23,3.541143335570691967e-10,-1.769067911612432234e-23,3.136555467408688546e-24,-4.391165829920174258e-24,-2.351022778488227953e-11,-2.252128464646329255e-24,1.842415974873729243e-24,1.526729841528537408e-25,1.564578411400860816e-12
7.090052250820257240e-23,-3.464241742625576938e-22,4.115066668949228529e-09,9.401930573656655085e-22,1.483735446841973673e-21,-5.113140528496599140e-21,1.807838943548958517e-09,-5.338089090780764922e-22,-5.064846619677420723e-21,-2.149568872928711731e-21,1.397404150625877352e-09,5.390257030422882192e-21,-5.868856264810080653e-21,3.416780995662519403e-21,-4.264853030297313306e-08,-3.565654926670024619e-21,-2.803639879088584842e-21,-1.499090376841902256e-21,5.483800112796473232e-07,-2.664991756712591408e-21,2.314454926570298962e-22,1.080527293367266897e-21,-2.386583714590743806e-06,-2.084430520148274035e-22,-3.275224149941769077e-21,1.073977703126466166e-22,2.961008767937941437e-06,2.864629858847703967e-22,1.400345961904794954e-21,-6.923113986156707407e-23,-4.411023601169703105e-07,8.501865733396587571e-23,-2.164732322243950606e-22,8.077935669463160887e-23,4.429451061118501722e-08,9.299319542685990814e-24,-3.868256692571663338e-23,-8.918040979087329620e-25,-3.743022230087131869e-09,-2.356818510922571821e-23,1.676906575401256717e-23,-1.002310257866989003e-23,2.837974234977107589e-10,-1.266620312971823627e-24,4.097885819269274389e-24,-4.846761401677896532e-26,-1.895387500496444153e-11,-1.818343319196157516e-24,-8.439992624369199713e-25,-6.341179500528581297e-25
7.920066593496786845e-23,-1.117804914694891417e-22,1.389535260885662973e-22,8.095024924232629042e-10,-3.113754186910296690e-21,3.028074717471098395e-21,-2.384983546298701419e-21,-1.761078190935163752e-10,8.087494240253738712e-21,-6.910291889904022228e-21,6.742415311018022308e-21,5.892386842671241384e-10,4.037021860028806768e-21,3.584681999478330427e-21,-8.431691898442394146e-21,-3.826647916745305072e-08,2.342199062947977392e-21,-2.495832401982371378e-21,-6.502576655204455251e-22,4.197841716092608004e-07,2.538216634316036561e-21,-1.035486984171490520e-21,-2.036625296856391049e-21,-1.589455376215743423e-06,1.747806784930405195e-22,4.726261745717824267e-22,2.864629858847703967e-22,1.758780053283848110e-06,-2.883564540056925616e-22,1.638215522048113872e-22,-1.616944227085101989e-22,-2.817351291009655789e-07,6.363474602976299621e-23,-1.910329378463110009e-22,-1.459198299331825383e-23,3.048847145116293687e-08,3.721020286781510431e-23,5.437586476778633499e-23,6.963180547077244685e-24,-2.774989418376754053e-09,-9.480265301681965617e-24,-1.091074599437157243e-23,8.803334292580952735e-24,2.260572836351160545e-10,3.599528134312784491e-24,-3.830941305275377227e-25,-1.183417575576353070e-24,-1.586791463655358041e-11,-1.050131637030210915e-26,-4.925579103510013538e-25
-4.372293075450228361e-09,2.040382510199833235e-22,-2.540369276697455494e-23,1.065894592529464756e-22,-1.498548415754350081e-09,1.567533293197859737e-22,-1.544694413827785305e-21,-5.017409938396968007e-22,-9.782051698529751260e-10,-1.004685675824790514e-22,4.279677923674568611e-21,-5.353215252513775394e-21,7.051453536509361235e-10,-4.857517980815353677e-21,6.087508353360913127e-22,1.896910937104490111e-21,-3.336532089781231842e-08,-1.816890906362788039e-21,2.431606493621299307e-21,-1.014517634250681732e-21,3.169517774639846670e-07,5.011486665849589309e-22,6.056631341371426219e-22,9.803382728460492053e-22,-1.047627150973246100e-06,-3.300062903174446191e-22,1.400345961904794954e-21,-2.883564540056925616e-22,1.038701094287277208e-06,5.745350965548978550e-22,2.332320529296166453e-22,2.063880251805159754e-22,-1.780393689333172639e-07,-1.368079184980280928e-22,2.556891731608731724e-22,-4.364670200924335091e-23,2.070389253166005517e-08,-2.478956898244854813e-23,-4.213216458428522001e-23,2.856358052722173690e-23,-2.028045534368835452e-09,3.134239039751706424e-25,-7.500511064459915850e-26,-4.872610795820178647e-24,1.784762432155991431e-10,2.903210079605060023e-24,-8.695055384259655347e-25,9.443106797602435077e-25,-1.367160872032114356e-11,-5.735334325318844230e-26
-4.575234474768360441e-23,-1.954940326957616777e-09,4.458530973741843489e-22,-7.675402041226214813e-22,1.049717702780579725e-21,-1.123641152550293589e-09,-1.904888138391800170e-21,3.833500729109607287e-21,-3.105222186059231936e-21,-5.192241814421215698e-10,1.757487080114102242e-21,-5.863587908730772540e-21,1.724660066114733717e-21,1.188203171198256885e-09,-1.327108703058330722e-21,3.981696939924858317e-21,6.160266053275284345e-22,-2.858001259613727420e-08,4.142171540844641787e-22,4.431281262639960611e-22,-1.454484016075126682e-21,2.360245450227837451e-07,1.754947680062210629e-22,5.614751384101843842e-22,-2.907733723579959393e-22,-6.833562008628212499e-07,-6.923113986156707407e-23,1.638215522048113872e-22,5.745350965548978550e-22,6.100707200564283563e-07,-4.117614616409473778e-22,-1.975186656383093315e-22,-4.685202688288633315e-24,-1.113147982640169367e-07,-4.652890945610780671e-25,9.460286958528815932e-24,-3.823125393643524785e-23,1.386481767129040409e-08,4.669046816949706993e-24,1.002622145769558631e-23,7.926070478877253463e-24,-1.459084941673420267e-09,7.231368011303421626e-24,-1.991115843581801149e-24,-1.340937321130884707e-25,1.390209014309230473e-10,1.220576079655883610e-24,-1.166315199739325743e-24,6.817777705026907789e-25,-1.184774433803553022e-11
1.152317423671530521e-23,-8.263521656215065412e-23,5.744553887382814954e-10,2.058266402059244946e-22,-3.054959796758614341e-22,1.120247247738711788e-21,5.961125775727671320e-11,-6.289798907178747014e-22,1.163700191389996453e-21,-1.546588991988031181e-21,1.175801081177245326e-10,1.348132338431675545e-21,-6.179625886437936521e-22,1.251166818139357127e-21,1.472348850549617504e-09,-4.259398543279891178e-22,-6.769799785116561074e-23,-1.201820728618524043e-21,-2.420605053764004285e-08,-8.020356144011227477e-22,8.222780620691397243e-22,1.071496161288807083e-21,1.733739791683914778e-07,5.355477478398008552e-22,-1.058634227209565498e-21,5.015105581029508805e-22,-4.411023601169703105e-07,-1.616944227085101989e-22,2.332320529296166453e-22,-4.117614616409473778e-22,3.564568522705123788e-07,2.765368185341340646e-22,-1.611651608981561047e-22,2.887377325692912228e-23,-6.886144536778025970e-08,-2.510622406069150404e-23,9.422117047444829403e-23,-1.479231579792094022e-23,9.153189707706039624e-09,-2.025946265901360751e-24,-1.188259697571096117e-23,5.925973607118174827e-24,-1.032046628894895024e-09,1.961322780545655463e-24,-1.966104946749181472e-26,-1.853078442574849108e-24,1.063405396399453718e-10,3.594681372911106595e-25,-2.240298763067900606e-25,4.737709270140143860e-25
-1.350070061821943931e-23,3.097773077869356361e-23,-1.470854979411761923e-22,1.156145171956318725e-09,2.601841500651822570e-22,-2.881232393904436019e-23,3.122238887661484393e-23,5.715875182888155029e-10,-1.653662660375489556e-21,1.630546596508195981e-21,-2.143888064669161763e-21,3.176505327808910231e-10,1.602895081368771659e-21,-2.501694993666791445e-21,3.048847181789811351e-21,1.437792887532495941e-09,-6.893581053349150091e-22,8.821037082216715936e-22,-1.401198721225079888e-21,-2.027420100951896418e-08,-7.128293552161071693e-23,-4.835725411375809436e-22,1.538717498062020738e-22,1.256668618004726926e-07,4.420246398330241638e-23,2.696052079481593885e-22,8.501865733396587571e-23,-2.817351291009655789e-07,2.063880251805159754e-22,-1.975186656383093315e-22,2.765368185341340646e-22,2.072568908315624850e-07,-9.209492898041560465e-23,1.138771037847295179e-22,3.486437034940300239e-23,-4.215511528272542609e-08,-2.703200392429152159e-23,-3.169822014879519746e-23,-1.617202721026524810e-23,5.955781799211652661e-09,-2.639869376780560978e-24,2.999374567798457323e-24,-2.488004186194653553e-25,-7.169458274997205827e-10,1.114755122385916202e-25,2.223839748573018919e-25,2.213354373432906083e-25,7.959202101137221167e-11,-1.044477082061586703e-24,4.053191147160400362e-25
-1.253400427075669504e-09,-3.025890059381822501e-23,3.605865384786420208e-23,-7.636631890725327684e-23,4.878989962120842028e-10,1.275773118956304730e-22,-2.935698951078118690e-22,6.196148748390019047e-22,3.636448864529434631e-10,-3.383339856603879941e-22,5.131292323959554964e-22,-5.489343008828434689e-22,1.592746771684511586e-10,5.824458189560031284e-22,-1.266048641001611109e-21,2.424996287972840898e-23,1.245084689139517108e-09,-2.932080621687721360e-22,7.151933259715216548e-22,4.757871797571123910e-22,-1.673948237178888953e-08,1.040082685057398743e-22,-9.285613766214399502e-23,1.042441442272881986e-22,8.991286428661410070e-08,-8.614956832769071823e-23,-2.164732322243950606e-22,6.363474602976299621e-23,-1.780393689333172639e-07,-4.685202688288633315e-24,-1.611651608981561047e-22,-9.209492898041560465e-23,1.199555758628290653e-07,-1.683441793516122729e-23,-5.719558622890835519e-23,-1.927072333307131661e-23,-2.554325560817610918e-08,1.418485503557731052e-23,-1.326545939459975229e-24,4.158521282639635225e-24,3.819406275570966586e-09,2.869282749793314747e-24,4.223588124384871864e-25,8.901885107748403298e-25,-4.888315265565874702e-10,-1.008126371549002479e-24,-3.888196877354672060e-25,-2.665718770922843093e-25,5.815694939813016404e-11,-1.405560806486589994e-25
4.122167410520454295e-24,-1.146081267571312427e-09,-5.058572921312453865e-23,6.327802925830785179e-23,-6.389372748722524394e-23,-1.912664973271171710e-10,5.236958511126624397e-23,-4.972664352227659461e-22,8.543973235251112651e-22,-9.226551902996807490e-12,2.583193570381648758e-22,-1.637155596830368695e-22,4.230447221840535209e-22,-5.399113871029464456e-11,2.109157081232500771e-22,-7.998711136309988089e-23,-5.965700894740594652e-22,1.061879873258218212e-09,-4.632437612495699948e-22,-3.350822645989558863e-22,6.498634622597757229e-22,-1.358506537973433131e-08,-4.514919804376349883e-23,1.409150842218865695e-22,-7.123446790759393797e-23,6.351438431146470732e-08,8.077935669463160887e-23,-1.910329378463110009e-22,-1.368079184980280928e-22,-1.113147982640169367e-07,2.887377325692912228e-23,1.138771037847295179e-22,-1.683441793516122729e-23,6.912841035107432526e-08,3.114851994144994838e-23,-2.703248175037567416e-23,1.605893611089276384e-23,-1.532436052329865985e-08,1.292469707114105742e-25,-2.351445510315523182e-24,-6.494660278248381353e-25,2.414311833541895766e-09,1.323165862658065753e-24,-1.671997214244638759e-24,-2.859589226989958954e-25,-3.270384687754826612e-10,-1.454836214070315276e-24,1.133482897171719926e-24,-2.972680326362443207e-25,4.143982658093709731e-11
-1.877511879561799257e-24,8.838618808276324185e-24,-4.993077046337371612e-10,-4.665816431542826950e-23,2.913338823745952854e-23,-1.739585970773788404e-23,-3.684231910088594594e-10,1.467679500696037525e-22,-2.349292465146007028e-22,1.628324523830437558e-22,-1.833336348332309663e-10,-4.854746441087160867e-22,2.589228624556145260e-22,-1.966351295499896281e-22,-1.482288306839443357e-10,4.855445182522569430e-22,-4.545731075802600384e-22,1.222191666789776242e-22,9.478051041901517872e-10,1.203143894481182109e-22,3.922110086855572067e-23,-1.280417427095266706e-22,-1.082736427232016627e-08,-1.318642218683166383e-23,-3.547864132711582995e-23,-3.275118237827143950e-23,4.429451061118501722e-08,-1.459198299331825383e-23,2.556891731608731724e-22,-4.652890945610780671e-25,-6.886144536778025970e-08,3.486437034940300239e-23,-5.719558622890835519e-23,3.114851994144994838e-23,3.967356374362911531e-08,-7.257217405445703741e-24,4.839206265727831801e-24,-1.215244642114037924e-23,-9.105686267772740458e-09,3.912952038287955134e-24,-4.579664494084061111e-24,5.396061027201391473e-25,1.504650788268393106e-09,9.160379049171224446e-25,1.369975571937607735e-24,-1.938704560671158613e-26,-2.146958559869737710e-10,-5.097177407431254520e-25,-1.085124859641676178e-25,-8.603001487978266345e-26
9.059719781367441136e-25,-4.560314315377506637e-24,1.423082846862700695e-23,6.550628670314362931e-11,-2.233913508572595049e-23,-1.097170250823535813e-23,-5.427912706199319222e-23,-1.957628424875725424e-10,-6.039041987296588714e-23,1.022399533573244241e-22,6.225331805608892741e-23,-1.441327253769309930e-10,1.356091528446797597e-22,-2.966295399519785849e-22,-1.212332546305196454e-22,-1.261238428982520041e-10,-3.691616600944664526e-23,1.335909063383697643e-22,7.118276911930937374e-24,8.802454539480646480e-10,1.302874088256374293e-22,-1.112267040464533654e-23,3.974344349375875157e-25,-8.483153436306313518e-09,-4.803463666489573990e-23,5.370247473215558116e-23,9.299319542685990814e-24,3.048847145116293687e-08,-4.364670200924335091e-23,9.460286958528815932e-24,-2.510622406069150404e-23,-4.215511528272542609e-08,-1.927072333307131661e-23,-2.703248175037567416e-23,-7.257217405445703741e-24,2.267770598695644227e-08,8.210413814442356726e-24,8.413419637788308861e-24,5.848425424691328482e-24,-5.360619091274376292e-09,9.855081516745056283e-25,1.948691830500312687e-24,-8.530300066953097897e-25,9.248394998606819286e-10,1.294085294247998374e-24,-7.343523084955345611e-25,1.292469707114105742e-25,-1.383422991402565118e-10,1.445950484833905799e-25,3.054592375351120166e-27
-2.598490778968563006e-10,5.373022344464411823e-24,-9.806170918211849162e-24,1.713450101793775279e-23,2.752450488152443871e-10,-3.661884433426884591e-23,-3.961465158216079184e-23,-2.592499857143849661e-24,1.643579470362616197e-11,1.096026933407245205e-22,-1.774232169232976334e-22,1.533844483369417087e-22,-3.197779711551127838e-11,-2.181846385354165024e-22,5.711137523375692599e-22,-1.580698529736220786e-22,-6.355319421819252424e-11,1.800668795951372120e-22,-1.893651569333221556e-22,-8.106046885592892687e-23,8.176843953603857888e-10,-1.134788402846184841e-22,-4.307736783060019942e-23,4.778260507200848928e-23,-6.545722258931673235e-09,3.473189220442380655e-23,-3.868256692571663338e-23,3.721020286781510431e-23,2.070389253166005517e-08,-3.823125393643524785e-23,9.422117047444829403e-23,-2.703200392429152159e-23,-2.554325560817610918e-08,1.605893611089276384e-23,4.839206265727831801e-24,8.210413814442356726e-24,1.291080794872684142e-08,-5.560850914858439955e-24,3.418581464516701077e-24,-3.984037872179230950e-24,-3.127733727303255321e-09,-1.601046849687598488e-24,2.783547056875521148e-26,-4.135903062765138374e-25,5.608565690216745548e-10,3.570447565902717112e-25,2.908963851240843521e-25,4.200526548120843661e-26,-8.753524373313785683e-11,6.058451752097370666e-26
-5.844576338141673928e-25,-3.435814973182295607e-10,1.642396966187020874e-24,-3.962542404131396532e-24,1.101771418519064613e-23,2.065008776010469783e-10,-3.744226681346940068e-23,3.628851484081088969e-23,-3.552479207747954994e-23,1.077426221316355152e-10,1.075149003798538325e-22,-6.089246668084422952e-23,7.461266060456343185e-23,4.321919467176557034e-11,-9.014249192910635866e-23,9.654063002352297187e-23,-4.789165720354624195e-23,-1.922823301281745648e-11,5.434673559701425382e-23,-1.890037659660266327e-22,-1.562272758474175316e-24,7.373255621115771896e-10,-1.010032764366995785e-22,1.122812786671430977e-22,8.937428024694041206e-24,-4.982084908742794635e-09,-8.918040979087329620e-25,5.437586476778633499e-23,-2.478956898244854813e-23,1.386481767129040409e-08,-1.479231579792094022e-23,-3.169822014879519746e-23,1.418485503557731052e-23,-1.532436052329865985e-08,-1.215244642114037924e-23,8.413419637788308861e-24,-5.560850914858439955e-24,7.320280095327331483e-09,1.676979444980552200e-24,1.714666432430316505e-24,-5.428372769879244116e-25,-1.809181569509650555e-09,-4.038967834731580444e-25,5.518611369035366133e-25,1.219768286088937294e-25,3.357123372229529583e-10,4.119747191426212053e-26,-2.687910333936251635e-25,1.098599251046989881e-25,-5.441733659831357108e-11
9.681775477035695867e-26,-4.715253604915929115e-25,-2.860560497399656672e-10,5.763788143739713515e-24,-5.254901421460550822e-24,1.497716799611956947e-23,5.427696537923368088e-11,-3.327877255168325220e-23,3.685671561116524903e-23,-8.333359995331586035e-23,8.641906492357618259e-11,-1.830965093679693705e-24,-8.382579028027059592e-23,1.912465406132824901e-22,5.572778958605055676e-11,-3.055640725687829869e-23,1.135666739011802035e-22,-1.980564423310316713e-22,-8.613313768165768285e-12,7.083057112412077993e-23,-2.201050851134054978e-23,1.607767692164591838e-22,6.394631914649992403e-10,-1.013910173488338102e-22,2.929902215824073456e-23,-4.407321701259100580e-23,-3.743022230087131869e-09,6.963180547077244685e-24,-4.213216458428522001e-23,4.669046816949706993e-24,9.153189707706039624e-09,-1.617202721026524810e-23,-1.326545939459975229e-24,1.292469707114105742e-25,-9.105686267772740458e-09,5.848425424691328482e-24,3.418581464516701077e-24,1.676979444980552200e-24,4.132866233081523622e-09,-2.488004186194653553e-24,8.253226553866522851e-25,9.370405376577266629e-26,-1.037709106769288429e-09,-4.281305904815475270e-25,-2.784339138640930811e-25,3.118083168412780103e-25,1.984199273680584998e-10,2.706108449270158897e-26,-4.480151791783416788e-26,-3.998578156384264639e-26
-1.440661511428069127e-25,3.914749165914930042e-25,-1.307839379953366173e-24,-1.543479903103148214e-10,7.416293573566236435e-24,3.891902510491581261e-25,-1.955933282841185511e-25,-4.779706563367530943e-11,-2.743973772720767464e-24,-1.837865475163576632e-23,-1.527386173801681290e-23,2.597397942406910276e-11,-4.992366192119970007e-24,-1.881311808330277373e-23,8.828577841548025113e-23,3.161166659840977798e-11,1.751377232496307912e-23,3.618281029779822996e-23,-1.030340694640026171e-22,-1.940024366751588776e-11,-4.273712645286179899e-23,-5.889462422867977607e-23,5.630321161615823139e-23,5.359365937152860855e-10,-9.997253184527607914e-24,-1.019713273494267625e-23,-2.356818510922571821e-23,-2.774989418376754053e-09,2.856358052722173690e-23,1.002622145769558631e-23,-2.025946265901360751e-24,5.955781799211652661e-09,4.158521282639635225e-24,-2.351445510315523182e-24,3.912952038287955134e-24,-5.360619091274376292e-09,-3.984037872179230950e-24,1.714666432430316505e-24,-2.488004186194653553e-24,2.322879326822011646e-09,4.006656092053727800e-25,-2.006444025533757447e-24,6.850089447704760433e-25,-5.903219965795913144e-10,-4.862917273016822854e-25,3.891025531459273409e-25,-8.360663417894371518e-26,1.158421748609642444e-10,-6.745076284001739341e-26,-1.214277651235355538e-26
-3.895963413795931105e-11,-3.374827564259240776e-25,7.053449486569534557e-25,-1.766725586369604745e-24,-3.096812778837446357e-11,6.877716934327410708e-24,-6.539861481273217861e-24,3.866737411016487378e-24,-6.975606382199235042e-11,-9.374494831509932355e-24,-1.113986744143395634e-23,-3.602557360188833177e-24,-1.779422002877526494e-11,-4.839491259575379688e-24,-5.557421388378367176e-23,3.820257726480865363e-23,3.600799915561292973e-12,-2.545034412021063469e-23,5.669507210766429021e-23,-2.233064536466396196e-23,-3.408071155043416539e-11,6.872061432725700230e-23,-6.598943340817749161e-23,2.178134573914046702e-23,4.386173336067686819e-10,-1.892498768641829333e-23,1.676906575401256717e-23,-9.480265301681965617e-24,-2.028045534368835452e-09,7.926070478877253463e-24,-1.188259697571096117e-23,-2.639869376780560978e-24,3.819406275570966586e-09,-6.494660278248381353e-25,-4.579664494084061111e-24,9.855081516745056283e-25,-3.127733727303255321e-09,-5.428372769879244116e-25,8.253226553866522851e-25,4.006656092053727800e-25,1.299379848774442037e-09,1.371633476674844719e-24,-8.501485354256641867e-25,5.412216898540317795e-25,-3.331003164525917884e-10,-2.722264320609085219e-25,-6.087493984370537447e-26,-1.070326476203868818e-25,6.682746881745664143e-11,9.289626019882635021e-27
2.438111445648786254e-26,-6.568133154143282666e-11,-1.189825591317076502e-25,-3.504562019946645618e-26,-2.664328009146938449e-24,3.846542072476651808e-11,3.148608930001212375e-24,-2.652972205715471833e-24,6.240205304660291786e-24,-4.313142730066169660e-11,-1.629688180345638808e-23,-2.625418166152144373e-24,-1.637195611808446133e-23,-2.963386117195614557e-11,3.376859837584032462e-23,-1.177304665768709420e-23,2.460256477170047596e-23,-1.138460836576605899e-11,-5.799150017107603201e-24,-1.134422828730529878e-23,-3.387886219772849676e-24,-4.229545217125585210e-11,3.477712864417280025e-23,-1.197993210717265682e-23,5.428372769879244116e-25,3.541143335570691967e-10,-1.002310257866989003e-23,-1.091074599437157243e-23,3.134239039751706424e-25,-1.459084941673420267e-09,5.925973607118174827e-24,2.999374567798457323e-24,2.869282749793314747e-24,2.414311833541895766e-09,5.396061027201391473e-25,1.948691830500312687e-24,-1.601046849687598488e-24,-1.809181569509650555e-09,9.370405376577266629e-26,-2.006444025533757447e-24,1.371633476674844719e-24,7.231846537478236397e-10,-3.223096332115801194e-25,8.324640518654505471e-26,-4.038967834731580444e-26,-1.864495538564041090e-10,1.163222736402695168e-25,1.079519134502770131e-25,-1.272274867940447840e-26,3.810417453231191612e-11
-8.026942810234278808e-27,-8.599465172451580278e-26,-7.465954668456043213e-11,-8.931485141064558713e-25,6.123986147720505283e-25,1.688949620356375833e-24,5.292135708313447366e-11,7.349974826125211193e-25,2.157746417510991312e-24,-2.981136915266412453e-24,-8.288406741168711973e-12,6.566351957314866906e-24,-7.557021661128736195e-24,-8.600174210493954239e-24,-2.030107266650771468e-11,3.861253250003390904e-24,-4.287956938807267713e-24,1.656097981274989929e-23,-1.254024378758512211e-11,1.326397036925851018e-24,-2.108295201324334147e-23,2.872513924061100012e-24,-4.222293996091544607e-11,7.554485438081948062e-24,6.985080749463718809e-24,-1.769067911612432234e-23,2.837974234977107589e-10,8.803334292580952735e-24,-7.500511064459915850e-26,7.231368011303421626e-24,-1.032046628894895024e-09,-2.488004186194653553e-25,4.223588124384871864e-25,1.323165862658065753e-24,1.504650788268393106e-09,-8.530300066953097897e-25,2.783547056875521148e-26,-4.038967834731580444e-25,-1.037709106769288429e-09,6.850089447704760433e-25,-8.501485354256641867e-25,-3.223096332115801194e-25,4.003386465314593989e-10,1.058209572699674076e-25,2.120343980561929350e-25,-5.169878828456422968e-26,-1.035265114340781086e-10,-6.442153696396870808e-26,2.566329273432266795e-26,1.555002616371658471e-26
-5.972940462566577394e-27,-1.858364156040570002e-26,-6.602223434827529366e-27,-6.454582663694549284e-11,-7.177174844836548557e-25,-1.875655165533297403e-25,1.537016587732619402e-26,3.573413503260353527e-11,2.490932437874833949e-24,1.323051032962577841e-24,2.030035720834026476e-24,1.249812469122312453e-11,-3.107682826238346283e-24,-1.020691823054332041e-24,-1.440497878257018165e-24,-5.817571507753694881e-12,-2.792946257716887877e-24,8.750666843378018424e-26,1.773106879447163815e-25,-6.501751612500918825e-12,1.478262227511758442e-24,1.173906137222369718e-23,3.253792487659761205e-24,-3.679439252409765393e-11,2.392684545294988255e-24,3.136555467408688546e-24,-1.266620312971823627e-24,2.260572836351160545e-10,-4.872610795820178647e-24,-1.991115843581801149e-24,1.961322780545655463e-24,-7.169458274997205827e-10,8.901885107748403298e-25,-1.671997214244638759e-24,9.160379049171224446e-25,9.248394998606819286e-10,-4.135903062765138374e-25,5.518611369035366133e-25,-4.281305904815475270e-25,-5.903219965795913144e-10,5.412216898540317795e-25,8.324640518654505471e-26,1.058209572699674076e-25,2.203579951735095748e-10,-3.069615554396001137e-26,1.566721432719946606e-27,-1.817535525629211200e-26,-5.702009256899774473e-11,8.885729236409476976e-27,-9.897406135754267240e-27
-4.088572888084620668e-12,5.248869689567498814e-26,-1.211814002681311665e-26,6.733913902192862024e-27,-4.294077977787930362e-11,-1.062903295085739096e-25,-1.388298089014801875e-24,8.094375530727966773e-25,1.174622967969130995e-11,2.232009356119572570e-24,4.679319361527845281e-24,-2.154486417241693298e-24,1.649151513245683047e-11,1.194322788730128337e-24,-7.936472472115571620e-24,-4.343506009470341609e-24,3.989587074453830267e-12,2.932290648015127402e-25,5.200747442009117780e-24,7.785514398228594463e-24,1.916694185253469523e-13,-5.347593413184612507e-25,1.994538999942125470e-24,-8.267767157695545168e-24,-2.973990046348182057e-11,-4.391165829920174258e-24,4.097885819269274389e-24,3.599528134312784491e-24,1.784762432155991431e-10,-1.340937321130884707e-25,-1.966104946749181472e-26,1.114755122385916202e-25,-4.888315265565874702e-10,-2.859589226989958954e-25,1.369975571937607735e-24,1.294085294247998374e-24,5.608565690216745548e-10,1.219768286088937294e-25,-2.784339138640930811e-25,-4.862917273016822854e-25,-3.331003164525917884e-10,-4.038967834731580444e-26,2.120343980561929350e-25,-3.069615554396001137e-26,1.205617203201421415e-10,3.231174267785264355e-27,2.603523339968195078e-26,-1.211690350419474133e-27,-3.114967714282772994e-11,3.170589750264290648e-26
-1.431844172734356818e-27,-8.251835281551349014e-12,7.883190563867381229e-26,-1.932464125619748921e-25,-1.196228676677142302e-26,-1.997648732132395999e-11,-4.962850172490220630e-25,5.261674669454602783e-25,-4.869606813493097034e-25,-4.680256582274144451e-12,1.354366889181367212e-24,-2.058430563033682137e-24,1.661782828502374629e-24,1.079430836308236680e-11,-4.925622248651030641e-24,3.442493864068582797e-24,-4.371172939138252935e-24,6.978221270542471965e-12,3.756240086300369813e-26,-2.414303424336554848e-24,6.748307458269524605e-24,4.216790757895333002e-12,-3.030841463182577965e-24,4.986165121798519833e-24,-6.379953591742004469e-24,-2.351022778488227953e-11,-4.846761401677896532e-26,-3.830941305275377227e-25,2.903210079605060023e-24,1.390209014309230473e-10,-1.853078442574849108e-24,2.223839748573018919e-25,-1.008126371549002479e-24,-3.270384687754826612e-10,-1.938704560671158613e-26,-7.343523084955345611e-25,3.570447565902717112e-25,3.357123372229529583e-10,3.118083168412780103e-25,3.891025531459273409e-25,-2.722264320609085219e-25,-1.864495538564041090e-10,-5.169878828456422968e-26,1.566721432719946606e-27,3.231174267785264355e-27,6.554291564697462113e-11,-2.423380700838948266e-27,-4.922873164687191776e-26,6.361374339702239199e-27,-1.687622176669030994e-11
3.094678433163653422e-27,-8.188191306919441366e-27,-1.152860536747659992e-11,1.265239214742007941e-25,-4.294804293210897779e-26,-3.507196698522096386e-26,-2.874270190341907572e-12,-2.777105930740049960e-25,-6.512632640438278076e-25,5.715644357124527775e-25,-1.041482344540705402e-11,2.065679611975532673e-25,2.187735103253433343e-24,-4.117222836529504815e-25,3.239554962521222657e-12,2.059772621517237737e-24,-3.012498510120226891e-24,-2.013223517221956272e-24,5.395658255745003465e-12,9.225002534526929733e-25,2.201507117833484185e-24,4.194871993152219449e-24,5.220476386426698340e-12,-6.987414354085634168e-25,6.990387383990791734e-25,-2.252128464646329255e-24,-1.895387500496444153e-11,-1.183417575576353070e-24,-8.695055384259655347e-25,1.220576079655883610e-24,1.063405396399453718e-10,2.213354373432906083e-25,-3.888196877354672060e-25,-1.454836214070315276e-24,-2.146958559869737710e-10,1.292469707114105742e-25,2.908963851240843521e-25,4.119747191426212053e-26,1.984199273680584998e-10,-8.360663417894371518e-26,-6.087493984370537447e-26,1.163222736402695168e-25,-1.035265114340781086e-10,-1.817535525629211200e-26,2.603523339968195078e-26,-2.423380700838948266e-27,3.539441956662753261e-11,9.794496999224082576e-27,-3.173714936248359094e-26,-6.361374339702239199e-27
-1.585987131391355872e-27,9.666462187095364142e-27,8.595231208061839379e-27,-1.277604626204283260e-11,5.964695633511853412e-26,-1.275766767016373437e-25,-1.111378797711570272e-25,5.972794818479588067e-12,-2.105785300396968913e-25,3.317977749707364852e-25,-7.160332664510079955e-26,-8.754340455121745936e-12,4.541314459176320761e-25,-3.427765582320032767e-25,-2.648553157625233876e-25,-1.796024234043063059e-12,-1.226836479799717560e-25,1.663710804808680132e-24,-1.720600297595653269e-24,2.338350370566816628e-12,-9.544080993470724588e-25,-4.023447582420075702e-24,2.009386497778961271e-24,4.325277426843542895e-12,-1.025897830021821433e-25,1.842415974873729243e-24,-1.818343319196157516e-24,-1.586791463655358041e-11,9.443106797602435077e-25,-1.166315199739325743e-24,3.594681372911106595e-25,7.959202101137221167e-11,-2.665718770922843093e-25,1.133482897171719926e-24,-5.097177407431254520e-25,-1.383422991402565118e-10,4.200526548120843661e-26,-2.687910333936251635e-25,2.706108449270158897e-26,1.158421748609642444e-10,-1.070326476203868818e-25,1.079519134502770131e-25,-6.442153696396870808e-26,-5.702009256899774473e-11,-1.211690350419474133e-27,-4.922873164687191776e-26,9.794496999224082576e-27,1.897991924836939653e-11,-5.351632381019344088e-27,2.301881339890796401e-26
-2.651424320245011215e-13,-4.958607086896263112e-27,8.191815971204802287e-27,1.031189114543591369e-27,-1.178143041779359570e-11,-3.560444809624514683e-26,6.479029650912107683e-26,1.793869698472580846e-26,7.953996803185077533e-12,5.425722197237701517e-25,-1.675188933161998982e-25,6.587304102957536980e-26,-4.386612912779909852e-12,-4.659454268342219489e-25,9.189999221144501249e-25,-9.682415641810281219e-25,-3.480434075498740102e-12,-4.620579202932928028e-25,-1.098562053800108283e-24,1.354467863377235502e-24,-1.396449418859030765e-13,4.422669779031080586e-25,-5.012194910334717935e-25,9.071521756807129677e-25,2.827503539791446848e-12,1.526729841528537408e-25,-8.439992624369199713e-25,-1.050131637030210915e-26,-1.367160872032114356e-11,6.817777705026907789e-25,-2.240298763067900606e-25,-1.044477082061586703e-24,5.815694939813016404e-11,-2.972680326362443207e-25,-1.085124859641676178e-25,1.445950484833905799e-25,-8.753524373313785683e-11,1.098599251046989881e-25,-4.480151791783416788e-26,-6.745076284001739341e-26,6.682746881745664143e-11,-1.272274867940447840e-26,2.566329273432266795e-26,8.885729236409476976e-27,-3.114967714282772994e-11,6.361374339702239199e-27,-3.173714936248359094e-26,-5.351632381019344088e-27,1.010329274705600304e-11,-4.139942030599869955e-27
5.766850551077588060e-28,-6.241732809274720918e-13,-2.677665083256283790e-27,-2.611059073960454998e-27,-2.069852686164151826e-26,-9.169490648669225439e-12,-9.628915095218192198e-26,1.728144081434303146e-25,-4.001102511280971877e-26,6.053959864770545053e-12,5.519501981650375400e-25,-7.853243352716143271e-25,7.045222081220229913e-25,-5.697062448000703007e-13,-7.461488203687253422e-25,1.697139577556078854e-24,-1.660419676858152720e-24,-2.899399091222680528e-12,-1.696366490587263786e-25,-1.825375611501879557e-24,1.119601883787594099e-24,-1.345641290430608666e-12,1.376480238076522615e-24,3.570262154342205287e-25,-1.857925203976527004e-25,1.564578411400860816e-12,-6.341179500528581297e-25,-4.925579103510013538e-25,-5.735334325318844230e-26,-1.184774433803553022e-11,4.737709270140143860e-25,4.053191147160400362e-25,-1.405560806486589994e-25,4.143982658093709731e-11,-8.603001487978266345e-26,3.054592375351120166e-27,6.058451752097370666e-26,-5.441733659831357108e-11,-3.998578156384264639e-26,-1.214277651235355538e-26,9.289626019882635021e-27,3.810417453231191612e-11,1.555002616371658471e-26,-9.897406135754267240e-27,3.170589750264290648e-26,-1.687622176669030994e-11,-6.361374339702239199e-27,2.301881339890796401e-26,-4.139942030599869955e-27,5.337028087940594074e-12
