pair,x,y,winner,best_learned,K_MB_global,K_best_learned,Delta_K_learned_vs_MB_global,Delta_I_AB,Delta_chi_BE,gain_source,MB_outage,learned_outage,Delta_outage,learned_K_p05,MB_K_p05,exploratory_ncut,repetitions
T_epsilon,0.0001,0.0,PS+GS,PS+GS,3.4552537605133286e-05,3.693816108897297e-05,2.3856234838396826e-06,2.546742721006495e-06,3.3782101116486274e-08,MI-driven,0.0,0.0,0.0,3.1530927763584095e-05,2.089359457826696e-05,64,3
T_epsilon,0.0006687403049764221,0.0,PS+GS,PS+GS,0.00024041039426541487,0.00024586140401626765,5.45100975085278e-06,5.953330228495647e-06,2.0465396621816012e-07,Mixed/none,0.0,0.0,0.0,0.00019097535651025897,0.00012182613770856273,64,3
T_epsilon,0.00447213595499958,0.0,MB-global-opt,PS+GS,0.0016767498882764664,0.001632879058676136,-4.387082960033038e-05,-4.488681837414889e-05,1.2283521448885892e-06,No positive gain,0.0,0.0,0.0,0.0013574074362621461,0.0010061981504694295,64,3
T_epsilon,0.029906975624424414,0.0,PS+GS,PS+GS,0.009951810561428385,0.011072954179715358,0.0011211436182869735,0.0011878920121480493,7.353793253672691e-06,Mixed/none,0.041666666666666664,0.0,0.041666666666666664,0.008427653008071011,0.003534441133445992,64,3
T_epsilon,0.20000000000000004,0.0,MB-global-opt,PS+GS,0.08372302576354947,0.08292022968240755,-0.000802796081141921,-0.0007957623484855514,4.682185008064721e-05,No positive gain,0.0,0.0,0.0,0.06586451301187014,0.05129466630896066,64,3
T_epsilon,0.0001,0.0075,PS+GS,PS+GS,2.50575422129103e-05,2.700823774534622e-05,1.9506955324359197e-06,2.4801921043223483e-06,4.054869666703098e-07,Mixed/none,0.0,0.0,0.0,1.906194633962096e-05,1.0084110757820523e-05,64,3
T_epsilon,0.0006687403049764221,0.0075,PS+GS,PS+GS,0.0001630836880690082,0.0001809838932302391,1.7900205161230914e-05,2.1310411464470214e-05,2.344685730015783e-06,Mixed/none,0.0,0.0,0.0,0.00012536901811460268,6.491066838236818e-05,64,3
T_epsilon,0.00447213595499958,0.0075,PS+GS,PS+GS,0.0013977066791466333,0.0014005872655603099,2.880586413676542e-06,1.6975464414555226e-05,1.3246104780151313e-05,Mixed/none,0.0,0.0,0.0,0.0011256978079227126,0.0006932185415008807,64,3
T_epsilon,0.029906975624424414,0.0075,MB-global-opt,PS+GS,0.010117368157226816,0.00946104869014972,-0.0006563194670770964,-0.0006139658313964319,7.305192725048926e-05,No positive gain,0.0,0.0,0.0,0.007512428913749396,0.006088729830824899,64,3
T_epsilon,0.20000000000000004,0.0075,MB-global-opt,PS+GS,0.07679163271798266,0.07622022833621463,-0.0005714043817680314,-0.0001659055352320471,0.0004137941232975617,No positive gain,0.0,0.0,0.0,0.06289261021156911,0.05200032403506461,64,3
T_epsilon,0.0001,0.015,PS+GS,PS+GS,1.754428941651194e-05,1.832911536008656e-05,7.848259435746198e-07,1.391196276549322e-06,5.368105191472239e-07,Mixed/none,0.041666666666666664,0.0,0.041666666666666664,8.684944875965154e-06,-7.710164567131865e-07,64,3
T_epsilon,0.0006687403049764221,0.015,PS+GS,PS+GS,0.000138205500917334,0.0001450512103805053,6.845709463171296e-06,1.0447789713707856e-05,3.0796907648511507e-06,Mixed/none,0.041666666666666664,0.0,0.041666666666666664,9.87549551534927e-05,5.175870820331547e-05,64,3
T_epsilon,0.00447213595499958,0.015,MB-global-opt,PS+GS,0.0011755628307686353,0.001114022895565077,-6.153993520355825e-05,-4.66635046862951e-05,1.720960575157804e-05,No positive gain,0.0,0.0,0.0,0.0008234079766163729,0.000637014881388497,64,3
T_epsilon,0.029906975624424414,0.015,MB-global-opt,PS+GS,0.009452821108290634,0.00872662875042989,-0.0007261923578607433,-0.0006661046887936894,9.339290350673934e-05,No positive gain,0.0,0.0,0.0,0.006147232181082545,0.0038869952097100352,64,3
T_epsilon,0.20000000000000004,0.015,MB-global-opt,PS+GS,0.06313986996777211,0.06168107536820768,-0.0014587945995644322,-0.0009930391057346721,0.0005154074491164895,No positive gain,0.0,0.0,0.0,0.04853871003837767,0.03642194946185682,64,3
T_epsilon,0.0001,0.0225,MB-global-opt,PS+GS,1.4778159943588477e-05,1.160735686933644e-05,-3.1708030742520365e-06,-2.671240538395153e-06,6.331245627766435e-07,No positive gain,0.08333333333333333,0.041666666666666664,0.041666666666666664,1.697799071701155e-06,-7.835120506416471e-07,64,3
T_epsilon,0.0006687403049764221,0.0225,PS+GS,PS+GS,9.68684826304133e-05,0.0001076784353867858,1.0809952756372492e-05,1.5183000347381514e-05,3.613897573639946e-06,Mixed/none,0.20833333333333334,0.0,0.20833333333333334,6.371848448827543e-05,-5.071546606490694e-06,64,3
T_epsilon,0.00447213595499958,0.0225,MB-global-opt,PS+GS,0.0008246590623477043,0.0007779341216489188,-4.672494069878552e-05,-2.807739807856712e-05,2.0051412524146883e-05,No positive gain,0.125,0.0,0.125,0.0004059960729997523,8.913950953821319e-05,64,3
T_epsilon,0.029906975624424414,0.0225,PS+GS,PS+GS,0.005457187387047511,0.005550773370214398,9.358598316688751e-05,0.00021182661846960021,0.00010764930437923148,Mixed/none,0.08333333333333333,0.0,0.08333333333333333,0.0028202389852381507,0.0003999618476695391,64,3
T_epsilon,0.20000000000000004,0.0225,MB-global-opt,PS+GS,0.06182972387935128,0.056914231177050724,-0.0049154927023005585,-0.004560049098311203,0.000583446058904924,No positive gain,0.0,0.0,0.0,0.044132509700558764,0.03703007463406351,64,3
T_epsilon,0.0001,0.03,PS+GS,PS+GS,3.722638200616871e-06,4.230947561264143e-06,5.083093606472716e-07,1.2844255072863575e-06,7.118948712747653e-07,Mixed/none,0.3333333333333333,0.2916666666666667,0.04166666666666663,-3.1732493250421167e-06,-8.791750203927716e-06,64,3
T_epsilon,0.0006687403049764221,0.03,PS+GS,PS+GS,2.613305290701247e-05,4.6473890389261e-05,2.034083748224853e-05,2.567249571464958e-05,4.0480334466685974e-06,Mixed/none,0.375,0.16666666666666666,0.20833333333333334,-2.310726627220359e-05,-0.00011165702398849551,64,3
T_epsilon,0.00447213595499958,0.03,MB-global-opt,PS+GS,0.0005653815284287467,0.0005523237245784219,-1.3057803850324867e-05,9.769168254791794e-06,2.233851369237705e-05,No positive gain,0.20833333333333334,0.041666666666666664,0.16666666666666669,0.0001326747490582908,-0.0005226958772145919,64,3
T_epsilon,0.029906975624424414,0.03,PS+GS,PS+GS,0.005034348151870851,0.0053306337407943,0.0002962855889234485,0.0004370708273302021,0.00011893169704024764,Mixed/none,0.041666666666666664,0.0,0.041666666666666664,0.003417055784064399,0.0016663668216636545,64,3
T_epsilon,0.20000000000000004,0.03,MB-global-opt,PS+GS,0.05338133169067901,0.05202571683909557,-0.0013556148515834407,-0.0007581278381411649,0.0006353934053493493,No positive gain,0.0,0.0,0.0,0.03865614889955997,0.028203351950183243,64,3
L_Cn2,20.0,1e-16,MB-global-opt,PS+GS,0.04043638537269092,0.03977299536123456,-0.0006633900114563565,-0.0005808339609409963,0.00011159774856242533,No positive gain,0.0,0.0,0.0,0.02703082575251915,0.023191867776920994,64,3
L_Cn2,40.0,1e-16,PS+GS,PS+GS,0.002073096253449972,0.0021795858668805916,0.00010648961343061964,0.00012111180438530676,8.56660073542126e-06,Mixed/none,0.0,0.0,0.0,0.001087120506769598,0.0007702526014000585,64,3
L_Cn2,60.0,1e-16,MB-global-opt,PS+GS,0.00014774289018839405,0.00014581395961671035,-1.9289305716837016e-06,-1.3130196728772248e-06,6.815618824503869e-07,No positive gain,0.0,0.0,0.0,5.528625878854794e-05,4.663944225085463e-05,64,3
L_Cn2,80.0,1e-16,PS+GS,PS+GS,8.318139963268503e-06,9.241809025230712e-06,9.236690619622096e-07,1.027316255878638e-06,5.228138112248903e-08,MI-driven,0.08333333333333333,0.0,0.08333333333333333,3.21692410918913e-06,9.327521029304591e-07,64,3
L_Cn2,100.0,1e-16,PS+GS,PS+GS,7.989053008324493e-07,8.178710030707728e-07,1.8965702238323457e-08,2.559237492298204e-08,5.347053938509205e-09,No positive gain,0.0,0.0,0.0,1.4354481055060355e-07,9.58044126734651e-08,64,3
L_Cn2,20.0,3.1622776601683793e-16,MB-global-opt,PS+GS,0.03405030292009963,0.032961261321250886,-0.0010890415988487473,-0.001041627384134075,9.949558392136071e-05,No positive gain,0.0,0.0,0.0,0.016591541418817694,0.015600476575576033,64,3
L_Cn2,40.0,3.1622776601683793e-16,MB-global-opt,PS+GS,0.0015295236439180585,0.0014782449970690778,-5.1278646848980716e-05,-4.83690031556714e-05,5.3280938510924525e-06,No positive gain,0.0,0.0,0.0,0.0004090243289318485,0.0003996573436912258,64,3
L_Cn2,60.0,3.1622776601683793e-16,MB-global-opt,PS+GS,7.266433001883083e-05,6.572675759615915e-05,-6.9375724226716865e-06,-6.98102031748693e-06,3.056031210590948e-07,No positive gain,0.0,0.0,0.0,6.565610614259012e-06,7.339653186124728e-06,64,3
L_Cn2,80.0,3.1622776601683793e-16,MB-global-opt,PS+GS,4.753258152079275e-06,4.308009597153716e-06,-4.45248554925559e-07,-4.42283065134795e-07,2.507964304750493e-08,No positive gain,0.041666666666666664,0.0,0.041666666666666664,2.502212595471379e-07,2.13003915868389e-07,64,3
L_Cn2,100.0,3.1622776601683793e-16,PS+GS,PS+GS,1.55226894762069e-07,1.6810846707645167e-07,1.2881572314382663e-08,1.4825588053509418e-08,1.2027363364512899e-09,No positive gain,0.08333333333333333,0.0,0.08333333333333333,1.1407907766584436e-09,7.715091040102114e-10,64,3
L_Cn2,20.0,1e-15,MB-global-opt,PS+GS,0.017934958891960784,0.017657982636343904,-0.00027697625561688005,-0.00023690376042977135,5.191768320860629e-05,No positive gain,0.0,0.0,0.0,0.00213805408480067,0.0018730508650352644,64,3
L_Cn2,40.0,1e-15,MB-global-opt,PS+GS,0.0009216590521555766,0.0008754248906258939,-4.623416152968278e-05,-4.50360430300778e-05,3.449920651109155e-06,No positive gain,0.0,0.0,0.0,3.541754500217283e-05,2.9654758650815195e-05,64,3
L_Cn2,60.0,1e-15,PS+GS,PS+GS,5.5496504917085226e-05,5.853848881851955e-05,3.0419839014343252e-06,3.4824512229099933e-06,2.6634476033016163e-07,Mixed/none,0.041666666666666664,0.0,0.041666666666666664,3.8052845254377136e-07,3.497548138819973e-07,64,3
L_Cn2,80.0,1e-15,MB-global-opt,PS+GS,1.1823625251280072e-06,1.1711584316028327e-06,-1.1204093525174528e-08,-4.411772946966153e-09,7.0129092255566405e-09,No positive gain,0.4166666666666667,0.0,0.4166666666666667,5.152315611193594e-13,-6.475938378140237e-11,64,3
L_Cn2,100.0,1e-15,MB-global-opt,PS+GS,6.91713943605047e-08,6.478045737797385e-08,-4.390936982530858e-09,-4.1611638579297505e-09,4.3783131749761074e-10,No positive gain,0.5416666666666666,0.16666666666666666,0.375,1.9113599591946688e-14,-6.530421240806087e-11,64,3
L_Cn2,20.0,3.1622776601683794e-15,PS+GS,PS+GS,0.008463688025594735,0.008657692671402968,0.00019400464580823264,0.00023276630427463557,2.7123343252673238e-05,Mixed/none,0.0,0.0,0.0,0.00016849202603093155,0.00013556015575204503,64,3
L_Cn2,40.0,3.1622776601683794e-15,MB-global-opt,PS+GS,0.0004861403904833953,0.0004684186748357133,-1.7721715647682013e-05,-1.683924399727599e-05,1.7244338502697687e-06,No positive gain,0.25,0.08333333333333333,0.16666666666666669,3.4376722209591046e-11,-1.8314105787453623e-11,64,3
L_Cn2,60.0,3.1622776601683794e-15,MB-global-opt,PS+GS,1.925250152445453e-05,1.6418441544415367e-05,-2.8340599800391615e-06,-2.8995362331141195e-06,7.950055858074734e-08,No positive gain,0.5,0.25,0.25,-1.1546319456101628e-15,-4.409572824319122e-06,64,3
L_Cn2,80.0,3.1622776601683794e-15,PS+GS,PS+GS,3.0134025056175826e-07,3.6874593067152494e-07,6.740568010976667e-08,7.344122721075763e-08,2.3634857404530862e-09,No positive gain,0.75,0.5416666666666666,0.20833333333333337,-1.828167247216091e-15,-6.532336893627644e-11,64,3
L_Cn2,100.0,3.1622776601683794e-15,PS+GS,PS+GS,1.2629721914588406e-08,1.4074107708890907e-08,1.4443857943025008e-09,1.6298823772113306e-09,1.0400246404825692e-10,No positive gain,0.625,0.5,0.125,0.0,-6.532144232925436e-11,64,3
L_Cn2,20.0,1e-14,PS+GS,PS+GS,0.009110316120843077,0.010414371054324219,0.001304054933481142,0.0014055383406105237,3.120649009885623e-05,Mixed/none,0.125,0.08333333333333333,0.04166666666666667,1.979988743331755e-10,1.4488311809538837e-10,64,3
L_Cn2,40.0,1e-14,PS+GS,PS+GS,2.2405738303127307e-05,3.111821847709972e-05,8.712480173972416e-06,9.333382570623578e-06,1.5423326811998827e-07,Mixed/none,0.5416666666666666,0.4166666666666667,0.12499999999999994,-1.3085828716915179e-15,-6.532348217902495e-11,64,3
L_Cn2,60.0,1e-14,MB-global-opt,PS+GS,1.5003107508460007e-06,1.3362610926067237e-06,-1.6404965823927703e-07,-1.6527166502022794e-07,7.041576470060658e-09,No positive gain,0.7083333333333334,0.5416666666666666,0.16666666666666674,0.0,-6.532172358575393e-11,64,3
L_Cn2,80.0,1e-14,MB-global-opt,PS+GS,6.768241434973451e-07,4.878085701339371e-07,-1.8901557336340801e-07,-1.9634492080348553e-07,2.4878986000971305e-09,No positive gain,0.75,0.6666666666666666,0.08333333333333337,0.0,-6.532162514597908e-11,64,3
L_Cn2,100.0,1e-14,PS+GS,PS+GS,1.2523097470129585e-08,1.620511033880352e-08,3.682012868673936e-09,4.01391830884279e-09,1.3120952472670682e-10,No positive gain,0.875,0.8333333333333334,0.04166666666666663,0.0,-6.532210328202836e-11,64,3
V_a,5.0,0.1,MB-global-opt,PS+GS,0.00018427763692803372,0.00018221162192621674,-2.066015001816985e-06,-1.3252581538095729e-06,8.070197556979668e-07,No positive gain,0.0,0.0,0.0,6.375508751092309e-06,6.12680302524223e-06,64,3
V_a,13.75,0.1,MB-global-opt,PS+GS,0.012238448992684095,0.012188356086073012,-5.009290661108293e-05,-1.2175163808428313e-05,3.852650099307048e-05,No positive gain,0.0,0.0,0.0,0.0004759179183990077,0.0005047909296788435,64,3
V_a,22.5,0.1,MB-global-opt,PS+GS,0.02908628439859658,0.027577244917170913,-0.001509039481425667,-0.0015088014306368358,7.567812232066318e-05,No positive gain,0.0,0.0,0.0,0.0023533397358204648,0.002112138897801974,64,3
V_a,31.25,0.1,MB-global-opt,PS+GS,0.034333857415571455,0.03381534258149218,-0.0005185148340792756,-0.0004481202799559575,9.28005681211097e-05,No positive gain,0.0,0.0,0.0,0.00421129059505253,0.004696960552376996,64,3
V_a,40.0,0.1,PS+GS,PS+GS,0.042046982121798165,0.04359825208996782,0.0015512699681696565,0.0017596300114287033,0.00012037854268759363,Mixed/none,0.0,0.0,0.0,0.006068694943039525,0.005579708225288145,64,3
V_a,5.0,0.15,PS+GS,PS+GS,0.00038414526950562573,0.0003939245245247579,9.779255019132184e-06,1.201135760779226e-05,1.6315347082702675e-06,Mixed/none,0.0,0.0,0.0,7.337217447473731e-05,6.573819668048411e-05,64,3
V_a,13.75,0.15,PS+GS,PS+GS,0.02926671725061028,0.029380756588387864,0.00011403933777758349,0.000211075408671893,8.64823004607107e-05,Mixed/none,0.0,0.0,0.0,0.004622171358944004,0.005244216206359407,64,3
V_a,22.5,0.15,PS+GS,PS+GS,0.05111957386071483,0.05139834857894764,0.00027877471823281597,0.0004387481037506913,0.00013803598033033937,Mixed/none,0.0,0.0,0.0,0.00637309273305707,0.0060620228618898315,64,3
V_a,31.25,0.15,PS+GS,PS+GS,0.054706937663519584,0.05602793975517795,0.0013210020916583631,0.0015431371876794553,0.00014497823663711662,Mixed/none,0.0,0.0,0.0,0.005736484203814635,0.005259406607124424,64,3
V_a,40.0,0.15,MB-global-opt,PS+GS,0.09238650807240945,0.08813689428801606,-0.004249613784393383,-0.0042369932938219335,0.00022447015526258496,No positive gain,0.0,0.0,0.0,0.005296562608312075,0.0038722734381958037,64,3
V_a,5.0,0.2,PS+GS,PS+GS,0.0007560299736698748,0.0007580446707567429,2.014697086868099e-06,5.332889312111618e-06,3.0515477596380035e-06,Mixed/none,0.0,0.0,0.0,0.00016100720583303325,0.00013367406136747249,64,3
V_a,13.75,0.2,MB-global-opt,PS+GS,0.04874786618920454,0.046302887757192164,-0.0024449784320123777,-0.0024436471450003105,0.0001235136442620799,No positive gain,0.0,0.0,0.0,0.007428545197925149,0.007942948815656678,64,3
V_a,22.5,0.2,PS+GS,PS+GS,0.08463229140343763,0.08728967023424583,0.002657378830808202,0.0030375239860855885,0.00022826895597310992,Mixed/none,0.0,0.0,0.0,0.014646612714209377,0.014782996776484729,64,3
V_a,31.25,0.2,PS+GS,PS+GS,0.16054002173709456,0.16116952163269996,0.000629499895605401,0.0010502566090990206,0.00036824388303874356,Mixed/none,0.0,0.0,0.0,0.07032531150719747,0.06332919510285752,64,3
V_a,40.0,0.2,MB-global-opt,PS+GS,0.12703608121878907,0.12444952958900264,-0.002586551629786424,-0.0024076604166727855,0.0002992742339471832,No positive gain,0.0,0.0,0.0,0.020327894533487035,0.01878176853919423,64,3
V_a,5.0,0.25,MB-global-opt,PS+GS,0.0011617516385126552,0.0011594706098559781,-2.2810286566771025e-06,2.451255893931581e-06,4.609721755912018e-06,No positive gain,0.0,0.0,0.0,0.0007352225975902583,0.0007305309445927805,64,3
V_a,13.75,0.25,PS+GS,PS+GS,0.057171179187626466,0.05721775996514694,4.658077752047601e-05,0.00020983895089751736,0.00015276622583215715,Mixed/none,0.0,0.0,0.0,0.025656459140954897,0.02221664731488861,64,3
V_a,22.5,0.25,MB-global-opt,PS+GS,0.13564879708874808,0.13482694898273886,-0.0008218481060092153,-0.0005235835892321017,0.00032444369623871316,No positive gain,0.0,0.0,0.0,0.06904827582764418,0.057480658709707345,64,3
V_a,31.25,0.25,MB-global-opt,PS+GS,0.17533824679456203,0.17200962297049424,-0.003328623824067789,-0.00309134723157084,0.00039184395407546035,No positive gain,0.0,0.0,0.0,0.04562799778929013,0.044068902961089645,64,3
V_a,40.0,0.25,PS+GS,PS+GS,0.1887597237368588,0.1997818062918345,0.01102208255497572,0.01209620967044478,0.0004693166319468256,Mixed/none,0.0,0.0,0.0,0.06652297051940607,0.06902342479557433,64,3
V_a,5.0,0.3,PS+GS,PS+GS,0.0009596669018319921,0.0010429809448034527,8.331404297146061e-05,9.234620087950063e-05,4.414847864064875e-06,Mixed/none,0.041666666666666664,0.0,0.041666666666666664,0.000561620227505457,0.00039270601396524334,64,3
V_a,13.75,0.3,MB-global-opt,PS+GS,0.0831019352544713,0.08054681734803497,-0.0025551179064363383,-0.002468075638086542,0.00021044605025419272,No positive gain,0.0,0.0,0.0,0.057304224612274156,0.05105745094747125,64,3
V_a,22.5,0.3,MB-global-opt,PS+GS,0.15550911906139328,0.15473960746071985,-0.0007695116006734282,-0.00041597750297484026,0.0003743329728473632,No positive gain,0.0,0.0,0.0,0.10011202011779763,0.10098385618529863,64,3
V_a,31.25,0.3,MB-global-opt,PS+GS,0.22150965687552548,0.22006347894524936,-0.0014461779302761268,-0.0009930326359720576,0.0005027969261025556,No positive gain,0.0,0.0,0.0,0.1158541264699322,0.11177795287600634,64,3
V_a,40.0,0.3,MB-global-opt,PS+GS,0.24978898197401964,0.2478204645828872,-0.001968517391132435,-0.0014916768984587492,0.0005514243375966399,No positive gain,0.0,0.0,0.0,0.11098955795768066,0.10824628934523563,64,3
W0_Cn2,0.03,1e-16,PS+GS,PS+GS,0.01988941923969252,0.020516733949492175,0.0006273147097996534,0.0007268545605676746,6.319712273964578e-05,Mixed/none,0.041666666666666664,0.0,0.041666666666666664,0.014781227325752502,0.007139570539137839,64,3
W0_Cn2,0.0525,1e-16,PS+GS,PS+GS,0.03360563170107672,0.034031988286319904,0.00042635658524318304,0.0005508254812355701,9.692762193058702e-05,Mixed/none,0.0,0.0,0.0,0.016886920224685294,0.015032022588525767,64,3
W0_Cn2,0.075,1e-16,MB-global-opt,PS+GS,0.0443310642016751,0.04262638040242122,-0.0017046837992538769,-0.0016664309364401997,0.00012157440963569965,No positive gain,0.0,0.0,0.0,0.028517612735447766,0.02708978746770876,64,3
W0_Cn2,0.0975,1e-16,MB-global-opt,PS+GS,0.04023635791663855,0.03978807127063696,-0.0004482866460015916,-0.00035156448572587484,0.0001143003845619911,No positive gain,0.0,0.0,0.0,0.024738183961205112,0.02205986414090699,64,3
W0_Cn2,0.12,1e-16,MB-global-opt,PS+GS,0.04419378759990969,0.04382316493445911,-0.0003706226654505776,-0.00026506164144665667,0.00011881410607628151,No positive gain,0.0,0.0,0.0,0.02698261018435813,0.028599766831786288,64,3
W0_Cn2,0.03,3.1622776601683793e-16,MB-global-opt,PS+GS,0.0195876240598694,0.01879503507604715,-0.0007925889838222497,-0.0007718003661615763,5.9378635968755644e-05,No positive gain,0.0,0.0,0.0,0.01128012236010803,0.01001642191754334,64,3
W0_Cn2,0.0525,3.1622776601683793e-16,MB-global-opt,PS+GS,0.03662011660805251,0.035872816898664284,-0.0007472997093882286,-0.000681173899049925,0.00010018450529077072,No positive gain,0.0,0.0,0.0,0.02143323072950586,0.016891203640903515,64,3
W0_Cn2,0.075,3.1622776601683793e-16,MB-global-opt,PS+GS,0.03706710691636791,0.03548127361787038,-0.001585833298497527,-0.001562584911220244,0.00010137763283832313,No positive gain,0.0,0.0,0.0,0.012157804546461861,0.00960354530534759,64,3
W0_Cn2,0.0975,3.1622776601683793e-16,MB-global-opt,PS+GS,0.042225707126405325,0.040775225336746844,-0.001450481789658481,-0.001406451126301278,0.00011435321967227796,No positive gain,0.0,0.0,0.0,0.025238085800049465,0.022061359388854795,64,3
W0_Cn2,0.12,3.1622776601683793e-16,MB-global-opt,PS+GS,0.03855885177949796,0.035684828419384654,-0.0028740233601133036,-0.0029200558281494704,9.997032337130674e-05,No positive gain,0.0,0.0,0.0,0.021662663058056142,0.019566872185412094,64,3
W0_Cn2,0.03,1e-15,MB-global-opt,PS+GS,0.014387274959367391,0.013682437353505017,-0.000704837605862374,-0.000699497173634045,4.0315290910031276e-05,No positive gain,0.0,0.0,0.0,0.003135067518434967,0.003071085959536944,64,3
W0_Cn2,0.0525,1e-15,MB-global-opt,PS+GS,0.03025190756550741,0.029042121725845207,-0.0012097858396622023,-0.0011848215761953024,8.42053422766692e-05,No positive gain,0.0,0.0,0.0,0.00872137560143596,0.008604128504629846,64,3
W0_Cn2,0.075,1e-15,PS+GS,PS+GS,0.02389326410009876,0.02456911892950477,0.0006758548294060092,0.0007889067648277487,7.360659718035067e-05,Mixed/none,0.0,0.0,0.0,0.002234406672399157,0.0017335220894018032,64,3
W0_Cn2,0.0975,1e-15,PS+GS,PS+GS,0.031230623493507085,0.03182017987098686,0.0005895563774797781,0.0007165784882920273,9.119318639763674e-05,Mixed/none,0.0,0.0,0.0,0.004746039773730996,0.004293432462763677,64,3
W0_Cn2,0.12,1e-15,PS+GS,PS+GS,0.02885619086328567,0.030005404947031387,0.0011492140837457178,0.001303973367906136,8.956061576510799e-05,Mixed/none,0.0,0.0,0.0,0.007688891586022266,0.007760477688958169,64,3
W0_Cn2,0.03,3.1622776601683794e-15,PS+GS,PS+GS,0.00829872407317979,0.009119348640279946,0.0008206245671001557,0.0008952260556636116,2.9840185780272838e-05,Mixed/none,0.0,0.0,0.0,0.0013453109963305055,0.0013302978293452674,64,3
W0_Cn2,0.0525,3.1622776601683794e-15,PS+GS,PS+GS,0.0081827659340152,0.009116623184946228,0.0009338572509310274,0.0010139914497105523,2.9434626294001093e-05,Mixed/none,0.0,0.0,0.0,0.00013173287019788482,0.00013160982577207502,64,3
W0_Cn2,0.075,3.1622776601683794e-15,PS+GS,PS+GS,0.01498277527989226,0.0160295805111063,0.0010468052312140406,0.0011534762510504448,4.8997207283879574e-05,Mixed/none,0.08333333333333333,0.0,0.08333333333333333,0.0001933772270618831,-2.3065664715958153e-05,64,3
W0_Cn2,0.0975,3.1622776601683794e-15,MB-global-opt,PS+GS,0.0184785148355882,0.017481089308159534,-0.0009974255274286664,-0.0010013817882746565,4.6112828567743125e-05,No positive gain,0.0,0.0,0.0,0.00016165806979860845,0.0001659894278874674,64,3
W0_Cn2,0.12,3.1622776601683794e-15,MB-global-opt,PS+GS,0.011855447274112621,0.010981348664692405,-0.0008740986094202159,-0.0008861426242790307,3.2263116355131516e-05,No positive gain,0.0,0.0,0.0,3.925173988351165e-05,3.065130671126756e-05,64,3
W0_Cn2,0.03,1e-14,PS+GS,PS+GS,0.004228771909687428,0.0043406107245782186,0.00011183881489079065,0.0001329153882953689,1.4430803989809796e-05,Mixed/none,0.041666666666666664,0.0,0.041666666666666664,1.228031299343346e-05,9.561199077516103e-06,64,3
W0_Cn2,0.0525,1e-14,PS+GS,PS+GS,0.010212660817896737,0.01085656339049493,0.0006439025725981928,0.0007140219079896787,3.441823999199636e-05,Mixed/none,0.125,0.08333333333333333,0.04166666666666667,3.95679603859526e-05,3.030034128230995e-05,64,3
W0_Cn2,0.075,1e-14,PS+GS,PS+GS,0.003962359743528086,0.004235502399732978,0.00027314265620489216,0.000301578187318869,1.3356621748034092e-05,Mixed/none,0.3333333333333333,0.16666666666666666,0.16666666666666666,3.5448629217190353e-12,-1.352967855861033e-07,64,3
W0_Cn2,0.0975,1e-14,PS+GS,PS+GS,0.010632491870695303,0.011149212469261672,0.0005167205985663684,0.0005800247315539825,3.430289640991499e-05,Mixed/none,0.375,0.25,0.125,2.872369009310206e-14,-6.530230874564798e-11,64,3
W0_Cn2,0.12,1e-14,MB-global-opt,PS+GS,0.007516818531359183,0.0066485944019285806,-0.0008682241294306024,-0.0008933925526320996,1.9501204430106417e-05,No positive gain,0.2916666666666667,0.125,0.16666666666666669,2.433379423886587e-12,-6.327408004954312e-11,64,3
