case_id,case_type,pair,x,y,repetition,scheme,I_AB,chi_BE,beta_I_AB,K_raw_mean,K_raw_median,K_raw_p05,outage_probability,entropy,finite,channel_seed,awgn_seed,channel_hash,noise_hash
0,best,V_a,40.0,0.25,0,MB-global-opt,0.46063243047951075,0.2341180898327689,0.4376008089555352,0.2034827191227663,0.2557759105436567,0.007040044425832268,0.0,4.380495360181545,True,910000,910001,0ff4d6fecadb791c,d99af032dc550173
0,best,V_a,40.0,0.25,0,PS+GS,0.4602775406098407,0.23458308456506843,0.43726366357934865,0.20268057901428022,0.2497382062158141,0.007186064991903672,0.0,6.408923689874859,True,910000,910001,0ff4d6fecadb791c,d99af032dc550173
0,best,V_a,40.0,0.25,1,MB-global-opt,0.5618064015274085,0.28228684384818215,0.5337160814510381,0.25142923760285585,0.27277838875908295,0.1426307785690401,0.0,4.380495360181545,True,910001,910002,02c99f95ee075161,94920a73257413ee
0,best,V_a,40.0,0.25,1,PS+GS,0.5612611321852292,0.2828513334256415,0.5331980755759678,0.25034674215032626,0.26906172285569374,0.13388692723330903,0.0,6.408923689874859,True,910001,910002,02c99f95ee075161,94920a73257413ee
0,best,V_a,40.0,0.25,2,MB-global-opt,0.49167907037657543,0.2568717505820851,0.4670951168577467,0.21022336627566157,0.22360590397010918,0.03224065614391706,0.0,4.380495360181545,True,910002,910003,48cea6c6904228ec,c4843b1b77f9c165
0,best,V_a,40.0,0.25,2,PS+GS,0.4902054696402384,0.25734851883792814,0.4656951961582264,0.20834667732029832,0.2249627636014354,0.0357943158483525,0.0,6.408923689874859,True,910002,910003,48cea6c6904228ec,c4843b1b77f9c165
0,best,V_a,40.0,0.25,3,MB-global-opt,0.5019325902207648,0.25991733667437944,0.47683596070972656,0.21691862403534712,0.21960778695997885,0.048601450042254926,0.0,4.380495360181545,True,910003,910004,f816659dfd2399e9,c685427b006a8b12
0,best,V_a,40.0,0.25,3,PS+GS,0.5053067864347418,0.2604213034027659,0.4800414471130048,0.21962014371023875,0.2298290786753489,0.04342240974240113,0.0,6.408923689874859,True,910003,910004,f816659dfd2399e9,c685427b006a8b12
0,best,V_a,40.0,0.25,4,MB-global-opt,0.5294271958092882,0.2683899846470504,0.5029558360188238,0.2345658513717734,0.27201423887862813,0.06648496728993114,0.0,4.380495360181545,True,910004,910005,5db28cbedf491ae5,0120ead2a367a6b4
0,best,V_a,40.0,0.25,4,PS+GS,0.5308801229947256,0.2689239086346168,0.5043361168449894,0.23541220821037256,0.2851940223028142,0.06773092116186544,0.0,6.408923689874859,True,910004,910005,5db28cbedf491ae5,0120ead2a367a6b4
0,best,V_a,40.0,0.25,5,MB-global-opt,0.4475424601225415,0.2302446177960042,0.42516533711641447,0.19492071932041027,0.23543088388649708,0.02378699200365502,0.0,4.380495360181545,True,910005,910006,7d7470a893adda1d,090075018a49f7f0
0,best,V_a,40.0,0.25,5,PS+GS,0.44444733147273097,0.23068427828734284,0.42222496489909445,0.19154068661175155,0.22564108717844544,0.01979028333896352,0.0,6.408923689874859,True,910005,910006,7d7470a893adda1d,090075018a49f7f0
0,best,V_a,40.0,0.25,6,MB-global-opt,0.5233072930594045,0.259909504156016,0.49714192840643434,0.23723242425041835,0.29216787299318964,0.024879459212151327,0.0,4.380495360181545,True,910006,910007,467b023aad0c0bcf,0be6ea4dabd53fca
0,best,V_a,40.0,0.25,6,PS+GS,0.5236642424766069,0.2604338033050683,0.49748103035277647,0.2370472270477082,0.2923348121947365,0.02584961825243146,0.0,6.408923689874859,True,910006,910007,467b023aad0c0bcf,0be6ea4dabd53fca
0,best,V_a,40.0,0.25,7,MB-global-opt,0.42837847706390964,0.22405255709123995,0.40695955321071414,0.1829069961194742,0.17258345106797476,0.024992527053651594,0.0,4.380495360181545,True,910007,910008,e76621cf9933bc9e,1b6a9e7b1148b27d
0,best,V_a,40.0,0.25,7,PS+GS,0.42755198333001393,0.22447463658382905,0.40617438416351326,0.18169974757968413,0.17201339259890855,0.022916547255112843,0.0,6.408923689874859,True,910007,910008,e76621cf9933bc9e,1b6a9e7b1148b27d
0,best,V_a,40.0,0.25,8,MB-global-opt,0.5457531113064049,0.2742944232955782,0.5184654557410846,0.24417103244550648,0.26915848931983694,0.053333056631768426,0.0,4.380495360181545,True,910008,910009,0052276bbd61807d,319f87338bf79d3e
0,best,V_a,40.0,0.25,8,PS+GS,0.5476360984432467,0.27485190534799453,0.5202542935210843,0.24540238817308974,0.2779212376012198,0.05251190412790648,0.0,6.408923689874859,True,910008,910009,0052276bbd61807d,319f87338bf79d3e
0,best,V_a,40.0,0.25,9,MB-global-opt,0.4803482192864859,0.25420254814219834,0.45633080832216155,0.20212826017996322,0.20039822847330752,0.04317876462539278,0.0,4.380495360181545,True,910009,910010,10193392942731a4,65508ac43963bc63
0,best,V_a,40.0,0.25,9,PS+GS,0.48139458565212895,0.2546698792136596,0.45732485636952247,0.2026549771558629,0.20821529008627535,0.05176762150042523,0.0,6.408923689874859,True,910009,910010,10193392942731a4,65508ac43963bc63
1,best,V_a,22.5,0.2,0,MB-global-opt,0.2180442982248234,0.13725035537104668,0.20714208331358222,0.06989172794253554,0.07170927428615637,0.0008493194514099689,0.0,4.380495360181545,True,920000,920001,3b1477ae33289887,71ec6b45ac6ea1df
1,best,V_a,22.5,0.2,0,PS+GS,0.21881931753635075,0.13743391431603258,0.2078783516595332,0.07044443734350063,0.0736679029813516,0.000790290370291413,0.0,6.408923689874859,True,920000,920001,3b1477ae33289887,71ec6b45ac6ea1df
1,best,V_a,22.5,0.2,1,MB-global-opt,0.3202977643835562,0.19422780352315755,0.3042828761643784,0.11005507264122084,0.11437301718913473,0.03985152161505383,0.0,4.380495360181545,True,920001,920002,f9f357b963660897,f07085fe87d75f51
1,best,V_a,22.5,0.2,1,PS+GS,0.31923038552833566,0.19449893089372444,0.30326886625191884,0.10876993535819443,0.11539132727185972,0.04141604063743973,0.0,6.408923689874859,True,920001,920002,f9f357b963660897,f07085fe87d75f51
1,best,V_a,22.5,0.2,2,MB-global-opt,0.2562614297227479,0.1567152937523966,0.24344835823661054,0.08673306448421392,0.08845999936909124,0.019061216112443942,0.0,4.380495360181545,True,920002,920003,b80e1908b7b759c8,81fbf830babae7a7
1,best,V_a,22.5,0.2,2,PS+GS,0.25393755936927337,0.156927153550171,0.24124068140080968,0.0843135278506387,0.08818830882113293,0.020135879148902698,0.0,6.408923689874859,True,920002,920003,b80e1908b7b759c8,81fbf830babae7a7
1,best,V_a,22.5,0.2,3,MB-global-opt,0.2305648255113657,0.1437763596354538,0.21903658423579742,0.07526022460034362,0.06841081404875521,0.012253296184389282,0.0,4.380495360181545,True,920003,920004,5d0211f93b7c403c,9ad594c0df072872
1,best,V_a,22.5,0.2,3,PS+GS,0.23040423730549003,0.14397083693195808,0.2188840254402155,0.07491318850825744,0.06323278944103593,0.013682401797301506,0.0,6.408923689874859,True,920003,920004,5d0211f93b7c403c,9ad594c0df072872
1,best,V_a,22.5,0.2,4,MB-global-opt,0.31255278638927164,0.18196712675035764,0.2969251470698081,0.11495802031945043,0.13720567712980772,0.007386131240363289,0.0,4.380495360181545,True,920004,920005,8d3c0d4514b3c83f,502b09414ed09ee8
1,best,V_a,22.5,0.2,4,PS+GS,0.31075927555201827,0.1822369131068952,0.29522131177441735,0.11298439866752215,0.13340877026505935,0.006155942416487524,0.0,6.408923689874859,True,920004,920005,8d3c0d4514b3c83f,502b09414ed09ee8
1,best,V_a,22.5,0.2,5,MB-global-opt,0.23489617837639265,0.14646822684052396,0.22315136945757302,0.07668314261704903,0.07904756331086552,0.002603201712604508,0.0,4.380495360181545,True,920005,920006,d967997babd5405c,3a6704ff105dbcce
1,best,V_a,22.5,0.2,5,PS+GS,0.2362306939755331,0.1466729498212263,0.22441915927675643,0.07774620945553012,0.07884958334128106,0.0024823300646309217,0.0,6.408923689874859,True,920005,920006,d967997babd5405c,3a6704ff105dbcce
1,best,V_a,22.5,0.2,6,MB-global-opt,0.21775540738871801,0.13368851387859246,0.20686763701928212,0.07317912314068965,0.0711504591668236,0.0008257551618923606,0.0,4.380495360181545,True,920006,920007,8dddf65bbd75867b,63301b5298049e1a
1,best,V_a,22.5,0.2,6,PS+GS,0.21671599850267786,0.13386953961698006,0.20588019857754397,0.07201065896056391,0.07285969789445117,0.0008499832587160472,0.0,6.408923689874859,True,920006,920007,8dddf65bbd75867b,63301b5298049e1a
1,best,V_a,22.5,0.2,7,MB-global-opt,0.35259737671352254,0.20929438582677917,0.33496750787784635,0.1256731220510672,0.13550939774983264,0.05117559411375834,0.0,4.380495360181545,True,920007,920008,95a66c432ddb42f1,05ccae53c9fb935b
1,best,V_a,22.5,0.2,7,PS+GS,0.35302673047349714,0.20959936748778152,0.33537539394982224,0.12577602646204072,0.13183141105447838,0.05885217627806702,0.0,6.408923689874859,True,920007,920008,95a66c432ddb42f1,05ccae53c9fb935b
1,best,V_a,22.5,0.2,8,MB-global-opt,0.20785056828017642,0.1272761645291065,0.1974580398661676,0.0701818753370611,0.03393249118144807,0.003624511490174487,0.0,4.380495360181545,True,920008,920009,3e6172be29e03ded,cbe2424bdc770785
1,best,V_a,22.5,0.2,8,PS+GS,0.20907432377284135,0.12745515021939627,0.19862060758419928,0.07116545736480301,0.03636173254458778,0.004133785047987858,0.0,6.408923689874859,True,920008,920009,3e6172be29e03ded,cbe2424bdc770785
1,best,V_a,22.5,0.2,9,MB-global-opt,0.3132386219301851,0.18431492697056853,0.2975766908336758,0.1132617638631073,0.12176729938008057,0.011219488520301486,0.0,4.380495360181545,True,920009,920010,6de9bf0a46cdf1db,a09392691d513de3
1,best,V_a,22.5,0.2,9,PS+GS,0.30963602610370067,0.18458095592961127,0.2941542247985156,0.10957326886890437,0.11844397445865121,0.010544298564734045,0.0,6.408923689874859,True,920009,920010,6de9bf0a46cdf1db,a09392691d513de3
2,best,V_a,40.0,0.1,0,MB-global-opt,0.1697058671292071,0.10712475092593121,0.16122057377274673,0.05409582284681552,0.061420716153265664,4.2339232202615015e-05,0.0625,4.380495360181545,True,930000,930001,8b7531b2fafdee10,a37cf56d5b6aed9c
2,best,V_a,40.0,0.1,0,PS+GS,0.16876176018288913,0.10726436389555571,0.16032367217374466,0.05305930827818895,0.05540108624242311,5.401861612439605e-05,0.0,6.408923689874859,True,930000,930001,8b7531b2fafdee10,a37cf56d5b6aed9c
2,best,V_a,40.0,0.1,1,MB-global-opt,0.21394180826603354,0.1329618733540895,0.20324471785273185,0.07028284449864237,0.06050348695355953,0.003946677000499144,0.0,4.380495360181545,True,930001,930002,f461a95a3dd90249,86d73f091481a243
2,best,V_a,40.0,0.1,1,PS+GS,0.21111383497687902,0.13313490072345763,0.20055814322803506,0.06742324250457742,0.06116704243548475,0.003986902040932926,0.0,6.408923689874859,True,930001,930002,f461a95a3dd90249,86d73f091481a243
2,best,V_a,40.0,0.1,2,MB-global-opt,0.12456370584758325,0.08168334192628146,0.11833552055520408,0.036652178628922616,0.030783176016867565,0.0010141207774514104,0.0,4.380495360181545,True,930002,930003,c4f09a84e8f7b5a0,78bc104a5837ef48
2,best,V_a,40.0,0.1,2,PS+GS,0.12557727197749136,0.0817859001534811,0.11929840837861679,0.03751250822513569,0.030593282534759694,0.0011829642327599974,0.0,6.408923689874859,True,930002,930003,c4f09a84e8f7b5a0,78bc104a5837ef48
2,best,V_a,40.0,0.1,3,MB-global-opt,0.11821046971596488,0.07709455206075046,0.11229994623016662,0.035205394169416176,0.02876811161309223,0.002074175803389944,0.0,4.380495360181545,True,930003,930004,edf5683639e8e987,3b3eb2d74971f8f7
2,best,V_a,40.0,0.1,3,PS+GS,0.11792093590793223,0.07718992797317957,0.11202488911253562,0.03483496113935605,0.03180422539431704,0.002255877589455335,0.0,6.408923689874859,True,930003,930004,edf5683639e8e987,3b3eb2d74971f8f7
2,best,V_a,40.0,0.1,4,MB-global-opt,0.10547250747570064,0.06641391671981912,0.1001988821019156,0.033784965382096487,0.008482234609719285,2.389052631975863e-05,0.0,4.380495360181545,True,930004,930005,b09d4c355235d955,7253754d4ebaeeb8
2,best,V_a,40.0,0.1,4,PS+GS,0.10568274156224605,0.0665013321596609,0.10039860448413376,0.033897272324472844,0.010132840520115604,2.4883215283066912e-05,0.0,6.408923689874859,True,930004,930005,b09d4c355235d955,7253754d4ebaeeb8
2,best,V_a,40.0,0.1,5,MB-global-opt,0.17068950467815378,0.10742775137058652,0.1621550294442461,0.05472727807365956,0.04061041166281333,0.0004943402992361955,0.0,4.380495360181545,True,930005,930006,f1428732c96c3d92,a3b335c3ed3c3bfb
2,best,V_a,40.0,0.1,5,PS+GS,0.17056714958238756,0.1075696319681666,0.16203879210326816,0.05446916013510157,0.04387419822008718,0.0006166612828414796,0.0,6.408923689874859,True,930005,930006,f1428732c96c3d92,a3b335c3ed3c3bfb
2,best,V_a,40.0,0.1,6,MB-global-opt,0.13009221165390195,0.0836138456201469,0.12358760107120684,0.039973755451059946,0.02606775985237643,0.00012919439384194705,0.0,4.380495360181545,True,930006,930007,d62fd7a9ed79a2a4,90357450bfb3a231
2,best,V_a,40.0,0.1,6,PS+GS,0.12934322333727266,0.08372060274206876,0.12287606217040903,0.03915545942834026,0.024858565453305462,0.00013703677531257114,0.0,6.408923689874859,True,930006,930007,d62fd7a9ed79a2a4,90357450bfb3a231
2,best,V_a,40.0,0.1,7,MB-global-opt,0.18141747095336064,0.11369603901440456,0.17234659740569258,0.058650558391288035,0.055388826463196775,0.008682676123568822,0.0,4.380495360181545,True,930007,930008,39646e287a45bd0e,fe18f7222c816a73
2,best,V_a,40.0,0.1,7,PS+GS,0.17876193960520698,0.11384243819208373,0.1698238426249466,0.05598140443286289,0.04871175598216372,0.008270840148959745,0.0,6.408923689874859,True,930007,930008,39646e287a45bd0e,fe18f7222c816a73
2,best,V_a,40.0,0.1,8,MB-global-opt,0.11566851563862784,0.07336873365346382,0.10988508985669644,0.03651635620323263,0.014691066289603948,0.0011483618864108977,0.0,4.380495360181545,True,930008,930009,861ce05000758ea1,8981b315c25cb4ee
2,best,V_a,40.0,0.1,8,PS+GS,0.11384519211473726,0.07346235335532593,0.10815293250900039,0.03469057915367446,0.015220685406420763,0.0011111012826206966,0.0,6.408923689874859,True,930008,930009,861ce05000758ea1,8981b315c25cb4ee
2,best,V_a,40.0,0.1,9,MB-global-opt,0.13154495219525525,0.08628595126193196,0.12496770458549249,0.03868175332356052,0.022828184370805513,0.007858147585536112,0.0,4.380495360181545,True,930009,930010,2a375bf2750f2227,8a772055131fc3bf
2,best,V_a,40.0,0.1,9,PS+GS,0.13174875428290694,0.08639492348223343,0.1251613165687616,0.038766393086528156,0.02232820380283522,0.0069052192095874765,0.0,6.408923689874859,True,930009,930010,2a375bf2750f2227,8a772055131fc3bf
3,failure,V_a,31.25,0.25,0,MB-global-opt,0.4426294305596842,0.24422827770722721,0.42049795903169995,0.17626968132447274,0.19984585685792192,0.0728852373294803,0.0,4.380495360181545,True,940000,940001,5b2f48634fcc48cd,51e3806047b10ff6
3,failure,V_a,31.25,0.25,0,PS+GS,0.44178851912733264,0.24463969051610276,0.419699093170966,0.17505940265486322,0.19946541272122978,0.06874936592899508,0.0,6.408923689874859,True,940000,940001,5b2f48634fcc48cd,51e3806047b10ff6
3,failure,V_a,31.25,0.25,1,MB-global-opt,0.42957564732501513,0.23594913498953415,0.40809686495876435,0.1721477299692302,0.17783611152845927,0.0295715717017905,0.0,4.380495360181545,True,940001,940002,388ed779149aa5ec,f8c4aed7ab02a0e1
3,failure,V_a,31.25,0.25,1,PS+GS,0.42751431815988017,0.23635140843031782,0.40613860225188614,0.16978719382156834,0.17130933295820905,0.02870784787897618,0.0,6.408923689874859,True,940001,940002,388ed779149aa5ec,f8c4aed7ab02a0e1
3,failure,V_a,31.25,0.25,2,MB-global-opt,0.40690136467321286,0.22366387228574436,0.3865562964395522,0.16289242415380784,0.18192187101472398,0.01636739444238375,0.0,4.380495360181545,True,940002,940003,d4fd23a103c87764,71863ed36266ddc4
3,failure,V_a,31.25,0.25,2,PS+GS,0.4063343698431612,0.22404291513044058,0.3860176513510031,0.16197473622056252,0.1745346649315889,0.01492231757555128,0.0,6.408923689874859,True,940002,940003,d4fd23a103c87764,71863ed36266ddc4
3,failure,V_a,31.25,0.25,3,MB-global-opt,0.39286449941526713,0.21936924921556508,0.37322127444450376,0.15385202522893868,0.18110159221303257,0.010067559811084778,0.0,4.380495360181545,True,940003,940004,8e478ddd7b9991e9,387927a7565adb35
3,failure,V_a,31.25,0.25,3,PS+GS,0.39206631897187755,0.21973131113872035,0.3724630030232836,0.15273169188456331,0.18654809400981825,0.011258179765561222,0.0,6.408923689874859,True,940003,940004,8e478ddd7b9991e9,387927a7565adb35
3,failure,V_a,31.25,0.25,4,MB-global-opt,0.461708780452268,0.255554638347692,0.4386233414296546,0.1830687030819626,0.1964968024456095,0.06282914430073366,0.0,4.380495360181545,True,940004,940005,62b0a06fe03a75e1,f62b1df25d438fb8
3,failure,V_a,31.25,0.25,4,PS+GS,0.46538114912057216,0.25599382480496663,0.4421120916645435,0.18611826685957691,0.19470772269374206,0.06064394184423135,0.0,6.408923689874859,True,940004,940005,62b0a06fe03a75e1,f62b1df25d438fb8
3,failure,V_a,31.25,0.25,5,MB-global-opt,0.42190842895780645,0.23571267650265218,0.4008130075099161,0.1651003310072639,0.18345141100382895,0.037268699075342984,0.0,4.380495360181545,True,940005,940006,847f0d400c50b5dd,22936c798f6b273c
3,failure,V_a,31.25,0.25,5,PS+GS,0.42404351218310427,0.23610680970339154,0.402841336573949,0.16673452687055748,0.18820928579045446,0.032265553573687926,0.0,6.408923689874859,True,940005,940006,847f0d400c50b5dd,22936c798f6b273c
3,failure,V_a,31.25,0.25,6,MB-global-opt,0.42580118670077033,0.23551366926089318,0.4045111273657318,0.16899745810483863,0.19007110977178354,0.013320161368023074,0.0,4.380495360181545,True,940006,940007,1d30912ce4cd7e5a,f6db56b3d1a1376d
3,failure,V_a,31.25,0.25,6,PS+GS,0.42786266904817266,0.2359130804086118,0.40646953559576404,0.17055645518715223,0.19069323068859717,0.01382991754655289,0.0,6.408923689874859,True,940006,940007,1d30912ce4cd7e5a,f6db56b3d1a1376d
3,failure,V_a,31.25,0.25,7,MB-global-opt,0.39082455734850674,0.21891822232125333,0.37128332948108134,0.15236510715982804,0.1647833708994493,0.020888815977032144,0.0,4.380495360181545,True,940007,940008,e06ee2e4b18de8cf,85068d93c0209b22
3,failure,V_a,31.25,0.25,7,PS+GS,0.3913629780825088,0.21928325405463908,0.37179482917838336,0.15251157512374428,0.1588193009770782,0.019882912037552092,0.0,6.408923689874859,True,940007,940008,e06ee2e4b18de8cf,85068d93c0209b22
3,failure,V_a,31.25,0.25,8,MB-global-opt,0.46658719861900344,0.25276373883203745,0.44325783868805324,0.19049409985601584,0.20931292800262655,0.023792780367429277,0.0,4.380495360181545,True,940008,940009,cbd197a035429880,9e5edc1f1fa88e5f
3,failure,V_a,31.25,0.25,8,PS+GS,0.4674963640739107,0.25320716417179934,0.4441215458702152,0.19091438169841585,0.20368354997267396,0.0229011060635334,0.0,6.408923689874859,True,940008,940009,cbd197a035429880,9e5edc1f1fa88e5f
3,failure,V_a,31.25,0.25,9,MB-global-opt,0.37706580111605215,0.21434665045879944,0.35821251106024954,0.14386586060145012,0.1497267572250757,0.037363646329230185,0.0,4.380495360181545,True,940009,940010,b3a714379a6388de,a99a187feb1c4bf2
3,failure,V_a,31.25,0.25,9,PS+GS,0.37789937074767793,0.21469150712486557,0.35900440221029406,0.14431289508542844,0.14443017490852475,0.03528760814133651,0.0,6.408923689874859,True,940009,940010,b3a714379a6388de,a99a187feb1c4bf2
4,failure,V_a,40.0,0.15,0,MB-global-opt,0.23874704857653342,0.14323798964210288,0.22680969614770674,0.08357170650560385,0.08098658340698649,0.009386026982091912,0.0,4.380495360181545,True,950000,950001,84aba7bbbdf041e6,27b562fcebdd921d
4,failure,V_a,40.0,0.15,0,PS+GS,0.2351287375299459,0.14343931959137157,0.2233723006534486,0.079932981062077,0.0751843856547556,0.01049074328756205,0.0,6.408923689874859,True,950000,950001,84aba7bbbdf041e6,27b562fcebdd921d
4,failure,V_a,40.0,0.15,1,MB-global-opt,0.2617051565826237,0.16140782513167196,0.24861989875349252,0.0872120736218206,0.09121931059316779,0.0021935436256400147,0.0,4.380495360181545,True,950001,950002,bc64b7d7e9ece802,36ddc6a76c2b8d3a
4,failure,V_a,40.0,0.15,1,PS+GS,0.2652108824346122,0.16164207045761636,0.2519503383128816,0.09030826785526525,0.0943907753107201,0.001979740395892004,0.0,6.408923689874859,True,950001,950002,bc64b7d7e9ece802,36ddc6a76c2b8d3a
4,failure,V_a,40.0,0.15,2,MB-global-opt,0.18331318911907657,0.1141963436118074,0.17414752966312272,0.05995118605131534,0.044421197977866214,0.00041591855530502813,0.0,4.380495360181545,True,950002,950003,49aabf9eda733a18,180a137933d41d3f
4,failure,V_a,40.0,0.15,2,PS+GS,0.18499195152877462,0.11435649079727829,0.1757423539523359,0.06138586315505759,0.04258934061145739,0.00046627839304267386,0.0,6.408923689874859,True,950002,950003,49aabf9eda733a18,180a137933d41d3f
4,failure,V_a,40.0,0.15,3,MB-global-opt,0.23595149219806727,0.14000853435370972,0.22415391758816391,0.0841453832344542,0.0645033845514636,0.0014585630198645778,0.0,4.380495360181545,True,950003,950004,64ad909300ddee38,2d8c1bd639b87ca6
4,failure,V_a,40.0,0.15,3,PS+GS,0.23584843535012845,0.14021836045944688,0.224056013582622,0.08383765312317512,0.06197000146770487,0.0015243514565972944,0.0,6.408923689874859,True,950003,950004,64ad909300ddee38,2d8c1bd639b87ca6
4,failure,V_a,40.0,0.15,4,MB-global-opt,0.21832753743254898,0.13047502971251676,0.20741116056092151,0.07693613084840475,0.05402413325539969,0.0012421920194812695,0.0,4.380495360181545,True,950004,950005,1e2193d4b816a168,3e84558591c2c144
4,failure,V_a,40.0,0.15,4,PS+GS,0.2163989946720507,0.1306649727124309,0.20557904493844814,0.07491407222601726,0.0534532378302105,0.001479626243469334,0.0,6.408923689874859,True,950004,950005,1e2193d4b816a168,3e84558591c2c144
4,failure,V_a,40.0,0.15,5,MB-global-opt,0.28402919512215996,0.16292065396473213,0.2698277353660519,0.10690708140131983,0.12118594756283263,0.0016156042630067978,0.0,4.380495360181545,True,950005,950006,7d7a44913ca3b497,1b437ff5442c4f61
4,failure,V_a,40.0,0.15,5,PS+GS,0.2808691320378377,0.16317105036829527,0.2668256754359458,0.10365462506765054,0.11119040020469884,0.001831643842328878,0.0,6.408923689874859,True,950005,950006,7d7a44913ca3b497,1b437ff5442c4f61
4,failure,V_a,40.0,0.15,6,MB-global-opt,0.2686836706742183,0.16157418202493584,0.2552494871405073,0.0936753051155715,0.09217788469360594,0.005124504629707316,0.0,4.380495360181545,True,950006,950007,9462f212c8fc7529,73dc6af46a5ed6c1
4,failure,V_a,40.0,0.15,6,PS+GS,0.26838149383929744,0.16180578032587456,0.25496241914733253,0.09315663882145797,0.09473684374691282,0.0049326069947798305,0.0,6.408923689874859,True,950006,950007,9462f212c8fc7529,73dc6af46a5ed6c1
4,failure,V_a,40.0,0.15,7,MB-global-opt,0.23637908729058024,0.14410828758299166,0.22456013292605123,0.08045184534305955,0.057705106720464666,0.007591434984963149,0.0,4.380495360181545,True,950007,950008,db9b19f21ec5babb,0dfa1eb01b469f66
4,failure,V_a,40.0,0.15,7,PS+GS,0.2356645794160257,0.1443083776252334,0.2238813504452244,0.07957297281999101,0.05691767881482558,0.008089333920629624,0.0,6.408923689874859,True,950007,950008,db9b19f21ec5babb,0dfa1eb01b469f66
4,failure,V_a,40.0,0.15,8,MB-global-opt,0.21719950770551455,0.13675965549897673,0.2063395323202388,0.0695798768212621,0.07178987284829759,0.003922041021148648,0.0,4.380495360181545,True,950008,950009,36a7136a92e68c31,36e37ffae752e3cf
4,failure,V_a,40.0,0.15,8,PS+GS,0.21882467181358772,0.1369419086086655,0.20788343822290833,0.07094152961424283,0.0758767994608276,0.004449859444924064,0.0,6.408923689874859,True,950008,950009,36a7136a92e68c31,36e37ffae752e3cf
4,failure,V_a,40.0,0.15,9,MB-global-opt,0.23023126542509376,0.13875589197654462,0.21871970215383907,0.07996381017729444,0.05324786560485749,0.009780453421153,0.0,4.380495360181545,True,950009,950010,d2e4a506905874f5,3fa204460073fc69
4,failure,V_a,40.0,0.15,9,PS+GS,0.22989416083902625,0.1389563626573616,0.21839945279707496,0.07944309013971332,0.054867611745292755,0.010417143413644803,0.0,6.408923689874859,True,950009,950010,d2e4a506905874f5,3fa204460073fc69
5,failure,T_epsilon,0.20000000000000004,0.0225,0,MB-global-opt,0.26577507910331866,0.19109638989215982,0.2524863251481527,0.061389935255992886,0.06099757921067003,0.048098828204005836,0.0,4.380495360181545,True,960000,960001,fdcac1ae4c420e2e,27555cb062aaa534
5,failure,T_epsilon,0.20000000000000004,0.0225,0,PS+GS,0.26454809279701286,0.19167983595104876,0.2513206881571622,0.05964085220611344,0.05966729747320679,0.05426943219269891,0.0,6.408923689874859,True,960000,960001,fdcac1ae4c420e2e,27555cb062aaa534
5,failure,T_epsilon,0.20000000000000004,0.0225,1,MB-global-opt,0.26414158370090624,0.19109638989215982,0.25093450451586086,0.05983811462370108,0.06044932575428422,0.03958270364661731,0.0,4.380495360181545,True,960001,960002,fdcac1ae4c420e2e,89956912b15cda4b
5,failure,T_epsilon,0.20000000000000004,0.0225,1,PS+GS,0.2624951074218552,0.19167983595104876,0.24937035205076244,0.05769051609971369,0.05678352300123278,0.04945517290132864,0.0,6.408923689874859,True,960001,960002,fdcac1ae4c420e2e,89956912b15cda4b
5,failure,T_epsilon,0.20000000000000004,0.0225,2,MB-global-opt,0.26015142911013667,0.19109638989215982,0.24714385765462982,0.05604746776247,0.0577136699037961,0.0431163379662885,0.0,4.380495360181545,True,960002,960003,fdcac1ae4c420e2e,d0c573ca47d9e2e3
5,failure,T_epsilon,0.20000000000000004,0.0225,2,PS+GS,0.2610436510530103,0.19167983595104876,0.24799146850035977,0.05631163254931102,0.056830522528396765,0.04963089487628233,0.0,6.408923689874859,True,960002,960003,fdcac1ae4c420e2e,d0c573ca47d9e2e3
5,failure,T_epsilon,0.20000000000000004,0.0225,3,MB-global-opt,0.2639284256298473,0.19109638989215982,0.2507320043483549,0.059635614456195106,0.06113698764978323,0.04105434165176108,0.0,4.380495360181545,True,960003,960004,fdcac1ae4c420e2e,f98e7ec750628118
5,failure,T_epsilon,0.20000000000000004,0.0225,3,PS+GS,0.2633761348839834,0.19167983595104876,0.25020732813978425,0.058527492188735486,0.05807243280372598,0.05059415703695111,0.0,6.408923689874859,True,960003,960004,fdcac1ae4c420e2e,f98e7ec750628118
5,failure,T_epsilon,0.20000000000000004,0.0225,4,MB-global-opt,0.2632880978993582,0.19109638989215982,0.25012369300439025,0.05902730311223045,0.056056729886718684,0.04284491250509033,0.0,4.380495360181545,True,960004,960005,fdcac1ae4c420e2e,61403bba9cbfa285
5,failure,T_epsilon,0.20000000000000004,0.0225,4,PS+GS,0.26221231611462464,0.19167983595104876,0.24910170030889342,0.05742186435784464,0.05470245499960756,0.05077195185996828,0.0,6.408923689874859,True,960004,960005,fdcac1ae4c420e2e,61403bba9cbfa285
5,failure,T_epsilon,0.20000000000000004,0.0225,5,MB-global-opt,0.26301615111877735,0.19109638989215982,0.24986534356283846,0.05876895367067865,0.06045914610400949,0.04382843748054321,0.0,4.380495360181545,True,960005,960006,fdcac1ae4c420e2e,25ba63e592b0b6b7
5,failure,T_epsilon,0.20000000000000004,0.0225,5,PS+GS,0.2611557217833855,0.19167983595104876,0.2480979356942162,0.05641809974316743,0.05574435485226205,0.05147044975199055,0.0,6.408923689874859,True,960005,960006,fdcac1ae4c420e2e,25ba63e592b0b6b7
5,failure,T_epsilon,0.20000000000000004,0.0225,6,MB-global-opt,0.2622138870403249,0.19109638989215982,0.24910319268830866,0.05800680279614881,0.06061577181208652,0.039538306026947564,0.0,4.380495360181545,True,960006,960007,fdcac1ae4c420e2e,3042d54dc2aa8726
5,failure,T_epsilon,0.20000000000000004,0.0225,6,PS+GS,0.2627975921356353,0.19167983595104876,0.24965771252885352,0.05797787657780477,0.058643078562624545,0.05017129461813659,0.0,6.408923689874859,True,960006,960007,fdcac1ae4c420e2e,3042d54dc2aa8726
5,failure,T_epsilon,0.20000000000000004,0.0225,7,MB-global-opt,0.263051572376271,0.19109638989215982,0.24989899375745747,0.05880260386529764,0.0607439235196498,0.04595345608123936,0.0,4.380495360181545,True,960007,960008,fdcac1ae4c420e2e,737818c45246ffa4
5,failure,T_epsilon,0.20000000000000004,0.0225,7,PS+GS,0.263531006669665,0.19167983595104876,0.25035445633618175,0.05867462038513298,0.05709523724427493,0.052962290781631255,0.0,6.408923689874859,True,960007,960008,fdcac1ae4c420e2e,737818c45246ffa4
5,failure,T_epsilon,0.20000000000000004,0.0225,8,MB-global-opt,0.25935932499780645,0.19109638989215982,0.24639135874791612,0.05529496885575629,0.0575489267953463,0.02958289724233753,0.0,4.380495360181545,True,960008,960009,fdcac1ae4c420e2e,1e4592c62a782f10
5,failure,T_epsilon,0.20000000000000004,0.0225,8,PS+GS,0.260666797669265,0.19167983595104876,0.2476334577858017,0.05595362183475296,0.057355048257771615,0.04448356188919135,0.0,6.408923689874859,True,960008,960009,fdcac1ae4c420e2e,1e4592c62a782f10
5,failure,T_epsilon,0.20000000000000004,0.0225,9,MB-global-opt,0.2652487289445366,0.19109638989215982,0.25198629249730975,0.06088990260514994,0.0608707554787902,0.048782169864155546,0.0,4.380495360181545,True,960009,960010,fdcac1ae4c420e2e,a8a8bd0ca669453e
5,failure,T_epsilon,0.20000000000000004,0.0225,9,PS+GS,0.2622697969498316,0.19167983595104876,0.24915630710234,0.057476471151291245,0.0569046608803748,0.051927409237318777,0.0,6.408923689874859,True,960009,960010,fdcac1ae4c420e2e,a8a8bd0ca669453e
