parameter_name,parameter_value,parameter_unit,scheme,mean_I_AB,std_I_AB,mean_chi_BE,std_chi_BE,mean_beta_I_AB,std_beta_I_AB,mean_K_raw,std_K_raw,mean_K_positive,std_K_positive,ci95_low,ci95_high,repetitions,ncut
link_distance,20.0,km,Uniform QAM,0.11604312247288506,0.004074695342108325,0.09420214466511423,0.0001388009363075901,0.1102409663492408,0.0038709605750029026,0.016038821684126577,0.0037321596386953124,0.016038821684126577,0.0037321596386953124,-0.017493302275097912,0.049570945643351065,2,24
link_distance,20.0,km,Maxwell-Boltzmann QAM,0.10751961660853482,0.004217277193756558,0.07656911577146197,4.822526776630687e-05,0.10214363577810806,0.00400641333406872,0.025574520006646097,0.004054638601835034,0.025574520006646097,0.004054638601835034,-0.010854962483046689,0.06200400249633888,2,24
link_distance,20.0,km,Binomial QAM,0.10537398163841316,0.004791040905096146,0.07681079498483412,5.042157178835489e-05,0.1001052825564925,0.004551488859841335,0.02329448757165838,0.004601910431629685,0.02329448757165838,0.004601910431629685,-0.018052037223995638,0.0646410123673124,2,24
link_distance,20.0,km,GS,0.11604270785287096,0.004076379604362982,0.09291364610989827,0.00013505243952038597,0.1102405724602274,0.003872560624144837,0.017326926350329137,0.0037375081846244464,0.017326926350329137,0.0037375081846244464,-0.016253252387484627,0.050907105088142904,2,24
link_distance,20.0,km,PS,0.1075196166085357,0.004217277193756558,0.07656911577146364,4.822526776646388e-05,0.10214363577810892,0.00400641333406873,0.025574520006645278,0.004054638601835194,0.025574520006645278,0.004054638601835194,-0.010854962483048937,0.06200400249633949,2,24
link_distance,20.0,km,PS+GS,0.10751836595195452,0.004218627014256694,0.07652545125362131,4.782016141929292e-05,0.10214244765435679,0.004007695663543851,0.025616996400735476,0.004055515824963152,0.025616996400735476,0.004055515824963152,-0.010820367626061707,0.06205436042753266,2,24
link_distance,24.0,km,Uniform QAM,0.035931240814812915,0.04314190349199779,0.031212616018467976,0.037154094073510745,0.034134678774072266,0.0409848083173979,0.0029220627556042905,0.003830714243887154,0.0029225161975964782,0.0038300729800720534,-0.03148932423095205,0.03733435662614501,2,24
link_distance,24.0,km,Maxwell-Boltzmann QAM,0.03693098134546324,0.045169912593347995,0.02518411995312303,0.03016521982081047,0.035084432278190074,0.04291141696368059,0.009900312325067048,0.012746197142870121,0.009900312325067048,0.012746197142870121,-0.10461972539573278,0.12442035004586688,2,24
link_distance,24.0,km,Binomial QAM,0.03651382926323743,0.04467936879251948,0.025264790331771425,0.030259852892852178,0.034688137800075555,0.0424454003528935,0.00942334746830413,0.012185547460041324,0.00942334746830413,0.012185547460041324,-0.10005945270579551,0.11890614764240377,2,24
link_distance,24.0,km,GS,0.0359313287255838,0.04314204068177783,0.03076627534683224,0.03663994068882304,0.03413476228930461,0.04098493864768893,0.0033684869424723696,0.004344997958865894,0.0033687112045725264,0.004344680804362326,-0.0356666970841441,0.04240411949328916,2,24
link_distance,24.0,km,PS,0.03693098134546413,0.045169912593347995,0.025184119953123862,0.030165219820810232,0.03508443227819092,0.042911416963680594,0.00990031232506706,0.012746197142870359,0.00990031232506706,0.012746197142870359,-0.1046197253957349,0.12442035004586903,2,24
link_distance,24.0,km,PS+GS,0.036930913716174185,0.04516984310672914,0.025169562304343585,0.03014813245056311,0.03508436803036547,0.04291135095139268,0.009914805726021889,0.012763218500829574,0.009914805726021889,0.012763218500829574,-0.10475816282847888,0.12458777428052267,2,24
link_distance,28.0,km,Uniform QAM,0.02991726872325562,0.007023364147034872,0.025075905931525366,0.006763153367505388,0.02842140528709284,0.006672195939683131,0.0033454993555674705,9.095742782225762e-05,0.0033454993555674705,9.095742782225762e-05,0.002528279289971784,0.004162719421163157,2,24
link_distance,28.0,km,Maxwell-Boltzmann QAM,0.02869319207075116,0.006591528355766864,0.02000309845650078,0.005496732275708638,0.027258532467213603,0.006261951937978525,0.007255434010712824,0.0007652196622698824,0.007255434010712824,0.0007652196622698824,0.00038020812132948025,0.014130659900096168,2,24
link_distance,28.0,km,Binomial QAM,0.028288710245727433,0.006312520468102908,0.02006923304927294,0.005513772115783913,0.02687427473344106,0.005996894444697765,0.006805041684168122,0.0004831223289138503,0.006805041684168122,0.0004831223289138503,0.0024643597763942928,0.01114572359194195,2,24
link_distance,28.0,km,GS,0.02991711693711041,0.007023128502057383,0.02469513568354892,0.006669661399910491,0.028421261090254887,0.006671972076954515,0.0037261254067059704,2.3106770440249573e-06,0.0037261254067059704,2.3106770440249573e-06,0.0037053647971471934,0.0037468860162647474,2,24
link_distance,28.0,km,PS,0.028693192070752938,0.006591528355766236,0.020003098456501722,0.00549673227570856,0.02725853246721529,0.006261951937977926,0.007255434010713568,0.0007652196622693648,0.007255434010713568,0.0007652196622693648,0.00038020812133487524,0.014130659900092261,2,24
link_distance,28.0,km,PS+GS,0.028693206448527242,0.006591339123808958,0.01999117965836572,0.005493656439597589,0.02725854612610088,0.0062617721676185125,0.007267366467735159,0.0007681157280209219,0.007267366467735159,0.0007681157280209219,0.00036612045993269365,0.014168612475537624,2,24
link_distance,32.0,km,Uniform QAM,0.009872276988514672,0.012512468155588123,0.008250812221092252,0.010240066697556862,0.009378663139088939,0.011886844747808717,0.0011278509179966866,0.001646778050251854,0.0011463944255982184,0.0016212465445099144,-0.013419927854757213,0.01571271670595365,2,24
link_distance,32.0,km,Maxwell-Boltzmann QAM,0.009830499393589154,0.012380969477169981,0.006574726643520157,0.008226980181867016,0.009338974423909695,0.011761921003311481,0.002764247780389539,0.003534940821444465,0.002764247780389539,0.003534940821444465,-0.028995935407979043,0.034524430968758124,2,24
link_distance,32.0,km,Binomial QAM,0.009995175917088428,0.012609794978250275,0.006596551090393199,0.008253481979960618,0.009495417121234008,0.011979305229337763,0.0028988660308408077,0.003725823249377143,0.0028988660308408077,0.003725823249377143,-0.030576327729078208,0.036374059790759826,2,24
link_distance,32.0,km,GS,0.009872395193098571,0.012512634016551153,0.008124924523455146,0.010089721394723064,0.009378775433443643,0.011887002315723597,0.0012538509099884966,0.0017972809210005324,0.0012624472961979775,0.0017853700880644237,-0.014778466518248658,0.017303361110644615,2,24
link_distance,32.0,km,PS,0.009830499393590486,0.012380969477169981,0.006574726643519768,0.008226980181866466,0.009338974423910962,0.011761921003311481,0.0027642477803911927,0.0035349408214450134,0.0027642477803911927,0.0035349408214450134,-0.028995935407982315,0.0345244309687647,2,24
link_distance,32.0,km,PS+GS,0.009830505708293247,0.012380981441569378,0.006570793684225862,0.008222201630553516,0.009338980422878585,0.011761932369490911,0.0027681867386527225,0.003539730738937394,0.0027681867386527225,0.003539730738937394,-0.029035032150938847,0.03457140562824429,2,24
link_distance,36.0,km,Uniform QAM,0.0067296403879295585,0.008248130289452198,0.006084258461848457,0.0075003924508324354,0.006393158368533079,0.007835723774979587,0.0003088999066846225,0.00033533132414715103,0.00032486582126262044,0.0003577909491621689,-0.0028897583160340666,0.0035394899585593077,2,24
link_distance,36.0,km,Maxwell-Boltzmann QAM,0.006098383015010311,0.007273834346020614,0.004757121048416191,0.005902557523785873,0.005793463864259795,0.006910142628719583,0.0010363428158436045,0.0010075851049337092,0.0010363428158436045,0.0010075851049337092,-0.00801645018041644,0.01008913581210365,2,24
link_distance,36.0,km,Binomial QAM,0.0059165194632084805,0.0070119707161762366,0.004773970011106243,0.005922987400365662,0.0056206934900480555,0.006661372180367424,0.0008467234789418129,0.0007383847800017622,0.0008467234789418129,0.0007383847800017622,-0.005787400559031881,0.0074808475169155075,2,24
link_distance,36.0,km,GS,0.006729584975725622,0.008248055809073266,0.005983302960702375,0.007379270290355274,0.00639310572693934,0.007835653018619602,0.0004098027662369656,0.0004563827282643281,0.000409822270032744,0.0004563551457318205,-0.0036903660384874203,0.004510010578552909,2,24
link_distance,36.0,km,PS,0.0060983830150114215,0.007273834346020928,0.00475712104841669,0.00590255752378658,0.005793463864260851,0.006910142628719882,0.00103634281584416,0.0010075851049333015,0.00103634281584416,0.0010075851049333015,-0.008016450180412221,0.010089135812100542,2,24
link_distance,36.0,km,PS+GS,0.006098388180999281,0.007273848792585775,0.004754088729414463,0.005898879367730153,0.0057934687719493165,0.006910156352956485,0.0010393800425348538,0.0010112769852263328,0.0010393800425348538,0.0010112769852263328,-0.00804658318211825,0.010125343267187958,2,24
link_distance,40.0,km,Uniform QAM,0.0011293112341341782,0.0005266851895892553,0.001086894703030472,0.00044670745311031816,0.0010728456724274692,0.0005003509301097925,-1.4049030603002842e-05,5.364347699947434e-05,1.2231264807771548e-05,1.729762057612727e-05,-0.00014318169002529047,0.00016764421964083357,2,24
link_distance,40.0,km,Maxwell-Boltzmann QAM,0.0011456670678844372,0.0005568229849941839,0.0008177070394924657,0.0003458877035345776,0.0010883837144902153,0.0005289818357444747,0.0002706766749977496,0.00018309413220989713,0.0002706766749977496,0.00018309413220989713,-0.001374358835759546,0.0019157121857550452,2,24
link_distance,40.0,km,Binomial QAM,0.0011620848705595765,0.0005759612428760926,0.0008210026799222447,0.0003471531765059727,0.0011039806270315977,0.0005471631807322878,0.0002829779471093529,0.0002000100042263151,0.0002829779471093529,0.0002000100042263151,-0.001514040643753057,0.002079996537971763,2,24
link_distance,40.0,km,GS,0.0011293040395741194,0.0005266850971472356,0.0010660580345351889,0.0004389951929732418,0.0010728388375954134,0.0005003508422898738,6.7808030602244926e-06,6.135564931663193e-05,2.5266647873545202e-05,3.573243609847295e-05,-0.0002957765530110568,0.0003463098487581472,2,24
link_distance,40.0,km,PS,0.0011456670678848813,0.0005568229849941839,0.0008177070394930208,0.00034588770353536263,0.001088383714490637,0.0005289818357444746,0.0002706766749976163,0.000183094132209112,0.0002706766749976163,0.000183094132209112,-0.0013743588357526253,0.0019157121857478578,2,24
link_distance,40.0,km,PS+GS,0.0011456506010236733,0.0005568172395611302,0.0008171150851531972,0.0003456600938330025,0.0010883680709724895,0.0005289763775830735,0.00027125298581929234,0.0001833162837500711,0.00027125298581929234,0.0001833162837500711,-0.0013757784773366125,0.0019182844489751972,2,24
link_distance,44.0,km,Uniform QAM,0.0027243511350985017,0.001785240291760875,0.0026201578023084537,0.0016427321918316817,0.0025881335783435764,0.0016959782771728315,-3.2024223964877165e-05,5.324608534114987e-05,0.00010048400093980452,0.00014210583693058238,-0.0011762862877371869,0.0013772542896167959,2,24
link_distance,44.0,km,Maxwell-Boltzmann QAM,0.0027100078328992083,0.0021163708467270967,0.001995852056004721,0.0012592647579334811,0.0025745074412542477,0.0020105523043907414,0.0005786553852495268,0.0007512875464572606,0.0005786553852495268,0.0007512875464572606,-0.006171395409907026,0.00732870618040608,2,24
link_distance,44.0,km,Binomial QAM,0.0027437562691283723,0.0022577029540508586,0.002003574056675117,0.0012640344384924477,0.0026065684556719534,0.0021448178063483156,0.0006029943989968365,0.0008807833678558682,0.0006140763256766045,0.0008651111568481159,-0.007158639034398423,0.008386791685751632,2,24
link_distance,44.0,km,GS,0.002724362462988239,0.0017852429538859247,0.0025720648219306197,0.0016132704167294415,0.002588144339838827,0.0016959808061916284,1.607951790820734e-05,8.271038946218685e-05,0.00011807360455782235,0.0001669582200129178,-0.0013819864870415132,0.001618133696157158,2,24
link_distance,44.0,km,PS,0.0027100078328994304,0.0021163708467274106,0.001995852056004721,0.0012592647579334811,0.002574507441254459,0.0020105523043910402,0.0005786553852497378,0.000751287546457559,0.0005786553852497378,0.000751287546457559,-0.006171395409909497,0.0073287061804089716,2,24
link_distance,44.0,km,PS+GS,0.002710012799332473,0.002116374288388293,0.0019944642705077564,0.0012584072977612614,0.0025745121593658497,0.0020105555739688787,0.0005800478888580928,0.000752148276207617,0.0005800478888580928,0.000752148276207617,-0.006177736256283038,0.007337832033999224,2,24
link_distance,48.0,km,Uniform QAM,0.00037968461888748806,0.00011993663259652395,0.00037910775155253207,6.93464593924933e-05,0.00036070038794311365,0.00011393980096669775,-1.840736360941844e-05,4.459334157420444e-05,6.7322548110482e-06,9.520846059135883e-06,-7.880915315596019e-05,9.227366277805659e-05,2,24
link_distance,48.0,km,Maxwell-Boltzmann QAM,0.0003733462743553684,0.0001410679547308013,0.0002781278866765824,5.210249798843301e-05,0.00035467896063759994,0.00013401455699426124,7.655107396101756e-05,8.191205900582822e-05,7.655107396101756e-05,8.191205900582822e-05,-0.0006593995772010876,0.0008125017251231227,2,24
link_distance,48.0,km,Binomial QAM,0.0003772035722182654,0.00014479852654551817,0.0002793417765419859,5.2313363100078025e-05,0.0003583433936073521,0.00013755860021824224,7.900161706536624e-05,8.524523711816422e-05,7.900161706536624e-05,8.524523711816422e-05,-0.0006868964512656617,0.0008448996853963941,2,24
link_distance,48.0,km,GS,0.00037968552059974847,0.00011994022294359221,0.0003712253472177851,6.801093526365124e-05,0.00036070124456976104,0.00011394321179641258,-1.052410264802409e-05,4.593227653276134e-05,1.1105721845028317e-05,1.553903083446829e-05,-0.00012850693103971084,0.0001507183747297675,2,24
link_distance,48.0,km,PS,0.00037334627435581247,0.0001410679547308013,0.0002781278866765824,5.210249798843301e-05,0.0003546789606380218,0.00013401455699426121,7.655107396143945e-05,8.191205900582823e-05,7.655107396143945e-05,8.191205900582823e-05,-0.0006593995772006658,0.0008125017251235446,2,24
link_distance,48.0,km,PS+GS,0.00037334612514627885,0.00014107482978822764,0.0002779100729878303,5.206462543198313e-05,0.00035467881888896487,0.00013402108829881627,7.676874590113455e-05,8.195646286683315e-05,7.676874590113455e-05,8.195646286683315e-05,-0.0006595808581235566,0.0008131183499258257,2,24
link_distance,52.0,km,Uniform QAM,0.0004637754746172895,0.00047233565579331966,0.0004603436925902926,0.0004634985203480549,0.000440586700886425,0.0004487188730036536,-1.9756991703867624e-05,1.4779647344401325e-05,0.0,0.0,0.0,0.0,2,24
link_distance,52.0,km,Maxwell-Boltzmann QAM,0.0004594105594843967,0.0004897881966498329,0.00034185558483951217,0.0003498309465145078,0.00043644003151017686,0.0004652987868173412,9.458444667066466e-05,0.0001154678403028334,9.458444667066466e-05,0.0001154678403028334,-0.0009428529378920382,0.0011320218312333675,2,24
link_distance,52.0,km,Binomial QAM,0.0004545932919421958,0.0004904151535020162,0.00034329204809874225,0.0003512259354010521,0.0004318636273450859,0.0004658943958269154,8.857157924634368e-05,0.00011466846042586324,8.857157924634368e-05,0.00011466846042586324,-0.0009416836620749078,0.0011188268205675953,2,24
link_distance,52.0,km,GS,0.00046377266253294636,0.00047233321650709634,0.00045113026859733285,0.0004547099017054302,0.00044058402940629906,0.00044871655568174155,-1.0546239191033828e-05,5.993346023688677e-06,0.0,0.0,0.0,0.0,2,24
link_distance,52.0,km,PS,0.0004594105594855069,0.0004897881966482628,0.00034185558483951217,0.0003498309465145078,0.0004364400315112315,0.0004652987868158496,9.458444667171937e-05,0.00011546784030134183,9.458444667171937e-05,0.00011546784030134183,-0.0009428529378775821,0.0011320218312210208,2,24
link_distance,52.0,km,PS+GS,0.0004594125065791044,0.000489795660403064,0.00034159771158515095,0.0003495803488304939,0.00043644188125014917,0.0004653058773829108,9.484416966499819e-05,0.0001157255285524169,9.484416966499819e-05,0.0001157255285524169,-0.0009449084519626684,0.0011345967912926647,2,24
link_distance,56.0,km,Uniform QAM,0.0002857806365468285,0.0002603637644789872,0.0002880967068364382,0.00026735780896188193,0.00027149160471948706,0.0002473455762550379,-1.6605102116951123e-05,2.001223270684407e-05,0.0,0.0,0.0,0.0,2,24
link_distance,56.0,km,Maxwell-Boltzmann QAM,0.0002815243083063024,0.00025558281577302007,0.00020920114713218751,0.00019600697444694008,0.00026744809289098727,0.00024280367498436908,5.824694575879974e-05,4.6796700537429014e-05,5.824694575879974e-05,4.6796700537429014e-05,-0.0003622047270566576,0.0004786986185742571,2,24
link_distance,56.0,km,Binomial QAM,0.0002787433913351567,0.00025015682649315996,0.0002101432905841083,0.00019686428245019492,0.0002648062217683988,0.00023764898516850195,5.4662931184290543e-05,4.078470271830705e-05,5.4662931184290543e-05,4.078470271830705e-05,-0.00031177308430953656,0.0004210989466781177,2,24
link_distance,56.0,km,GS,0.00028577929142437064,0.00026036244069164283,0.00028191972360919193,0.0002617870192246824,0.0002714903268531521,0.0002473443186570607,-1.042939675603982e-05,1.4442700567621703e-05,0.0,0.0,0.0,0.0,2,24
link_distance,56.0,km,PS,0.0002815243083074126,0.0002555828157727061,0.00020920114713218751,0.00019600697444694008,0.000267448092892042,0.00024280367498407077,5.824694575985443e-05,4.679670053713067e-05,5.824694575985443e-05,4.679670053713067e-05,-0.00036220472705292235,0.00047869861857263116,2,24
link_distance,56.0,km,PS+GS,0.0002815242543052765,0.0002555822401202874,0.00020903215742612558,0.00019585314795504235,0.0002674480415900127,0.00024280312811427303,5.84158841638871e-05,4.6949980159230676e-05,5.84158841638871e-05,4.6949980159230676e-05,-0.00036341295141422016,0.00048024471974199436,2,24
link_distance,60.0,km,Uniform QAM,0.00041637331339838823,0.0005879525989731789,0.00041233765265846767,0.0005821430065309298,0.0003955546477284688,0.00055855496902452,-1.678300492999888e-05,2.358803750640985e-05,7.530345922157405e-07,1.0649517332475933e-06,-8.815177110093113e-06,1.0321246294524594e-05,2,24
link_distance,60.0,km,Maxwell-Boltzmann QAM,0.00038256907271505547,0.0005401551208708739,0.00030364208228184086,0.0004287820091852064,0.0003634406190793027,0.0005131473648273302,5.979853679746183e-05,8.436535564212375e-05,5.979853679746183e-05,8.436535564212375e-05,-0.0006981941101206899,0.0008177911837156136,2,24
link_distance,60.0,km,Binomial QAM,0.00037303576450731235,0.0005266666536086934,0.0003049520217699442,0.00043063051429999234,0.0003543839762819467,0.0005003333209282586,4.943195451200252e-05,6.970280662826625e-05,4.943195451200252e-05,6.970280662826625e-05,-0.000576822916242118,0.000675686825266123,2,24
link_distance,60.0,km,GS,0.0004163732461157643,0.0005879525046558408,0.000403862680304512,0.0005701863110029281,0.0003955545838099761,0.0005585548794230488,-8.308096494535905e-06,1.1631431579879411e-05,4.788313849035664e-06,6.771698386205152e-06,-5.605298225910467e-05,6.5629609957176e-05,2,24
link_distance,60.0,km,PS,0.0003825690727157216,0.0005401551208705598,0.00030364208228172984,0.00042878200918504937,0.00036344061907993546,0.0005131473648270318,5.9798536798205664e-05,8.436535564198244e-05,5.9798536798205664e-05,8.436535564198244e-05,-0.0006981941101186765,0.0008177911837150877,2,24
link_distance,60.0,km,PS+GS,0.00038256598309138745,0.0005401507577026302,0.00030340700066933124,0.0004284502737965434,0.000363437683936818,0.0005131432198174986,6.0030683267486806e-05,8.46929460209552e-05,6.0030683267486806e-05,8.46929460209552e-05,-0.0007009052464290686,0.0008209666129640423,2,24
link_distance,64.0,km,Uniform QAM,0.00012490302264112074,0.00017057573589714095,0.00013221632121629412,0.00017993863360768055,0.0001186578715090647,0.0001620469491022839,-1.3558449707229424e-05,1.7891684505396665e-05,0.0,0.0,0.0,0.0,2,24
link_distance,64.0,km,Maxwell-Boltzmann QAM,0.0001289877929699923,0.00017778680823183696,9.584135650408943e-05,0.00013083801742835177,0.00012253840332149268,0.0001688974678202451,2.6697046817403248e-05,3.805945039189334e-05,2.6805874646573794e-05,3.790554459991673e-05,-0.0003137619314804585,0.00036737368077360605,2,24
link_distance,64.0,km,Binomial QAM,0.0001288869336371068,0.00017781382945710703,9.627526117073071e-05,0.00013142485142926321,0.00012244258695525144,0.00016892313798425165,2.6167325784520738e-05,3.749828655498846e-05,2.63425798895267e-05,3.725043982282747e-05,-0.0003083393433390676,0.000361024503118121,2,24
link_distance,64.0,km,GS,0.00012490287435218406,0.00017057554243788463,0.00012936701838578424,0.00017609583769395327,0.00011865773063457484,0.00016204676531599038,-1.0709287751209396e-05,1.4049072377962878e-05,0.0,0.0,0.0,0.0,2,24
link_distance,64.0,km,PS,0.00012898779297021434,0.00017778680823215097,9.584135650408943e-05,0.00013083801742835177,0.00012253840332170362,0.00016889746782054345,2.6697046817614193e-05,3.805945039219166e-05,2.680587464678474e-05,3.790554460021505e-05,-0.00031376193148292787,0.0003673736807764974,2,24
link_distance,64.0,km,PS+GS,0.0001289880413846145,0.0001777872598212019,9.576353300916329e-05,0.0001307327536156256,0.00012253863931538378,0.0001688978968301418,2.6775106306220483e-05,3.8165143214516185e-05,2.6882282312390422e-05,3.8013573453029674e-05,-0.0003146561245510623,0.00036842068917584313,2,24
link_distance,68.0,km,Uniform QAM,3.892877313682597e-05,2.956606859609962e-05,3.8351164090233425e-05,3.0121045166512378e-05,3.698233447998466e-05,2.8087765166294638e-05,-1.3688296102487579e-06,2.033280000217741e-06,3.445823478775944e-08,4.8731302972285785e-08,-4.0337515128155866e-07,4.7229162085707754e-07,2,24
link_distance,68.0,km,Maxwell-Boltzmann QAM,4.1478136786565756e-05,2.782659525035952e-05,2.661878684634411e-05,2.110809424712765e-05,3.9404229947237464e-05,2.643526548784154e-05,1.2785443100893354e-05,5.327171240713888e-06,1.2785443100893354e-05,5.327171240713888e-06,-3.507729153231213e-05,6.0648177734098834e-05,2,24
link_distance,68.0,km,Binomial QAM,4.169361995298715e-05,2.757116977296582e-05,2.6755429111346984e-05,2.121357141390868e-05,3.960893895533779e-05,2.619261128431753e-05,1.2853509843990802e-05,4.979039870408846e-06,1.2853509843990802e-05,4.979039870408846e-06,-3.188138852462118e-05,5.758840821260279e-05,2,24
link_distance,68.0,km,GS,3.892879127320725e-05,2.9566103145356135e-05,3.742240558601839e-05,2.9409054591752027e-05,3.698235170954689e-05,2.8087797988088332e-05,-4.4005387647150333e-07,1.321256603663698e-06,2.4710781564296557e-07,3.4946322425067236e-07,-2.8926946818890724e-06,3.3869103131750035e-06,2,24
link_distance,68.0,km,PS,4.1478136787453934e-05,2.782659525161559e-05,2.661878684634411e-05,2.110809424712765e-05,3.940422994808124e-05,2.643526548903481e-05,1.2785443101737123e-05,5.327171241907157e-06,1.2785443101737123e-05,5.327171241907157e-06,-3.5077291542189455e-05,6.064817774566371e-05,2,24
link_distance,68.0,km,PS+GS,4.147799583997802e-05,2.7826322466577984e-05,2.6594312891425886e-05,2.108919697847788e-05,3.940409604797912e-05,2.6435006343249087e-05,1.2809783156553233e-05,5.345809364771208e-06,1.2809783156553233e-05,5.345809364771208e-06,-3.522040837741761e-05,6.083997469052407e-05,2,24
link_distance,72.0,km,Uniform QAM,6.958078557772751e-11,9.458613793301145e-11,8.767792047947864e-11,1.1836573775213777e-10,6.610174629884113e-11,8.985683103636087e-11,-2.1576174180637508e-11,2.8508906715776883e-11,0.0,0.0,0.0,0.0,2,24
link_distance,72.0,km,Maxwell-Boltzmann QAM,6.47319975399796e-11,8.773896472069151e-11,4.767558570151209e-11,6.45382579910819e-11,6.149539766298063e-11,8.335201648465695e-11,1.381981196146853e-11,1.881375849357503e-11,1.381981196146853e-11,1.881375849357503e-11,-1.5521510160562855e-10,1.8285472552856562e-10,2,24
link_distance,72.0,km,Binomial QAM,6.292077969760612e-11,8.515302244123933e-11,4.810885023687206e-11,6.511283332633724e-11,5.97747407127258e-11,8.089537131917734e-11,1.1665890475853754e-11,1.578253799284013e-11,1.1665890475853754e-11,1.578253799284013e-11,-1.301345874244138e-10,1.534663683761213e-10,2,24
link_distance,72.0,km,GS,6.958100762233244e-11,9.458582391451971e-11,8.441258803060236e-11,1.1397882091795236e-10,6.610195724121581e-11,8.985653271879372e-11,-1.831063078938655e-11,2.4122288199158634e-11,0.0,0.0,0.0,0.0,2,24
link_distance,72.0,km,PS,6.473244162918945e-11,8.774084883164193e-11,4.767558570151209e-11,6.45382579910819e-11,6.149581954772996e-11,8.335380639005982e-11,1.3820233846217884e-11,1.8815548398977923e-11,1.3820233846217884e-11,1.8815548398977923e-11,-1.552307613828807e-10,1.8287122907531644e-10,2,24
link_distance,72.0,km,PS+GS,6.473244162918945e-11,8.773959275767499e-11,4.759687088906617e-11,6.443070665766207e-11,6.149581954772998e-11,8.335261311979123e-11,1.389894865866381e-11,1.8921906462129164e-11,1.389894865866381e-11,1.8921906462129164e-11,-1.5610763585463195e-10,1.8390553317195954e-10,2,24
link_distance,76.0,km,Uniform QAM,9.817220595342846e-06,9.82491359709514e-06,1.030921604805446e-05,9.876995717488496e-06,9.326359565575702e-06,9.333667917240379e-06,-9.828564824787564e-07,5.433278002481151e-07,0.0,0.0,0.0,0.0,2,24
link_distance,76.0,km,Maxwell-Boltzmann QAM,9.115204494980489e-06,9.565692396061099e-06,7.013542789036098e-06,6.803842586397959e-06,8.659444270231465e-06,9.087407776258043e-06,1.6459014811953664e-06,2.2835651898600835e-06,1.6459014813618999e-06,2.2835651896245698e-06,-1.8871117730128566e-05,2.2162920692852363e-05,2,24
link_distance,76.0,km,Binomial QAM,9.028389676313253e-06,9.597945948483374e-06,7.051569591798312e-06,6.839504637544409e-06,8.57697019249759e-06,9.118048651059204e-06,1.5254006006992777e-06,2.278544013514796e-06,1.5682872621991523e-06,2.217893115176769e-06,-1.835869177035275e-05,2.1495266294751055e-05,2,24
link_distance,76.0,km,GS,9.817244641885381e-06,9.824965429615422e-06,1.0047274069002743e-05,9.633336799600557e-06,9.326382409791111e-06,9.333717158134651e-06,-7.208916592116321e-07,2.9961964146590714e-07,0.0,0.0,0.0,0.0,2,24
link_distance,76.0,km,PS,9.115204495868667e-06,9.565692396061099e-06,7.013542789036098e-06,6.803842586397959e-06,8.659444271075233e-06,9.087407776258043e-06,1.645901482039136e-06,2.283565189860084e-06,1.645901482039136e-06,2.283565189860084e-06,-1.887111773156734e-05,2.216292069564561e-05,2,24
link_distance,76.0,km,PS+GS,9.115237195933545e-06,9.56580837879102e-06,7.006735536607689e-06,6.797456516839841e-06,8.659475336136867e-06,9.087517959851468e-06,1.6527397995291793e-06,2.2900614430116292e-06,1.6527397996957128e-06,2.290061442776115e-06,-1.892264593065681e-05,2.2228125530048238e-05,2,24
link_distance,80.0,km,Uniform QAM,1.0050323808963313e-05,1.4072949960924863e-05,1.0181755486060595e-05,1.4231144777328423e-05,9.547807618515148e-06,1.336930246287862e-05,-6.339478675454479e-07,8.618423144498028e-07,0.0,0.0,0.0,0.0,2,24
link_distance,80.0,km,Maxwell-Boltzmann QAM,1.051346913216733e-05,1.4725845736278328e-05,6.99343734217317e-06,9.787330544262867e-06,9.987795675558965e-06,1.3989553449464412e-05,2.9943583333857935e-06,4.202222905201543e-06,2.9943583333857935e-06,4.202222905201543e-06,-3.476111651301431e-05,4.0749833179785905e-05,2,24
link_distance,80.0,km,Binomial QAM,1.085448681159562e-05,1.5206715675709269e-05,7.030385588635557e-06,9.838859022735685e-06,1.0311762471015838e-05,1.4446379891923803e-05,3.2813768823802816e-06,4.607520869188119e-06,3.2813768823802816e-06,4.607520869188119e-06,-3.811555569479635e-05,4.467830945955691e-05,2,24
link_distance,80.0,km,GS,1.0050326546551247e-05,1.4072953975023243e-05,9.928817683468871e-06,1.3878695652181069e-05,9.547810219223685e-06,1.3369306276272078e-05,-3.8100746424518725e-07,5.09389375908989e-07,0.0,0.0,0.0,0.0,2,24
link_distance,80.0,km,PS,1.0513469132833464e-05,1.4725845735964309e-05,6.99343734217317e-06,9.787330544262867e-06,9.98779567619179e-06,1.3989553449166094e-05,2.994358334018621e-06,4.202222904903225e-06,2.994358334018621e-06,4.202222904903225e-06,-3.4761116509701214e-05,4.074983317773845e-05,2,24
link_distance,80.0,km,PS+GS,1.0513491362384997e-05,1.4725877741671044e-05,6.98682148031482e-06,9.778103656490313e-06,9.987816794265746e-06,1.398958385458749e-05,3.0009953139509275e-06,4.211480198097177e-06,3.0009953139509275e-06,4.211480198097177e-06,-3.4837653009190326e-05,4.083964363709218e-05,2,24
link_distance,84.0,km,Uniform QAM,8.677483394947672e-06,1.2271814706914473e-05,8.207236274315743e-06,1.1606784844812525e-05,8.243609225200287e-06,1.165822397156875e-05,3.637295088454417e-08,5.143912675622451e-08,3.637297665282057e-08,5.143915688629879e-08,-4.257895115713821e-07,4.985354648770233e-07,2,24
link_distance,84.0,km,Maxwell-Boltzmann QAM,9.455816368797443e-06,1.3372543752062855e-05,5.623217912198442e-06,7.952431031685124e-06,8.98302555035757e-06,1.2703916564459713e-05,3.3598076381591282e-06,4.751485532774587e-06,3.359807639546907e-06,4.751485530811971e-06,-3.9330596103564735e-05,4.605021138265855e-05,2,24
link_distance,84.0,km,Binomial QAM,9.725978359131915e-06,1.37546105015755e-05,5.653128766380799e-06,7.99473136733198e-06,9.23967944117532e-06,1.3066879976496727e-05,3.5865506747945196e-06,5.072148609164747e-06,3.5865506757604137e-06,5.072148607798766e-06,-4.1984896508040286e-05,4.915799785956111e-05,2,24
link_distance,84.0,km,GS,8.677466800666167e-06,1.2271791239056512e-05,8.002137948492916e-06,1.1316732010813865e-05,8.243593460632857e-06,1.1658201677103685e-05,2.414555121399421e-07,3.4146966628981926e-07,2.414555352436832e-07,3.414696926516717e-07,-2.8265279303073513e-06,3.3094390007947177e-06,2,24
link_distance,84.0,km,PS,9.455816369241532e-06,1.3372543752690892e-05,5.623217912198442e-06,7.952431031685124e-06,8.983025550779454e-06,1.2703916565056346e-05,3.3598076385810133e-06,4.7514855333712224e-06,3.359807639968792e-06,4.7514855314086065e-06,-3.933059610850341e-05,4.6050211388440994e-05,2,24
link_distance,84.0,km,PS+GS,9.455843289041255e-06,1.3372581823036757e-05,5.617862508355831e-06,7.94485734693892e-06,8.983051124589192e-06,1.2703952731884918e-05,3.36518861623336e-06,4.759095384945997e-06,3.3651886176211387e-06,4.759095382983382e-06,-3.939358693458394e-05,4.6123964169826226e-05,2,24
link_distance,88.0,km,Uniform QAM,1.0109849297723628e-06,3.8041407647100476e-07,1.0814556798965924e-06,4.902067679036194e-07,9.604356832837445e-07,3.613933726474545e-07,-1.2101999661284787e-07,1.2881339525616482e-07,0.0,0.0,0.0,0.0,2,24
link_distance,88.0,km,Maxwell-Boltzmann QAM,9.325030201345896e-07,3.1450233708115584e-07,6.99498604483928e-07,3.218160937273674e-07,8.858778691278601e-07,2.98777220227098e-07,1.8637926464393206e-07,2.3038873500269366e-08,1.8637926464393206e-07,2.3038873500269366e-08,-2.0616801141182576e-08,3.933753304290467e-07,2,24
link_distance,88.0,km,Binomial QAM,9.061378236641104e-07,3.0958843786834123e-07,7.038186761731957e-07,3.2373097008998346e-07,8.608309324809048e-07,2.941090159749241e-07,1.5701225630770916e-07,2.9621954115059315e-08,1.5728655484714687e-07,2.9234037400447353e-08,-1.0537085020509019e-07,4.199439598993839e-07,2,24
link_distance,88.0,km,GS,1.0109886194875628e-06,3.804177187714904e-07,1.0508410590581718e-06,4.7674030783861775e-07,9.604391885131847e-07,3.6139683283291597e-07,-9.040187054498716e-08,1.1534347500570178e-07,0.0,0.0,0.0,0.0,2,24
link_distance,88.0,km,PS,9.325030212448127e-07,3.1450233739517435e-07,6.99498604483928e-07,3.218160937273674e-07,8.85877870182572e-07,2.9877722052541555e-07,1.8637926569864398e-07,2.3038873201951784e-08,1.8637926569864398e-07,2.3038873201951784e-08,-2.0616797406193495e-08,3.9337532880348146e-07,2,24
link_distance,88.0,km,PS+GS,9.325026530948577e-07,3.145026382248894e-07,6.987261740865058e-07,3.214735994892676e-07,8.858775204401149e-07,2.98777506313645e-07,1.8715134635360898e-07,2.2696093175622587e-08,1.8715134635360898e-07,2.2696093175622587e-08,-1.6764960404676574e-08,3.9106765311189456e-07,2,24
link_distance,92.0,km,Uniform QAM,1.4000137027458948e-07,1.490102738676061e-07,1.5427178451377088e-07,1.625112457424189e-07,1.3300130176086e-07,1.415597601742258e-07,-2.1270482752910894e-08,2.0951485568193138e-08,0.0,0.0,0.0,0.0,2,24
link_distance,92.0,km,Maxwell-Boltzmann QAM,1.6173724648460563e-07,1.8243469981759646e-07,9.667961392567648e-08,1.0295239546077756e-07,1.5365038416037533e-07,1.733129648267166e-07,5.697077023469887e-08,7.036056936593908e-08,5.697077023469887e-08,7.036056936593908e-08,-5.751938642462258e-07,6.891354047156235e-07,2,24
link_distance,92.0,km,Binomial QAM,1.6687736148490728e-07,1.9077155791360605e-07,9.732424705033438e-08,1.0362132550233748e-07,1.585334934106619e-07,1.8123298001792573e-07,6.120924636032752e-08,7.761165451558826e-08,6.120924636032752e-08,7.761165451558826e-08,-6.361038034123736e-07,7.585222961330287e-07,2,24
link_distance,92.0,km,GS,1.4000066528296884e-07,1.4900921154304855e-07,1.4963576977500281e-07,1.577236374660509e-07,1.3300063201882039e-07,1.415587509658961e-07,-1.6635137756182424e-08,1.616488650015478e-08,0.0,0.0,0.0,0.0,2,24
link_distance,92.0,km,PS,1.6173724737278405e-07,1.8243470107367043e-07,9.667961392567648e-08,1.0295239546077756e-07,1.5365038500414485e-07,1.7331296601998693e-07,5.697077107846837e-08,7.036057055920936e-08,5.697077107846837e-08,7.036057055920936e-08,-5.751938741235645e-07,6.891354162805012e-07,2,24
link_distance,92.0,km,PS+GS,1.6173682304554404e-07,1.8243408402733417e-07,9.656442662153708e-08,1.0283284218359429e-07,1.5364998189326685e-07,1.7331237982596746e-07,5.708555527172976e-08,7.047953764237316e-08,5.708555527172976e-08,7.047953764237316e-08,-5.761479667646045e-07,6.903190773080639e-07,2,24
link_distance,96.0,km,Uniform QAM,8.770481756403825e-07,1.2400038272680605e-06,1.0392524765201472e-06,1.4692649900089397e-06,8.331957668583633e-07,1.1780036359046574e-06,-2.0605670966178383e-07,2.9126135410428227e-07,0.0,0.0,0.0,0.0,2,24
link_distance,96.0,km,Maxwell-Boltzmann QAM,1.0226803837110054e-06,1.4459599054167878e-06,6.800377716498218e-07,9.614627518905909e-07,9.715463645254552e-07,1.3736619101459482e-06,2.9150859287563325e-07,4.121991582553573e-07,2.9150859287563325e-07,4.121991582553573e-07,-3.4119539083528762e-06,3.994971094104143e-06,2,24
link_distance,96.0,km,Binomial QAM,1.0485931363213297e-06,1.4826129724671014e-06,6.841176646843472e-07,9.672303800067925e-07,9.96163479505263e-07,1.4084823238437463e-06,3.1204581482091585e-07,4.4125194383695375e-07,3.1204581482091585e-07,4.4125194383695375e-07,-3.6524456084778784e-06,4.27653723811971e-06,2,24
link_distance,96.0,km,GS,8.77046294256445e-07,1.240001165333306e-06,1.0105108959046483e-06,1.4286348846486268e-06,8.331939795436227e-07,1.1780011070666408e-06,-1.7731691636102552e-07,2.506337775819859e-07,0.0,0.0,0.0,0.0,2,24
link_distance,96.0,km,PS,1.022680385043273e-06,1.4459599054167878e-06,6.800377716498218e-07,9.614627518905909e-07,9.715463657911094e-07,1.3736619101459484e-06,2.915085941412876e-07,4.1219915825535747e-07,2.915085941412876e-07,4.1219915825535747e-07,-3.411953907087223e-06,3.994971095369798e-06,2,24
link_distance,96.0,km,PS+GS,1.022676676232237e-06,1.4459546603659204e-06,6.793081046008176e-07,9.604312389059593e-07,9.71542842420625e-07,1.3736569273476242e-06,2.922347378198076e-07,4.13225688441665e-07,2.922347378198076e-07,4.13225688441665e-07,-3.420450771207797e-06,4.004920246847412e-06,2,24
link_distance,100.0,km,Uniform QAM,6.836424462086654e-07,9.664251691585084e-07,7.868718501780059e-07,1.112335362587896e-06,6.494603238982321e-07,9.181039107005829e-07,-1.374115262797737e-07,1.94231451887313e-07,0.0,0.0,0.0,0.0,2,24
link_distance,100.0,km,Maxwell-Boltzmann QAM,7.667160164537279e-07,1.0838875962930203e-06,5.132211868263958e-07,7.255429139370515e-07,7.283802156310415e-07,1.0296932164783693e-06,2.1515902880464567e-07,3.041503025413178e-07,2.1515902880464567e-07,3.041503025413178e-07,-2.517523019762922e-06,2.9478410773722136e-06,2,24
link_distance,100.0,km,Binomial QAM,7.93831712808668e-07,1.1222327309468185e-06,5.163255468731975e-07,7.299308867369198e-07,7.541401271682346e-07,1.0661210943994776e-06,2.3781458029503706e-07,3.3619020766255765e-07,2.3781458029503706e-07,3.3619020766255765e-07,-2.7827345945948073e-06,3.258363755184881e-06,2,24
link_distance,100.0,km,GS,6.836377715035979e-07,9.664185562430908e-07,7.649655085484319e-07,1.0813720637893177e-06,6.494558829284179e-07,9.180976284309361e-07,-1.1550962562001394e-07,1.6327443535838144e-07,0.0,0.0,0.0,0.0,2,24
link_distance,100.0,km,PS,7.667160171198617e-07,1.0838875966070387e-06,5.132211868263958e-07,7.255429139370515e-07,7.283802162638686e-07,1.0296932167766867e-06,2.151590294374727e-07,3.0415030283963524e-07,2.151590294374727e-07,3.0415030283963524e-07,-2.517523021810371e-06,2.947841080685316e-06,2,24
link_distance,100.0,km,PS+GS,7.667099901631502e-07,1.0838790750872284e-06,5.126660279075601e-07,7.247582054345974e-07,7.283744906549927e-07,1.029685121332867e-06,2.157084627474325e-07,3.0492691589826954e-07,2.157084627474325e-07,3.0492691589826954e-07,-2.5239511799947508e-06,2.9553681054896155e-06,2,24
