sweep,distribution,T,eps,eta,v_el,nu_tilde,term_signal,term_noise,z_star_raw,z_star_used,z_star_max,rho,margin,status,chi_be,i_ab,skr_raw,skr
T,binomial,0.05,0.01,0.6,0.01,,1.0954115646461438,0.00029130927013625767,1.0951202553760075,1.0951202553760075,1.8170030247247133,0.6027068972776888,0.7218827693487058,physical,0.1515853831539773,0.0391652799478601,-0.1143783672035102,0.0
T,binomial,0.08103448275862069,0.01,0.6,0.01,,1.3945280416579962,0.00037085508233717165,1.394157186575659,1.394157186575659,1.8677895818000987,0.7464209031683471,0.4736323952244397,physical,0.24663655941659068,0.06347575726520305,-0.1863345900146478,0.0
T,binomial,0.11206896551724138,0.01,0.6,0.01,,1.6399665917269353,0.0004361260062451006,1.6395304657206902,1.6395304657206902,1.9172312984883217,0.8551552788718867,0.2777008327676316,physical,0.3398309308465881,0.08779115071475338,-0.2564293376675724,0.0
T,binomial,0.14310344827586208,0.01,0.6,0.01,,1.8531789943204175,0.0004928268403316653,1.8526861674800859,1.8526861674800859,1.9654296685268202,0.9426367155985588,0.11274350104673436,physical,0.42284936026393405,0.11211491686926123,-0.3163401892381359,0.0
T,binomial,0.17413793103448275,0.01,0.6,0.01,,2.0442735501885276,0.0005436457447449432,2.043729904443783,2.01247402563302,2.012474027645494,1.0155310708952885,-0.031255876798288895,clipped,0.45747462375193826,0.13645051944371198,-0.3278466302804119,0.0
T,binomial,0.20517241379310341,0.01,0.6,0.01,,2.2189719040606124,0.0005901043102768146,2.2183817997503357,2.0584434977660973,2.058443499824541,1.0776986591759394,-0.15993829992579478,clipped,0.4440393846384426,0.1608014322625971,-0.2912780239889754,0.0
T,binomial,0.2362068965517241,0.01,0.6,0.01,,2.3808860270958694,0.0006331630897606606,2.380252864006109,2.103408558303279,2.1034085604066877,1.1316169900658264,-0.27684430359942125,clipped,0.4269716203376759,0.18517114224880155,-0.25105903520131445,0.0
T,binomial,0.2672413793103448,0.01,0.6,0.01,,2.5324691976468987,0.0006734744980051268,2.5317957231488935,2.1474323022604067,2.147432304407839,1.178987443726215,-0.3843634187410543,clipped,0.4059263692275299,0.20956315244056925,-0.20684137440898911,0.0
T,binomial,0.2982758620689655,0.01,0.6,0.01,,2.675477938619622,0.0007115056575258195,2.674766432962096,2.1905714830699745,2.190571485260546,1.221035903625834,-0.48419494770155014,clipped,0.3804464959241332,0.23398098504311735,-0.15816456013317173,0.0
T,binomial,0.32931034482758614,0.01,0.6,0.01,,2.811221116001065,0.0007476046427887134,2.810473511358276,2.2328773705887524,2.23287737282163,1.2586779487163475,-0.5775961385366464,clipped,0.34991195802460207,0.2584281845216084,-0.10440518272907412,0.0
T,binomial,0.36034482758620684,0.01,0.6,0.01,,2.9407050389422342,0.0007820390675325824,2.939922999874702,2.2743964653804962,2.2743964676548925,1.2926167630334158,-0.6655265322198094,clipped,0.31345088700319845,0.282908320742364,-0.04468798229795268,0.0
T,binomial,0.39137931034482754,0.01,0.6,0.01,,3.0647231667917776,0.0008150199410905369,3.0639081468506872,2.315171097647698,2.315171099962869,1.3234046273728222,-0.7487370468878183,clipped,0.26976810201452595,0.3074249921693894,0.02228564054639398,0.02228564054639398
T,binomial,0.42241379310344823,0.01,0.6,0.01,,3.183914265818129,0.0008467171343507898,3.1830675486837783,2.355239932794788,2.355239935150028,1.351483346209913,-0.8278276135337501,clipped,0.21676432500994783,0.33198182912351226,0.09861841265738883,0.09861841265738883
T,binomial,0.45344827586206893,0.01,0.6,0.01,,3.298801602868861,0.0008772698027580823,3.297924333066103,2.3946384008194546,2.394638403214093,1.377211828157277,-0.9032859298520104,clipped,0.15046948334062832,0.3565824971116955,0.18828388891548237,0.18828388891548237
T,binomial,0.48448275862068957,0.01,0.6,0.01,,3.409820226654206,0.0009067936413866143,3.4089134330128195,2.4333990631064006,2.4333990655397995,1.4008854861858107,-0.97551436747302,clipped,0.06008857000080578,0.3812307002343748,0.30208059522185027,0.30208059522185027
T,binomial,0.5155172413793103,0.01,0.6,0.01,,3.5173364839193475,0.0009353860749910633,3.5164010978443563,2.4715519274284046,2.4715519298999564,1.4227502385461483,-1.0448491679443999,clipped,0.0,0.40593018467899644,0.3856336754450466,0.3856336754450466
T,binomial,0.546551724137931,0.01,0.6,0.01,,3.6216623122704426,0.0009631300589822634,3.6206991822114603,2.509124719822236,2.5091247223313604,1.4430128363038395,-1.1115744598800998,clipped,0.0,0.43068474230830106,0.409150505192886,0.409150505192886
T,binomial,0.5775862068965517,0.01,0.6,0.01,,3.7230659230169514,0.0009900969203785908,3.7220758260965727,2.5461431203431926,2.5461431228893354,1.4618486261183943,-1.1759327032072373,clipped,0.0,0.45549821435229676,0.4327233036346819,0.4327233036346819
T,binomial,0.6086206896551724,0.01,0.6,0.01,,3.8217799295799377,0.0010163485194416139,3.820763581060496,2.582630968396167,2.582630970978798,1.4794074817481397,-1.2381326100816983,clipped,0.0,0.4803744952133194,0.4563557704526534,0.4563557704526534
T,binomial,0.6396551724137931,0.01,0.6,0.01,,3.918007630563015,0.0010419389205702759,3.9169656916424445,2.618610442308454,2.6186104449270644,1.49581840217228,-1.29835524671538,clipped,0.0,0.5053175363940648,0.4800516595743616,0.4800516595743616
T,binomial,0.6706896551724137,0.01,0.6,0.01,,4.011927935065631,0.0010669157021185615,4.010861019363513,2.6541022169869097,2.654102219641012,1.5111931219838297,-1.3567587997225008,clipped,0.0,0.5303313505590279,0.5038147830310765,0.5038147830310765
T,binomial,0.7017241379310345,0.01,0.6,0.01,,4.103699272506449,0.001091320996157929,4.102607951510291,2.6891256028424526,2.689125605531578,1.5256289788290867,-1.413482345978713,clipped,0.0,0.5554200157403747,0.5276490149533559,0.5276490149533559
T,binomial,0.7327586206896551,0.01,0.6,0.01,,4.193462731702755,0.0011151923232712488,4.192347539379483,2.723698668632552,2.7236986713562508,1.539211214319801,-1.4686488680232324,clipped,0.0,0.5805876796999296,0.5515582957149331,0.5515582957149331
T,binomial,0.7637931034482758,0.01,0.6,0.01,,4.281344607152046,0.0011385632697005102,4.2802060438823455,2.7578383504401938,2.757838353198032,1.5520148376060374,-1.5223676906843133,clipped,0.0,0.6058385644596853,0.575546636236701,0.575546636236701
T,binomial,0.7948275862068965,0.01,0.6,0.01,,4.367458483855328,0.0011614640417762006,4.366297019813552,2.7915605486549357,2.791560551446496,1.5641061475636195,-1.574736468367056,clipped,0.0,0.6311769710140118,0.5996181224633113,0.5996181224633113
T,binomial,0.8258620689655172,0.01,0.6,0.01,,4.45190695895701,0.0011839219237631757,4.450723037033247,2.824880214532042,2.8248802173569225,1.5755439857897875,-1.6258428196763242,clipped,0.0,0.6566072842376235,0.6237769200257423,0.6237769200257423
T,binomial,0.8568965517241379,0.01,0.6,0.01,,4.534783074659672,0.0012059616589241509,4.5335771130007485,2.8578114276667295,2.857811430524541,1.586380775364394,-1.6757656824762077,clipped,0.0,0.6821339780042849,0.6480272791040707,0.6480272791040707
T,binomial,0.8879310344827586,0.01,0.6,0.01,,4.6161715194769135,0.0012276057689759696,4.614943913707937,2.890367465522421,2.8903674684127885,1.5966633876633616,-1.7245764452951486,clipped,0.0,0.7077616205322785,0.6723735395056646,0.6723735395056646
T,binomial,0.9189655172413792,0.01,0.6,0.01,,4.696149642019488,0.0012488748236917392,4.694900767195796,2.9225608659869615,2.9225608689095224,1.6064338700831153,-1.772339898286274,clipped,0.0,0.7334948799737812,0.6968201359750921,0.6968201359750921
T,binomial,0.95,0.01,0.6,0.01,,4.7747883118783125,0.0012697876698405382,4.773518524208472,2.954403483792695,2.9544034867470983,1.6157300604408247,-1.819115037461374,clipped,0.0,0.7593385302665294,0.7213716037532029,0.7213716037532029
T,uniform,0.05,0.01,0.6,0.01,,1.0874150991256635,0.005453801232491712,1.0819612978931719,1.0819612978931719,1.8170030269650075,0.5954647745966626,0.7350417290718356,physical,0.14765107152854173,0.039165280073635664,-0.11044405545858785,0.0
T,uniform,0.08103448275862069,0.01,0.6,0.01,,1.3843480364778762,0.006943033100801222,1.377405003377075,1.377405003377075,1.8677895842504537,0.7374519137442505,0.49038458087337866,physical,0.23995614476920135,0.0634757574673495,-0.17965417517521934,0.0
T,uniform,0.11206896551724138,0.01,0.6,0.01,,1.62799489384759,0.008165014965945546,1.6198298788816445,1.6198298788816445,1.9172313011394753,0.8448797377337439,0.2974014222578307,physical,0.33049191417022183,0.08779115099200932,-0.24709032072781298,0.0
T,uniform,0.14310344827586208,0.01,0.6,0.01,,1.8396508534739688,0.00922655028433748,1.8304243031896315,1.8304243031896315,1.9654296713704738,0.9313099979371409,0.1350053681808423,physical,0.41241228617448933,0.11211491722039667,-0.3059031148151125,0.0
T,uniform,0.17413793103448275,0.01,0.6,0.01,,2.029350425870598,0.010177965951244941,2.019172459919353,2.0124740286616936,2.0124740306741677,1.003328454997723,-0.006698429245185267,clipped,0.4574746259265813,0.1364505198675267,-0.3278466320524309,0.0
T,uniform,0.20517241379310341,0.01,0.6,0.01,,2.2027734879634924,0.011047748714556946,2.1917257392489353,2.058443500973013,2.0584435030314565,1.0647490378148319,-0.1332822362174788,clipped,0.44403938695233514,0.16080143275791997,-0.29127802583231116,0.0
T,uniform,0.2362068965517241,0.01,0.6,0.01,,2.363505643650661,0.011853881744613786,2.3516517619060475,2.1034085616822615,2.10340856378567,1.118019486273078,-0.24824319812037743,clipped,0.4269716227956004,0.18517114281448976,-0.25105903712183514,0.0
T,uniform,0.2672413793103448,0.01,0.6,0.01,,2.513982262439853,0.012608579347832225,2.501373683092021,2.1474323058058076,2.14743230795324,1.1648207367598606,-0.35394137513878077,clipped,0.4059263718379098,0.20956315307550724,-0.20684137641617795,0.0
T,uniform,0.2982758620689655,0.01,0.6,0.01,,2.6559470446821556,0.013320586846151884,2.6426264578360037,2.1905714867766024,2.1905714889671737,1.2063639425353647,-0.45205496886883,clipped,0.38044649870061,0.23398098574621518,-0.15816456224170558,0.0
T,uniform,0.32931034482758614,0.01,0.6,0.01,,2.790699301689372,0.013996420781084281,2.776702880908288,2.2328773744518218,2.232877376684699,1.2435536809598753,-0.5438255042235887,clipped,0.3499119609887876,0.25842818529180206,-0.10440518496157564,0.0
T,uniform,0.36034482758620684,0.01,0.6,0.01,,2.9192379965914435,0.014641091333519547,2.904596905257924,2.274396469395578,2.274396471669974,1.277084686613687,-0.6302004335879499,clipped,0.31345089018987426,0.28290832157861456,-0.04468798469019042,0.0
T,uniform,0.39137931034482754,0.01,0.6,0.01,,3.0423507965119505,0.015258548954332273,3.027092247557618,2.3151711018106793,2.3151711041258505,1.307502604089632,-0.7119211434317676,clipped,0.2697681054825575,0.3074249930706813,0.022285637934589708,0.022285637934589708
T,uniform,0.42241379310344823,0.01,0.6,0.01,,3.1606718047482527,0.01585197391327174,3.144819830834981,2.35523993710184,2.35523993945708,1.33524392914291,-0.7895798913779006,clipped,0.216764328869402,0.3319818300888534,0.09861840971500874,0.09861840971500874
T,uniform,0.45344827586206893,0.01,0.6,0.01,,3.274720468318517,0.016423971435141415,3.258296496883376,2.394638405267002,2.39463840766164,1.3606632577421558,-0.8636580892217358,clipped,0.15046948784266007,0.35658249814011633,0.18828388539045043,0.18828388539045043
T,uniform,0.48448275862068957,0.01,0.6,0.01,,3.3849286600928425,0.016976707527009895,3.3679519525658326,2.4333990676910964,2.433399070124495,1.384052453177573,-0.9345528824413374,clipped,0.060088576144802744,0.38123070132492765,0.3020805901138785,0.3020805901138785
T,uniform,0.5155172413793103,0.01,0.6,0.01,,3.4916600524981813,0.01751200614472619,3.4741480463534553,2.471551932147108,2.47155193461866,1.4056544787473735,-1.0025961117347952,clipped,0.0,0.405930185830755,0.38563367653921726,0.38563367653921726
T,uniform,0.546551724137931,0.01,0.6,0.01,,3.595224306007245,0.01803142035360002,3.577192885653645,2.5091247246719943,2.509124727181119,1.4256736011973583,-1.068068158472526,clipped,0.0,0.430684743520359,0.409150506344341,0.409150506344341
T,uniform,0.5775862068965517,0.01,0.6,0.01,,3.6958876739964586,0.018536285515806945,3.6773513884806515,2.5461431253212217,2.5461431278673645,1.4442830602224552,-1.131208260613287,clipped,0.0,0.45549821562376824,0.4327233048425798,0.4327233048425798
T,uniform,0.6086206896551724,0.01,0.6,0.01,,3.7938810718171734,0.019027759759856325,3.774853312057317,2.5826309734998385,2.5826309760824695,1.4616309286986486,-1.1922223359748476,clipped,0.0,0.4803744965433379,0.456355771716171,0.456355771716171
T,uniform,0.6396551724137931,0.01,0.6,0.01,,3.889406314000416,0.01950685526255068,3.8698994587378652,2.618610447535282,2.6186104501538923,1.477844655554031,-1.251289008583973,clipped,0.0,0.5053175377817828,0.48005166089269363,0.48005166089269363
T,uniform,0.6706896551724137,0.01,0.6,0.01,,3.982641003615562,0.019974462770983213,3.962666540844579,2.6541022223345383,2.6541022249886406,1.4930346327792778,-1.3085643158559384,clipped,0.0,0.5303313520036157,0.5038147844034349,0.5038147844034349
T,uniform,0.7017241379310345,0.01,0.6,0.01,,4.073742413552145,0.020431371068645583,4.053311042483499,2.689125608308646,2.6891256109977713,1.507297028411983,-1.364185431485728,clipped,0.0,0.5554200172410204,0.5276490163789693,0.5276490163789693
T,uniform,0.7327586206896551,0.01,0.6,0.01,,4.162850602684094,0.02087828260417942,4.141972320079915,2.723698674215184,2.7236986769388825,1.520716059801081,-1.418273643141032,clipped,0.0,0.580587681255839,0.551558297193047,0.551558297193047
T,uniform,0.7637931034482758,0.01,0.6,0.01,,4.250090943563561,0.02131582616872436,4.228775117394837,2.7578383561372406,2.757838358895079,1.5333658347870267,-1.4709367584997577,clipped,0.0,0.6058385660700805,0.5755466377665764,0.5755466377665764
T,uniform,0.7948275862068965,0.01,0.6,0.01,,4.335576192025078,0.021744567275771842,4.313831624749306,2.7915605544644677,2.791560557256028,1.5453118555986471,-1.522271067493278,clipped,0.0,0.6311769726781317,0.5996181240442251,0.5996181240442251
T,uniform,0.8258620689655172,0.01,0.6,0.01,,4.419408196257543,0.02216501673281256,4.397243179524731,2.824880220452218,2.8248802232770984,1.5566122567928062,-1.5723629562476322,clipped,0.0,0.6566072859547224,0.6237769216569863,0.6237769216569863
T,uniform,0.8568965517241379,0.01,0.6,0.01,,4.501679319258762,0.022577637775488258,4.479101681483273,2.8578114336957885,2.8578114365536,1.5673188315338542,-1.6212902449296736,clipped,0.0,0.6821339797736325,0.6480272807849509,0.6480272807849509
T,uniform,0.8879310344827586,0.01,0.6,0.01,,4.582473631319192,0.022982852048352216,4.559490779270839,2.890367471658679,2.8903674745490466,1.5774778879914597,-1.6691233047217926,clipped,0.0,0.7077616223531598,0.6723735412355017,0.6723735412355017
T,uniform,0.9189655172413792,0.01,0.6,0.01,,4.661867916407475,0.023381044652276358,4.638486871755199,2.9225608722288046,2.9225608751513654,1.5871309683207069,-1.7159259966038336,clipped,0.0,0.7334948818454957,0.6968201377532209,0.6968201377532209
T,uniform,0.95,0.01,0.6,0.01,,4.739932526769031,0.023772568430588947,4.716159958338442,2.954403490138576,2.9544034930929794,1.5963154556797083,-1.7617564652454623,clipped,0.0,0.7593385321883904,0.7213716055789708,0.7213716055789708
T,mb,0.05,0.01,0.6,0.01,0.13897435897435897,1.0580235739656298,5.448462265428277e-05,1.0579690893429756,1.0579690893429756,1.788682686412082,0.591479471110192,0.7307135970691063,physical,0.14219199815223327,0.03758164327641141,-0.10648943703964242,0.0
T,mb,0.08103448275862069,0.01,0.6,0.01,0.13897435897435897,1.3469307703601832,6.936236258843602e-05,1.3468614079975947,1.3468614079975947,1.836843416249286,0.7332478076698544,0.48998200825169125,physical,0.2306354413949261,0.06092969140845347,-0.1727522345568953,0.0
T,mb,0.11206896551724138,0.01,0.6,0.01,0.13897435897435897,1.583992145567379,8.157021871933258e-05,1.5839105753486598,1.5839105753486598,1.8837732663371012,0.8408180557888961,0.2998626909884414,physical,0.3166218155848137,0.084297921035422,-0.23653879060116284,0.0
T,mb,0.14310344827586208,0.01,0.6,0.01,0.13897435897435897,1.7899272986060695,9.217518006486259e-05,1.7898351234260046,1.7898351234260046,1.9295620493040269,0.9275861971225956,0.13972692587802227,physical,0.3926700082919723,0.10768942819601364,-0.2903650515057593,0.0
T,mb,0.17413793103448275,0.01,0.6,0.01,0.13897435897435897,1.9744995192127277,0.00010168002290548486,1.9743978391898223,1.9742891575113117,1.974289159485601,1.0000550475109986,-0.00010867970422134832,clipped,0.4292412284967029,0.1311073273419568,-0.30468926752184394,0.0
T,mb,0.20517241379310341,0.01,0.6,0.01,0.13897435897435897,2.1432351640562834,0.00011036933585072446,2.143124794720433,2.018025188213842,2.0180251902318673,1.0619911015452645,-0.1250996044885655,clipped,0.4139884721629359,0.15455475386803902,-0.2671614559882988,0.0
T,mb,0.2362068965517241,0.01,0.6,0.01,0.13897435897435897,2.2996229224643407,0.00011842277455878197,2.2995044996897818,2.0608332399940323,2.0608332420548656,1.1158129890203712,-0.23867125763491615,clipped,0.3950262164484736,0.17803486668395987,-0.2258930930987117,0.0
T,mb,0.2672413793103448,0.01,0.6,0.01,0.13897435897435897,2.446032338829458,0.00012596236252258126,2.4459063764669353,2.102769988815489,2.102769990918259,1.1631830333468056,-0.3431363855486764,clipped,0.3719568176260127,0.2015508508333871,-0.18048350933429494,0.0
T,mb,0.2982758620689655,0.01,0.6,0.01,0.13897435897435897,2.584159983374787,0.000133075467349697,2.5840269079074374,2.1438865661834536,2.14388656832734,1.205300199218793,-0.44014033958009735,clipped,0.34424599081625606,0.22510592016577513,-0.1303953666587697,0.0
T,mb,0.32931034482758614,0.01,0.6,0.01,0.13897435897435897,2.715270048586632,0.00013982719066193942,2.71513022139597,2.1842292900381746,2.184229292222404,1.2430609877195569,-0.530900929173566,clipped,0.3111527316284791,0.24870332006669582,-0.0748845775651181,0.0
T,mb,0.36034482758620684,0.01,0.6,0.01,0.13897435897435897,2.8403344968203523,0.0001462675852213348,2.840188229235131,2.2238402762472522,2.2238402784710924,1.2771547744372103,-0.6163479507640384,clipped,0.2715986618597975,0.27234633025266886,-0.0128696481197621,0.0
T,mb,0.39137931034482754,0.01,0.6,0.01,0.13897435897435897,2.9601197055024304,0.00015243611686391952,2.9599672693855665,2.262757953705664,2.262757955968422,1.3081236822427837,-0.6972093134171446,clipped,0.22389232174574006,0.2960382676367169,0.057344032509141024,0.057344032509141024
T,mb,0.42241379310344823,0.01,0.6,0.01,0.13897435897435897,3.0752426388790637,0.00015836455715412023,3.0750842743219096,2.3010175009888627,2.3010175032898803,1.336401948236077,-0.7740667710320293,clipped,0.16502182734364546,0.3197824892711543,0.13877153746395116,0.13877153746395116
T,mb,0.45344827586206893,0.01,0.6,0.01,0.13897435897435897,3.1862087039388896,0.00016407893283627457,3.1860446250060535,2.338651218684783,2.3386512210234343,1.3623427881699202,-0.8473934039826192,clipped,0.08801410073738378,0.343582395374421,0.23838917486831615,0.23838917486831615
T,mb,0.48448275862068957,0.01,0.6,0.01,0.13897435897435897,3.2934381005466022,0.00016960088277706805,3.2932684996638253,2.375688848619408,2.375688850995097,1.386237300513653,-0.9175796486687284,clipped,0.0,0.3674414324491039,0.3490693608266487,0.3490693608266487
T,mb,0.5155172413793103,0.01,0.6,0.01,0.13897435897435897,3.3972846714998854,0.00017494862867948086,3.397109722871206,2.4121578489504785,2.412157851362636,1.4083281162350827,-0.9849518715085699,clipped,0.0,0.39136309649866663,0.3717949416737333,0.3717949416737333
T,mb,0.546551724137931,0.01,0.6,0.01,0.13897435897435897,3.4980497075204857,0.00018013768599296748,3.4978695698344926,2.4480836323647495,2.448083634812833,1.4288194733599944,-1.0497859350216596,clipped,0.0,0.41535093635079473,0.394583389533255,0.394583389533255
T,mb,0.5775862068965517,0.01,0.6,0.01,0.13897435897435897,3.595992265475585,0.00018518139526683302,3.595807084080318,2.4834897732527454,2.4834897757362353,1.447884794699561,-1.1123173083440827,clipped,0.0,0.43940855709571974,0.4174381292409337,0.4174381292409337
T,mb,0.6086206896551724,0.01,0.6,0.01,0.13897435897435897,3.6913370193517006,0.0001900913264487392,3.691146928025252,2.5183981886607536,2.5183981911791515,1.4656724821967102,-1.1727487368461005,clipped,0.0,0.46353962364835766,0.44036264246593976,0.44036264246593976
T,mb,0.6396551724137931,0.01,0.6,0.01,0.13897435897435897,3.7842803288752767,0.0001948775913980651,3.7840854512838784,2.5528292969661237,2.5528292995189528,1.4823104122147688,-1.2312561517649256,clipped,0.0,0.4877478644436212,0.46336047122144014,0.46336047122144014
T,mb,0.6706896551724137,0.01,0.6,0.01,0.13897435897435897,3.8749949967178594,0.00019954908886582595,3.8747954476289936,2.5868021575387905,2.5868021601255924,1.497909468051808,-1.2879932875034013,clipped,0.0,0.512037075274845,0.4864352215111027,0.4864352215111027
T,mb,0.7017241379310345,0.01,0.6,0.01,0.13897435897435897,3.963634044871514,0.000204113698965188,3.963429931172549,2.6203345941017013,2.620334596722036,1.5125663478743085,-1.343095334450513,clipped,0.0,0.5364111232858801,0.5095905671215861,0.5095905671215861
T,mb,0.7327586206896551,0.01,0.6,0.01,0.13897435897435897,4.050333746586889,0.0002085784393059874,4.050125168147583,2.6534433040569976,2.653443306710441,1.5263658198028938,-1.3966818614371426,clipped,0.0,0.5608739511280992,0.5328302535716942,0.5328302535716942
T,mb,0.7637931034482758,0.01,0.6,0.01,0.13897435897435897,4.135216085746507,0.00021294959164410614,4.135003136154863,2.6861439556813975,2.6861439583675413,1.5393825499463705,-1.4488591777873214,clipped,0.0,0.5854295812942929,0.5561581022295782,0.5561581022295782
T,mb,0.7948275862068965,0.01,0.6,0.01,0.13897435897435897,4.218390770530005,0.00021723280557839705,4.218173537724427,2.7184512747964593,2.7184512775149106,1.551682596857317,-1.4997222602095164,clipped,0.0,0.610082120642249,0.5795780146101365,0.5795780146101365
T,mb,0.8258620689655172,0.01,0.6,0.01,0.13897435897435897,4.299956896291962,0.00022143318418324685,4.299735463107779,2.750379122274106,2.750379125024485,1.5633246427688403,-1.5493563380832938,clipped,0.0,0.6348357651216863,0.603093976865602,0.603093976865602
T,mb,0.8568965517241379,0.01,0.6,0.01,0.13897435897435897,4.380004329569193,0.00022555535528025447,4.3797787742139125,2.781940563534755,2.7819405663166954,1.574361015200538,-1.597838207897217,clipped,0.0,0.6596948047191779,0.626710064483219,0.626710064483219
T,mb,0.8879310344827586,0.01,0.6,0.01,0.13897435897435897,4.458614868333096,0.00022960353118728794,4.458385264801908,2.813147931026532,2.81314793383968,1.5848385401889034,-1.6452373309622281,clipped,0.0,0.6846636286367459,0.6504304472049086,0.6504304472049086
T,mb,0.9189655172413792,0.01,0.6,0.01,0.13897435897435897,4.535863221173784,0.00023358155914314383,4.535629639614641,2.8440128805330063,2.844012883377019,1.594799259217481,-1.6916167562376225,clipped,0.0,0.7097467307209547,0.674259394184907,0.674259394184907
T,mb,0.95,0.01,0.6,0.01,0.13897435897435897,4.611817838799912,0.00023749296412696542,4.611580345835785,2.8745464420385414,2.8745464449130878,1.6042810350121919,-1.7370339009226972,clipped,0.0,0.7349487151605864,0.698201279402557,0.698201279402557
eps,binomial,0.08215109581746256,0.0,0.6,0.01,,1.4041031054987678,0.0,1.4041031054987678,1.4041031054987678,1.8689319318049569,0.7512863799928381,0.46482882630618905,physical,0.2503666286773023,0.0643648703545184,-0.18922000184050983,0.0
eps,binomial,0.08215109581746256,0.0010344827586206897,0.6,0.01,,1.4041031054987678,0.00012009850790381117,1.403983006990864,1.403983006990864,1.8690001384152783,0.7511947046624077,0.46501713142441425,physical,0.2503003498739247,0.06436338483442237,-0.18915513428122344,0.0
eps,binomial,0.08215109581746256,0.0020689655172413794,0.6,0.01,,1.4041031054987678,0.00016984493869834212,1.4039332605600694,1.4039332605600694,1.8690683425365833,0.7511406772075218,0.4651350819765139,physical,0.25026264934504394,0.06436189938290664,-0.18911884493128264,0.0
eps,binomial,0.08215109581746256,0.0031034482758620693,0.6,0.01,,1.4041031054987678,0.0002080167176026133,1.4038950887811652,1.4038950887811652,1.8691365441691443,0.7510928472083429,0.4652414553879791,physical,0.25022965389815544,0.06436041399996681,-0.18908726059818698,0.0
eps,binomial,0.08215109581746256,0.004137931034482759,0.6,0.01,,1.4041031054987678,0.00024019701580762235,1.4038629084829601,1.4038629084829601,1.8692047433132342,0.751048227062896,0.465341834830274,physical,0.2501990955576723,0.06435892868559791,-0.18905811330635428,0.0
eps,binomial,0.08215109581746256,0.005172413793103448,0.6,0.01,,1.4041031054987678,0.00026854842766921755,1.4038345570710986,1.4038345570710986,1.869272939969125,0.7510056595021837,0.4654383828980264,physical,0.25017009576417704,0.06435744343979523,-0.1890305244963716,0.0
eps,binomial,0.08215109581746256,0.0062068965517241385,0.6,0.01,,1.4041031054987678,0.0002941800632339499,1.403808925435534,1.403808925435534,1.8693411341370887,0.7509645509852592,0.46553220870155476,physical,0.2501422039004626,0.06435595826255379,-0.1890040435510365,0.0
eps,binomial,0.08215109581746256,0.007241379310344828,0.6,0.01,,1.4041031054987678,0.00031775078474340947,1.4037853547140244,1.4037853547140244,1.869409325817398,0.7509245489080997,0.4656239711033736,physical,0.2501151522567293,0.06435447315386919,-0.18897840276055358,0.0
eps,binomial,0.08215109581746256,0.008275862068965517,0.6,0.01,,1.4041031054987678,0.00033968987739668423,1.4037634156213712,1.4037634156213712,1.869477515010325,0.7508854235209232,0.4657140993889539,physical,0.2500887663906606,0.06435298811373646,-0.18895342768261095,0.0
eps,binomial,0.08215109581746256,0.009310344827586208,0.6,0.01,,1.4041031054987678,0.0003602955237114335,1.4037428099750564,1.4037428099750564,1.869545701716142,0.7508470152328965,0.4658028917410857,physical,0.250062925124108,0.0643515031421509,-0.18892899713906464,0.0
eps,binomial,0.08215109581746256,0.010344827586206896,0.6,0.01,,1.4041031054987678,0.0003797848285637776,1.403723320670204,1.403723320670204,1.869613885935121,0.750809207842456,0.465890565264917,physical,0.25003754022064806,0.06435001823910752,-0.18890502289349592,0.0
eps,binomial,0.08215109581746256,0.011379310344827587,0.6,0.01,,1.4041031054987678,0.000398321688598474,1.4037047838101693,1.4037047838101693,1.869682067667534,0.7507719136234318,0.4659772838573648,physical,0.2500125450633528,0.06434853340460223,-0.1888814383289807,0.0
eps,binomial,0.08215109581746256,0.012413793103448277,0.6,0.01,,1.4041031054987678,0.0004160334352052266,1.4036870720635626,1.4036870720635626,1.869750246913653,0.7507350644186791,0.4660631748500905,physical,0.2499878878931754,0.06434704863862975,-0.18885819168647713,0.0
eps,binomial,0.08215109581746256,0.013448275862068966,0.6,0.01,,1.4041031054987678,0.00043302132835390837,1.403670084170414,1.403670084170414,1.8698184236737503,0.750698606024287,0.46614833950333634,physical,0.24996352754541795,0.06434556394118536,-0.18883524180129185,0.0
eps,binomial,0.08215109581746256,0.014482758620689656,0.6,0.01,,1.4041031054987678,0.00044936746923882363,1.403653738029529,1.403653738029529,1.8698865979480976,0.7506624944902088,0.46623285991856855,physical,0.2499394306411027,0.06434407931226471,-0.1888125552944512,0.0
eps,binomial,0.08215109581746256,0.015517241379310345,0.6,0.01,,1.4041031054987678,0.00046513952101582043,1.403637965977752,1.403637965977752,1.8699547697369665,0.7506266935938734,0.46631680375921447,physical,0.24991556966885242,0.06434259475186248,-0.18879010465458307,0.0
eps,binomial,0.08215109581746256,0.016551724137931035,0.6,0.01,,1.4041031054987678,0.0004803940316152447,1.4036227114671527,1.4036227114671527,1.8700229390406293,0.7505911730618918,0.46640022757347666,physical,0.24989192163472507,0.06434111025997429,-0.1887678668877495,0.0
eps,binomial,0.08215109581746256,0.017586206896551725,0.6,0.01,,1.4041031054987678,0.0004951788335664909,1.4036079266652013,1.4036079266652013,1.8700911058593574,0.7505559072857071,0.46648317919415616,physical,0.24986846708705546,0.06433962583659546,-0.18874582254228978,0.0
eps,binomial,0.08215109581746256,0.018620689655172416,0.6,0.01,,1.4041031054987678,0.0005095348160950264,1.4035935706826728,1.4035935706826728,1.870159270193423,0.7505208743731783,0.46656569951075033,physical,0.24984518939634381,0.06433814148172097,-0.1887239549887089,0.0
eps,binomial,0.08215109581746256,0.019655172413793102,0.6,0.01,,1.4041031054987678,0.0005234972592227337,1.403579608239545,1.403579608239545,1.8702274320430974,0.7504860554345677,0.4666478238035523,physical,0.24982207421310942,0.06433665719534618,-0.18870224987753056,0.0
eps,binomial,0.08215109581746256,0.020689655172413793,0.6,0.01,,1.4041031054987678,0.0005370968553384351,1.4035660086434294,1.4035660086434294,1.870295591408652,0.750451434035785,0.4667295827652227,physical,0.24979910905274072,0.06433517297746634,-0.1886806947241477,0.0
eps,binomial,0.08215109581746256,0.021724137931034483,0.6,0.01,,1.4041031054987678,0.0005503605033204669,1.4035527449954475,1.4035527449954475,1.8703637482903588,0.7504169957733576,0.4668110032949113,physical,0.24977628297275567,0.0643336888280768,-0.18865927858608272,0.0
eps,binomial,0.08215109581746256,0.022758620689655173,0.6,0.01,,1.4041031054987678,0.0005633119342033146,1.4035397935645646,1.4035397935645646,1.8704319026884895,0.750382727939557,0.46689210912392487,physical,0.2497535863185225,0.06433220474717287,-0.1886379918087083,0.0
eps,binomial,0.08215109581746256,0.023793103448275864,0.6,0.01,,1.4041031054987678,0.0005759722101079194,1.4035271332886599,1.4035271332886599,1.870500054603315,0.750348619255353,0.4669729213146552,physical,0.24973101052047642,0.06433072073474985,-0.18861682582246406,0.0
eps,binomial,0.08215109581746256,0.024827586206896554,0.6,0.01,,1.4041031054987678,0.0005883601264678997,1.4035147453723,1.4035147453723,1.870568204035107,0.7503146596551251,0.467053458662807,physical,0.24970854793064245,0.06432923679080244,-0.18859577297938013,0.0
eps,binomial,0.08215109581746256,0.02586206896551724,0.6,0.01,,1.4041031054987678,0.0006004925395190558,1.4035026129592487,1.4035026129592487,1.8706363509841373,0.7502808401113714,0.46713373802488856,physical,0.24968619168951678,0.06432775291532657,-0.18857482641995654,0.0
eps,binomial,0.08215109581746256,0.02689655172413793,0.6,0.01,,1.4041031054987678,0.0006123846353549104,1.4034907208634129,1.4034907208634129,1.8707044954506764,0.7502471524906953,0.46721377458726354,physical,0.24966393561670497,0.06432626910831724,-0.1885539799638036,0.0
eps,binomial,0.08215109581746256,0.02793103448275862,0.6,0.01,,1.4041031054987678,0.00062405015280784,1.40347905534596,1.40347905534596,1.8707726374349958,0.7502135894345029,0.4672935820890358,physical,0.24964177412032584,0.06432478536976975,-0.1885332280190446,0.0
eps,binomial,0.08215109581746256,0.028965517241379312,0.6,0.01,,1.4041031054987678,0.0006355015694868189,1.403467603929281,1.403467603929281,1.8708407769373674,0.7501801442594207,0.46737317300808634,physical,0.2496197021213833,0.06432330169967942,-0.18851256550668782,0.0
eps,binomial,0.08215109581746256,0.03,0.6,0.01,,1.4041031054987678,0.0006467502581529689,1.403456355240615,1.403456355240615,1.8709089139580617,0.7501468108735917,0.46745255871744673,physical,0.24959771499019956,0.06432181809804126,-0.18849198779706036,0.0
eps,uniform,0.08215109581746256,0.0,0.6,0.01,,1.3938532026926502,0.0,1.3938532026926502,1.3938532026926502,1.868931934262127,0.7458020151188425,0.47507873156947666,physical,0.24622643492308338,0.06436487055943332,-0.18507980789162173,0.0
eps,uniform,0.08215109581746256,0.0010344827586206897,0.6,0.01,,1.3938532026926502,0.0022484467800144253,1.3916047559126359,1.3916047559126359,1.8690001408725068,0.744571776898311,0.4773953849598709,physical,0.24530719710669469,0.06436338503933291,-0.18416198131932843,0.0
eps,uniform,0.08215109581746256,0.0020689655172413794,0.6,0.01,,1.3938532026926502,0.003179783930570515,1.3906734187620797,1.3906734187620797,1.86906834499387,0.7440463172397479,0.47839492623179036,physical,0.244917118802368,0.06436189958781278,-0.18377331419394585,0.0
eps,uniform,0.08215109581746256,0.0031034482758620693,0.6,0.01,,1.3938532026926502,0.0038944240610996267,1.3899587786315506,1.3899587786315506,1.8691365466264895,0.7436368312096926,0.47917776799493894,physical,0.24461413088475692,0.06436041420486827,-0.18347173739013206,0.0
eps,uniform,0.08215109581746256,0.004137931034482759,0.6,0.01,,1.3938532026926502,0.004496893560028851,1.3893563091326213,1.3893563091326213,1.8692047457706376,0.743287385866237,0.47984843663801624,physical,0.24435623644004845,0.06435892889049467,-0.1832152539940785,0.0
eps,uniform,0.08215109581746256,0.005172413793103448,0.6,0.01,,1.3938532026926502,0.00502767984390277,1.3888255228487474,1.3888255228487474,1.8692729424265866,0.7429763151901461,0.4804474195778392,physical,0.2441271668891447,0.0643574436446873,-0.18298759542669177,0.0
eps,uniform,0.08215109581746256,0.0062068965517241385,0.6,0.01,,1.3938532026926502,0.0055075473248392,1.388345655367811,1.388345655367811,1.8693411365946089,0.7426925071027803,0.4809954812267978,physical,0.2439185780127986,0.06435595846744117,-0.18278041746872947,0.0
eps,uniform,0.08215109581746256,0.007241379310344828,0.6,0.01,,1.3938532026926502,0.0059488310160821225,1.3879043716765682,1.3879043716765682,1.8694093282749766,0.7424293602713945,0.4815049565984084,physical,0.2437255125521416,0.0643544733587519,-0.1825887628613273,0.0
eps,uniform,0.08215109581746256,0.008275862068965517,0.6,0.01,,1.3938532026926502,0.00635956786114103,1.3874936348315092,1.3874936348315092,1.8694775174679619,0.7421825734019759,0.48198388263645264,physical,0.24354474031382245,0.06435298831861447,-0.1824094014111387,0.0
eps,uniform,0.08215109581746256,0.009310344827586208,0.6,0.01,,1.3938532026926502,0.0067453403400432755,1.387107862352607,1.387107862352607,1.869545704173837,0.7419491586944529,0.48243784182123006,physical,0.24337401741462772,0.06435150334702422,-0.18224008923495472,0.0
eps,uniform,0.08215109581746256,0.010344827586206896,0.6,0.01,,1.3938532026926502,0.007110213022517143,1.386742989670133,1.386742989670133,1.8696138883928743,0.741726940669114,0.48287089872274125,physical,0.24321170996374564,0.06435001844397645,-0.18207919244196802,0.0
eps,uniform,0.08215109581746256,0.011379310344827587,0.6,0.01,,1.3938532026926502,0.007457254330390617,1.3863959483622597,1.3863959483622597,1.8696820701253458,0.7415142769536822,0.48328612176308616,physical,0.24305658440525768,0.06434853360946648,-0.18192547747626453,0.0
eps,uniform,0.08215109581746256,0.012413793103448277,0.6,0.01,,1.3938532026926502,0.0077888481221992534,1.386064354570451,1.386064354570451,1.8697502493715232,0.7413098915410478,0.48368589480107227,physical,0.24290768231102522,0.0643470488434893,-0.1817779859097104,0.0
eps,uniform,0.08215109581746256,0.013448275862068966,0.6,0.01,,1.3938532026926502,0.008106890155493911,1.3857463125371563,1.3857463125371563,1.8698184261316788,0.7411127696521947,0.4840721135945225,physical,0.24276424143154496,0.06434556414604052,-0.18163595549280648,0.0
eps,uniform,0.08215109581746256,0.014482758620689656,0.6,0.01,,1.3938532026926502,0.008412917503209057,1.3854402851894412,1.3854402851894412,1.8698866004060843,0.7409220884777528,0.48444631521664316,physical,0.24262564368764838,0.06434407951711488,-0.18149876814638927,0.0
eps,uniform,0.08215109581746256,0.015517241379310345,0.6,0.01,,1.3938532026926502,0.00870819693382956,1.3851450057588206,1.3851450057588206,1.8699547721950116,0.7407371698797259,0.484809766436191,physical,0.2424913796521051,0.06434259495670826,-0.18136591444323225,0.0
eps,uniform,0.08215109581746256,0.016551724137931035,0.6,0.01,,1.3938532026926502,0.008993787120057701,1.3848594155725926,1.3848594155725926,1.8700229414987328,0.7405574470988547,0.4851635259261402,physical,0.24236102354820277,0.06434111046481537,-0.18123696860662816,0.0
eps,uniform,0.08215109581746256,0.017586206896551725,0.6,0.01,,1.3938532026926502,0.00927058356757939,1.3845826191250707,1.3845826191250707,1.8700911083175193,0.7403824407093994,0.4855084891924486,physical,0.24223421519243282,0.06433962604143185,-0.18111157045307258,0.0
eps,uniform,0.08215109581746256,0.018620689655172416,0.6,0.01,,1.3938532026926502,0.009539351791711545,1.3843138509009387,1.3843138509009387,1.8701592726516432,0.7402117408632054,0.48584542175070444,physical,0.24211064665999626,0.06433814168655269,-0.18098941205777122,0.0
eps,uniform,0.08215109581746256,0.019655172413793102,0.6,0.01,,1.3938532026926502,0.009800752294012307,1.384052450398638,1.384052450398638,1.8702274345013759,0.7400449939221656,0.48617498410273785,physical,0.24199005224575942,0.0643366574001735,-0.1808702277155946,0.0
eps,uniform,0.08215109581746256,0.020689655172413793,0.6,0.01,,1.3938532026926502,0.01005535968780554,1.3837978430048448,1.3837978430048448,1.870295593866989,0.7398818922220363,0.4864977508621442,physical,0.24187220077671534,0.06433517318228897,-0.18075378625354083,0.0
eps,uniform,0.08215109581746256,0.021724137931034483,0.6,0.01,,1.3938532026926502,0.010303677565495824,1.3835495251271543,1.3835495251271543,1.870363750748754,0.7397221661151657,0.4868142256215997,physical,0.24175688963583042,0.06433368903289505,-0.18063988505458012,0.0
eps,uniform,0.08215109581746256,0.022758620689655173,0.6,0.01,,1.3938532026926502,0.010546150212103903,1.3833070524805464,1.3833070524805464,1.870431905146943,0.7395655777010886,0.4871248526663965,physical,0.24164394005344092,0.06433220495198642,-0.18052834534905382,0.0
eps,uniform,0.08215109581746256,0.023793103448275864,0.6,0.01,,1.3938532026926502,0.01078317194608416,1.383070030746566,1.383070030746566,1.8705000570618266,0.7394119158269828,0.48743002631526067,physical,0.2415331933523046,0.06433072093955841,-0.1804190084597241,0.0
eps,uniform,0.08215109581746256,0.024827586206896554,0.6,0.01,,1.3938532026926502,0.0110150946496784,1.382838108042972,1.382838108042972,1.8705682064936773,0.7392609920570924,0.48773009845070536,physical,0.2414245079203441,0.06432923699560661,-0.1803117327745178,0.0
eps,uniform,0.08215109581746256,0.02586206896551724,0.6,0.01,,1.3938532026926502,0.011242233900072125,1.382610968792578,1.382610968792578,1.8706363534427657,0.7391126373910067,0.48802538465018763,physical,0.24131775674578537,0.06432775312012605,-0.18020639128166563,0.0
eps,uniform,0.08215109581746256,0.02689655172413793,0.6,0.01,,1.3938532026926502,0.011464874006568418,1.3823883286860819,1.3823883286860819,1.870704497909363,0.7389666995674586,0.48831616922328114,physical,0.2412128253920407,0.06432626931311233,-0.180102869544584,0.0
eps,uniform,0.08215109581746256,0.02793103448275862,0.6,0.01,,1.3938532026926502,0.011683272183298881,1.3821699305093513,1.3821699305093513,1.870772639893741,0.738823040830797,0.48860270938438966,physical,0.2411096103200725,0.06432478557456014,-0.18000106402424038,0.0
eps,uniform,0.08215109581746256,0.028965517241379312,0.6,0.01,,1.3938532026926502,0.011897662032164245,1.381955540660486,1.381955540660486,1.8708407793961708,0.7386815360666468,0.4888852387356848,physical,0.24100801748802847,0.06432330190446514,-0.1799008806787866,0.0
eps,uniform,0.08215109581746256,0.03,0.6,0.01,,1.3938532026926502,0.012108256470448577,1.3817449462222016,1.3817449462222016,1.8709089164169235,0.7385420712347955,0.4891639701947219,physical,0.24090796117411806,0.06432181830282228,-0.1798022337864369,0.0
eps,mb,0.08215109581746256,0.0,0.6,0.01,0.13897435897435897,1.3561790233389939,0.0,1.3561790233389939,1.3561790233389939,1.8379006663208002,0.7378957134031948,0.4817216429818063,physical,0.23397997671353155,0.061783899760256555,-0.17528527194128782,0.0
eps,mb,0.08215109581746256,0.0010344827586206897,0.6,0.01,0.13897435897435897,1.3561790233389939,2.246245676088806e-05,1.356156560882233,1.356156560882233,1.8379681304240585,0.7378564069929432,0.48181156954182547,physical,0.2339549070366267,0.06178247254136678,-0.17526155812232824,0.0
eps,mb,0.08215109581746256,0.0020689655172413794,0.6,0.01,0.13897435897435897,1.3561790233389939,3.176671099546712e-05,1.3561472566279984,1.3561472566279984,1.8380355920510831,0.7378242633020287,0.48188833542308473,physical,0.2339349437820002,0.061781045388423834,-0.17524295066299755,0.0
eps,mb,0.08215109581746256,0.0031034482758620693,0.6,0.01,0.13897435897435897,1.3561790233389939,3.890611637267716e-05,1.3561401172226213,1.3561401172226213,1.8381030512021472,0.7377933007269016,0.48196293397952594,physical,0.23391582248430276,0.0617796183014227,-0.1752251850979512,0.0
eps,mb,0.08215109581746256,0.004137931034482759,0.6,0.01,0.13897435897435897,1.3561790233389939,4.492491352177612e-05,1.3561340984254722,1.3561340984254722,1.838170507877523,0.7377629510503664,0.48203640945205084,physical,0.23389713801568934,0.06177819128035897,-0.17520785629934832,0.0
eps,mb,0.08215109581746256,0.005172413793103448,0.6,0.01,0.13897435897435897,1.3561790233389939,5.022758025899545e-05,1.356128795758735,1.356128795758735,1.8382379620774834,0.7377329941691046,0.48210916631874845,physical,0.23387873343933685,0.061776764325227926,-0.17519080733037032,0.0
eps,mb,0.08215109581746256,0.0062068965517241385,0.6,0.01,0.13897435897435897,1.3561790233389939,5.502155743350596e-05,1.3561240017815603,1.3561240017815603,1.8383054138023,0.7377033171961296,0.4821814120207397,physical,0.23386052826157644,0.06177533743602547,-0.17517395769735225,0.0
eps,mb,0.08215109581746256,0.007241379310344828,0.6,0.01,0.13897435897435897,1.3561790233389939,5.943007442485126e-05,1.356119593264569,1.356119593264569,1.8383728630522465,0.7376738530686352,0.48225326978767735,physical,0.23384247466139985,0.061773910612746584,-0.1751572595792906,0.0
eps,mb,0.08215109581746256,0.008275862068965517,0.6,0.01,0.13897435897435897,1.3561790233389939,6.353342199093424e-05,1.356115489917003,1.356115489917003,1.8384403098275943,0.7376445580896651,0.4823248199105914,physical,0.2338245414781177,0.06177248385538687,-0.1751406818155002,0.0
eps,mb,0.08215109581746256,0.009310344827586208,0.6,0.01,0.13897435897435897,1.3561790233389939,6.738737028266419e-05,1.3561116359687113,1.3561116359687113,1.8385077541286163,0.73761540190591,0.482396118159905,physical,0.23380670706558115,0.061771057163941594,-0.17512420275983664,0.0
eps,mb,0.08215109581746256,0.010344827586206896,0.6,0.01,0.13897435897435897,1.3561790233389939,7.103252520745449e-05,1.3561079908137865,1.3561079908137865,1.8385751959555847,0.7375863624163386,0.4824672051417982,physical,0.23378895566199764,0.06176963053840667,-0.17510780665051132,0.0
eps,mb,0.08215109581746256,0.011379310344827587,0.6,0.01,0.13897435897435897,1.3561790233389939,7.449954094544761e-05,1.3561045237980485,1.3561045237980485,1.8386426353087713,0.7375574229357038,0.4825381115107228,physical,0.2337712753674459,0.061768203978776776,-0.17509148158760798,0.0
eps,mb,0.08215109581746256,0.012413793103448277,0.6,0.01,0.13897435897435897,1.3561790233389939,7.781223274535431e-05,1.3561012111062485,1.3561012111062485,1.838710072188449,0.7375285705006254,0.4826088610822006,physical,0.23375365693605477,0.0617667774850481,-0.17507521832525907,0.0
eps,mb,0.08215109581746256,0.013448275862068966,0.6,0.01,0.13897435897435897,1.3561790233389939,8.098953962427466e-05,1.3560980337993696,1.3560980337993696,1.8387775065948895,0.7374997948015135,0.4826794727955199,physical,0.2337360930144099,0.06176535105721533,-0.17505900951005532,0.0
eps,mb,0.08215109581746256,0.014482758620689656,0.6,0.01,0.13897435897435897,1.3561790233389939,8.404681726446708e-05,1.3560949765217294,1.3560949765217294,1.8388449385283652,0.7374710874789788,0.4827499620066358,physical,0.23371857763985204,0.06176392469527467,-0.1750428491793411,0.0
eps,mb,0.08215109581746256,0.015517241379310345,0.6,0.01,0.13897435897435897,1.3561790233389939,8.699672094982365e-05,1.356092026618044,1.356092026618044,1.8389123679891475,0.7374424416433351,0.4828203413711034,physical,0.23370110589784332,0.06176249839922109,-0.1750267324185833,0.0
eps,mb,0.08215109581746256,0.016551724137931035,0.6,0.01,0.13897435897435897,1.3561790233389939,8.984982704355224e-05,1.3560891735119502,1.3560891735119502,1.838979794977509,0.7374138515363815,0.48289062146555883,physical,0.23368367368079013,0.06176107216904989,-0.17501065512019273,0.0
eps,mb,0.08215109581746256,0.017586206896551725,0.6,0.01,0.13897435897435897,1.3561790233389939,9.261508183601102e-05,1.3560864082571578,1.3560864082571578,1.8390472194937217,0.7373853122871309,0.482960811236564,physical,0.23366627751385072,0.06175964600475696,-0.17499461380933162,0.0
eps,mb,0.08215109581746256,0.018620689655172416,0.6,0.01,0.13897435897435897,1.3561790233389939,9.530013298640136e-05,1.3560837232060075,1.3560837232060075,1.8391146415380573,0.7373568197314282,0.4830309183320498,physical,0.23364891442630276,0.06175821990633759,-0.17497860551528205,0.0
eps,mb,0.08215109581746256,0.019655172413793102,0.6,0.01,0.13897435897435897,1.3561790233389939,9.791157904436303e-05,1.3560811117599496,1.3560811117599496,1.8391820611107874,0.7373283702761512,0.4831009493508378,physical,0.2336315818546999,0.061756793873786756,-0.17496262767460247,0.0
eps,mb,0.08215109581746256,0.020689655172413793,0.6,0.01,0.13897435897435897,1.3561790233389939,0.0001004551605179909,1.356078568178476,1.356078568178476,1.8392494782121842,0.737299960795222,0.48317091003370827,physical,0.2336142775687131,0.06175536790710067,-0.17494667805696748,0.0
eps,mb,0.08215109581746256,0.021724137931034483,0.6,0.01,0.13897435897435897,1.3561790233389939,0.00010293590840144211,1.3560760874305924,1.3560760874305924,1.839316892842519,0.7372715885487704,0.4832408054119266,physical,0.23359699961348324,0.06175394200627431,-0.17493075470752265,0.0
eps,mb,0.08215109581746256,0.022758620689655173,0.6,0.01,0.13897435897435897,1.3561790233389939,0.00010535826119562171,1.3560736650777983,1.3560736650777983,1.8393843050020642,0.7372432511194427,0.48331063992426593,physical,0.23357974626419575,0.06175251617130296,-0.17491485590145794,0.0
eps,mb,0.08215109581746256,0.023793103448275864,0.6,0.01,0.13897435897435897,1.3561790233389939,0.00010772615822491588,1.356071297180769,1.356071297180769,1.839451714691091,0.7372149463616126,0.483380417510322,physical,0.2335625159898611,0.061751090402182206,-0.174898980107788,0.0
eps,mb,0.08215109581746256,0.024827586206896554,0.6,0.01,0.13897435897435897,1.3561790233389939,0.00011004311486701192,1.3560689802241268,1.3560689802241268,1.8395191219098708,0.7371866723604349,0.48345014168574396,physical,0.23354530742411117,0.06174966469890796,-0.1748831259601486,0.0
eps,mb,0.08215109581746256,0.02586206896551724,0.6,0.01,0.13897435897435897,1.3561790233389939,0.00011231228380444031,1.3560667110551894,1.3560667110551894,1.8395865266586755,0.7371584273985061,0.4835198156034861,physical,0.23352811934141915,0.06174823906147489,-0.174867292233018,0.0
eps,mb,0.08215109581746256,0.02689655172413793,0.6,0.01,0.13897435897435897,1.3561790233389939,0.0001145365053470024,1.3560644868336469,1.3560644868336469,1.8396539289377765,0.7371302099284749,0.4835894421041296,physical,0.2335109506375681,0.06174681348987889,-0.17485147782218316,0.0
eps,mb,0.08215109581746256,0.02793103448275862,0.6,0.01,0.13897435897435897,1.3561790233389939,0.00011671834911803146,1.356062304989876,1.356062304989876,1.8397213287474448,0.7371020185503513,0.48365902375756886,physical,0.23349380031346567,0.06174538798411525,-0.17483568172855618,0.0
eps,mb,0.08215109581746256,0.028965517241379312,0.6,0.01,0.13897435897435897,1.3561790233389939,0.00011886014884970253,1.356060163190144,1.356060163190144,1.8397887260879526,0.7370738519925665,0.4837285628978085,physical,0.23347666746163265,0.06174396254417957,-0.17481990304466205,0.0
eps,mb,0.08215109581746256,0.03,0.6,0.01,0.13897435897435897,1.3561790233389939,0.00012096403163051489,1.3560580593073635,1.3560580593073635,1.839856120959571,0.7370457090960546,0.4837980616522075,physical,0.2334595512548534,0.06174253717006712,-0.17480414094328964,0.0
v_el,binomial,0.08215109581746256,0.01,0.6,0.0,,1.4041031054987678,0.0003734014356430766,1.4037297040631247,1.4037297040631247,1.8695911581384266,0.7508217494250639,0.4658614540753019,physical,0.2500459556173775,0.06464304765352445,-0.1886350603465293,0.0
v_el,binomial,0.08215109581746256,0.01,0.6,0.0016666666666666668,,1.4041031054987678,0.0003734014356430766,1.4037297040631247,1.4037297040631247,1.8695911581384266,0.7508217494250639,0.4658614540753019,physical,0.2500459556173775,0.0645941073190131,-0.18868155366431508,0.0
v_el,binomial,0.08215109581746256,0.01,0.6,0.0033333333333333335,,1.4041031054987678,0.0003734014356430766,1.4037297040631247,1.4037297040631247,1.8695911581384266,0.7508217494250639,0.4658614540753019,physical,0.2500459556173775,0.06454524104485795,-0.18872797662476248,0.0
v_el,binomial,0.08215109581746256,0.01,0.6,0.005,,1.4041031054987678,0.0003734014356430766,1.4037297040631247,1.4037297040631247,1.8695911581384266,0.7508217494250639,0.4658614540753019,physical,0.2500459556173775,0.06449644866304748,-0.18877432938748243,0.0
v_el,binomial,0.08215109581746256,0.01,0.6,0.006666666666666667,,1.4041031054987678,0.0003734014356430766,1.4037297040631247,1.4037297040631247,1.8695911581384266,0.7508217494250639,0.4658614540753019,physical,0.2500459556173775,0.06444773000607781,-0.18882061211160361,0.0
v_el,binomial,0.08215109581746256,0.01,0.6,0.008333333333333333,,1.4041031054987678,0.0003734014356430766,1.4037297040631247,1.4037297040631247,1.8695911581384266,0.7508217494250639,0.4658614540753019,physical,0.2500459556173775,0.06439908490695101,-0.18886682495577406,0.0
v_el,binomial,0.08215109581746256,0.01,0.6,0.01,,1.4041031054987678,0.0003734014356430766,1.4037297040631247,1.4037297040631247,1.8695911581384266,0.7508217494250639,0.4658614540753019,physical,0.2500459556173775,0.06435051319917315,-0.18891296807816305,0.0
v_el,binomial,0.08215109581746256,0.01,0.6,0.011666666666666667,,1.4041031054987678,0.0003734014356430766,1.4037297040631247,1.4037297040631247,1.8695911581384266,0.7508217494250639,0.4658614540753019,physical,0.2500459556173775,0.06430201471675259,-0.18895904163646257,0.0
v_el,binomial,0.08215109581746256,0.01,0.6,0.013333333333333334,,1.4041031054987678,0.0003734014356430766,1.4037297040631247,1.4037297040631247,1.8695911581384266,0.7508217494250639,0.4658614540753019,physical,0.2500459556173775,0.06425358929419778,-0.18900504578788963,0.0
v_el,binomial,0.08215109581746256,0.01,0.6,0.015000000000000001,,1.4041031054987678,0.0003734014356430766,1.4037297040631247,1.4037297040631247,1.8695911581384266,0.7508217494250639,0.4658614540753019,physical,0.2500459556173775,0.06420523676651614,-0.1890509806891872,0.0
v_el,binomial,0.08215109581746256,0.01,0.6,0.016666666666666666,,1.4041031054987678,0.0003734014356430766,1.4037297040631247,1.4037297040631247,1.8695911581384266,0.7508217494250639,0.4658614540753019,physical,0.2500459556173775,0.0641569569692109,-0.18909684649662717,0.0
v_el,binomial,0.08215109581746256,0.01,0.6,0.018333333333333333,,1.4041031054987678,0.0003734014356430766,1.4037297040631247,1.4037297040631247,1.8695911581384266,0.7508217494250639,0.4658614540753019,physical,0.2500459556173775,0.06410874973827999,-0.18914264336601155,0.0
v_el,binomial,0.08215109581746256,0.01,0.6,0.02,,1.4041031054987678,0.0003734014356430766,1.4037297040631247,1.4037297040631247,1.8695911581384266,0.7508217494250639,0.4658614540753019,physical,0.2500459556173775,0.06406061491021507,-0.1891883714526732,0.0
v_el,binomial,0.08215109581746256,0.01,0.6,0.021666666666666667,,1.4041031054987678,0.0003734014356430766,1.4037297040631247,1.4037297040631247,1.8695911581384266,0.7508217494250639,0.4658614540753019,physical,0.2500459556173775,0.06401255232199733,-0.18923403091148006,0.0
v_el,binomial,0.08215109581746256,0.01,0.6,0.023333333333333334,,1.4041031054987678,0.0003734014356430766,1.4037297040631247,1.4037297040631247,1.8695911581384266,0.7508217494250639,0.4658614540753019,physical,0.2500459556173775,0.0639645618110983,-0.18927962189683414,0.0
v_el,binomial,0.08215109581746256,0.01,0.6,0.025,,1.4041031054987678,0.0003734014356430766,1.4037297040631247,1.4037297040631247,1.8695911581384266,0.7508217494250639,0.4658614540753019,physical,0.2500459556173775,0.06391664321547606,-0.18932514456267527,0.0
v_el,binomial,0.08215109581746256,0.01,0.6,0.02666666666666667,,1.4041031054987678,0.0003734014356430766,1.4037297040631247,1.4037297040631247,1.8695911581384266,0.7508217494250639,0.4658614540753019,physical,0.2500459556173775,0.0638687963735741,-0.18937059906248213,0.0
v_el,binomial,0.08215109581746256,0.01,0.6,0.028333333333333335,,1.4041031054987678,0.0003734014356430766,1.4037297040631247,1.4037297040631247,1.8695911581384266,0.7508217494250639,0.4658614540753019,physical,0.2500459556173775,0.06382102112432035,-0.1894159855492732,0.0
v_el,binomial,0.08215109581746256,0.01,0.6,0.030000000000000002,,1.4041031054987678,0.0003734014356430766,1.4037297040631247,1.4037297040631247,1.8695911581384266,0.7508217494250639,0.4658614540753019,physical,0.2500459556173775,0.06377331730712361,-0.18946130417561008,0.0
v_el,binomial,0.08215109581746256,0.01,0.6,0.03166666666666667,,1.4041031054987678,0.0003734014356430766,1.4037297040631247,1.4037297040631247,1.8695911581384266,0.7508217494250639,0.4658614540753019,physical,0.2500459556173775,0.06372568476187282,-0.18950655509359834,0.0
v_el,binomial,0.08215109581746256,0.01,0.6,0.03333333333333333,,1.4041031054987678,0.0003734014356430766,1.4037297040631247,1.4037297040631247,1.8695911581384266,0.7508217494250639,0.4658614540753019,physical,0.2500459556173775,0.06367812332893598,-0.18955173845488835,0.0
v_el,binomial,0.08215109581746256,0.01,0.6,0.035,,1.4041031054987678,0.0003734014356430766,1.4037297040631247,1.4037297040631247,1.8695911581384266,0.7508217494250639,0.4658614540753019,physical,0.2500459556173775,0.06363063284915663,-0.18959685441067872,0.0
v_el,binomial,0.08215109581746256,0.01,0.6,0.03666666666666667,,1.4041031054987678,0.0003734014356430766,1.4037297040631247,1.4037297040631247,1.8695911581384266,0.7508217494250639,0.4658614540753019,physical,0.2500459556173775,0.06358321316385342,-0.18964190311171678,0.0
v_el,binomial,0.08215109581746256,0.01,0.6,0.03833333333333334,,1.4041031054987678,0.0003734014356430766,1.4037297040631247,1.4037297040631247,1.8695911581384266,0.7508217494250639,0.4658614540753019,physical,0.2500459556173775,0.06353586411481778,-0.18968688470830064,0.0
v_el,binomial,0.08215109581746256,0.01,0.6,0.04,,1.4041031054987678,0.0003734014356430766,1.4037297040631247,1.4037297040631247,1.8695911581384266,0.7508217494250639,0.4658614540753019,physical,0.2500459556173775,0.06348858554431198,-0.18973179935028114,0.0
v_el,binomial,0.08215109581746256,0.01,0.6,0.04166666666666667,,1.4041031054987678,0.0003734014356430766,1.4037297040631247,1.4037297040631247,1.8695911581384266,0.7508217494250639,0.4658614540753019,physical,0.2500459556173775,0.06344137729506806,-0.18977664718706289,0.0
v_el,binomial,0.08215109581746256,0.01,0.6,0.043333333333333335,,1.4041031054987678,0.0003734014356430766,1.4037297040631247,1.4037297040631247,1.8695911581384266,0.7508217494250639,0.4658614540753019,physical,0.2500459556173775,0.06339423921028606,-0.18982142836760577,0.0
v_el,binomial,0.08215109581746256,0.01,0.6,0.045000000000000005,,1.4041031054987678,0.0003734014356430766,1.4037297040631247,1.4037297040631247,1.8695911581384266,0.7508217494250639,0.4658614540753019,physical,0.2500459556173775,0.0633471711336309,-0.18986614304042818,0.0
v_el,binomial,0.08215109581746256,0.01,0.6,0.04666666666666667,,1.4041031054987678,0.0003734014356430766,1.4037297040631247,1.4037297040631247,1.8695911581384266,0.7508217494250639,0.4658614540753019,physical,0.2500459556173775,0.06330017290923222,-0.18991079135360692,0.0
v_el,binomial,0.08215109581746256,0.01,0.6,0.04833333333333334,,1.4041031054987678,0.0003734014356430766,1.4037297040631247,1.4037297040631247,1.8695911581384266,0.7508217494250639,0.4658614540753019,physical,0.2500459556173775,0.06325324438168264,-0.18995537345477903,0.0
v_el,binomial,0.08215109581746256,0.01,0.6,0.05,,1.4041031054987678,0.0003734014356430766,1.4037297040631247,1.4037297040631247,1.8695911581384266,0.7508217494250639,0.4658614540753019,physical,0.2500459556173775,0.06320638539603461,-0.18999988949114466,0.0
v_el,uniform,0.08215109581746256,0.01,0.6,0.0,,1.3938532026926502,0.006990705132630515,1.3868624975600197,1.3868624975600197,1.8695911605961606,0.7417998794548151,0.4827286630361409,physical,0.2432649601554584,0.0646430478593053,-0.18185406468911836,0.0
v_el,uniform,0.08215109581746256,0.01,0.6,0.0016666666666666668,,1.3938532026926502,0.006990705132630515,1.3868624975600197,1.3868624975600197,1.8695911605961606,0.7417998794548151,0.4827286630361409,physical,0.2432649601554584,0.06459410752464165,-0.18190055800704885,0.0
v_el,uniform,0.08215109581746256,0.01,0.6,0.0033333333333333335,,1.3938532026926502,0.006990705132630515,1.3868624975600197,1.3868624975600197,1.8695911605961606,0.7417998794548151,0.4827286630361409,physical,0.2432649601554584,0.06454524125033448,-0.18194698096764064,0.0
v_el,uniform,0.08215109581746256,0.01,0.6,0.005,,1.3938532026926502,0.006990705132630515,1.3868624975600197,1.3868624975600197,1.8695911605961606,0.7417998794548151,0.4827286630361409,physical,0.2432649601554584,0.06449644886837227,-0.18199333373050475,0.0
v_el,uniform,0.08215109581746256,0.01,0.6,0.006666666666666667,,1.3938532026926502,0.006990705132630515,1.3868624975600197,1.3868624975600197,1.8695911605961606,0.7417998794548151,0.4827286630361409,physical,0.2432649601554584,0.06444773021125086,-0.18203961645477007,0.0
v_el,uniform,0.08215109581746256,0.01,0.6,0.008333333333333333,,1.3938532026926502,0.006990705132630515,1.3868624975600197,1.3868624975600197,1.8695911605961606,0.7417998794548151,0.4827286630361409,physical,0.2432649601554584,0.06439908511197259,-0.18208582929908443,0.0
v_el,uniform,0.08215109581746256,0.01,0.6,0.01,,1.3938532026926502,0.006990705132630515,1.3868624975600197,1.3868624975600197,1.8695911605961606,0.7417998794548151,0.4827286630361409,physical,0.2432649601554584,0.06435051340404353,-0.18213197242161705,0.0
v_el,uniform,0.08215109581746256,0.01,0.6,0.011666666666666667,,1.3938532026926502,0.006990705132630515,1.3868624975600197,1.3868624975600197,1.8695911605961606,0.7417998794548151,0.4827286630361409,physical,0.2432649601554584,0.06430201492147208,-0.18217804598005993,0.0
v_el,uniform,0.08215109581746256,0.01,0.6,0.013333333333333334,,1.3938532026926502,0.006990705132630515,1.3868624975600197,1.3868624975600197,1.8695911605961606,0.7417998794548151,0.4827286630361409,physical,0.2432649601554584,0.06425358949876665,-0.18222405013163007,0.0
v_el,uniform,0.08215109581746256,0.01,0.6,0.015000000000000001,,1.3938532026926502,0.006990705132630515,1.3868624975600197,1.3868624975600197,1.8695911605961606,0.7417998794548151,0.4827286630361409,physical,0.2432649601554584,0.06420523697093439,-0.18226998503307074,0.0
v_el,uniform,0.08215109581746256,0.01,0.6,0.016666666666666666,,1.3938532026926502,0.006990705132630515,1.3868624975600197,1.3868624975600197,1.8695911605961606,0.7417998794548151,0.4827286630361409,physical,0.2432649601554584,0.06415695717347848,-0.18231585084065385,0.0
v_el,uniform,0.08215109581746256,0.01,0.6,0.018333333333333333,,1.3938532026926502,0.006990705132630515,1.3868624975600197,1.3868624975600197,1.8695911605961606,0.7417998794548151,0.4827286630361409,physical,0.2432649601554584,0.06410874994239783,-0.18236164771018046,0.0
v_el,uniform,0.08215109581746256,0.01,0.6,0.02,,1.3938532026926502,0.006990705132630515,1.3868624975600197,1.3868624975600197,1.8695911605961606,0.7417998794548151,0.4827286630361409,physical,0.2432649601554584,0.06406061511418283,-0.1824073757969847,0.0
v_el,uniform,0.08215109581746256,0.01,0.6,0.021666666666666667,,1.3938532026926502,0.006990705132630515,1.3868624975600197,1.3868624975600197,1.8695911605961606,0.7417998794548151,0.4827286630361409,physical,0.2432649601554584,0.0640125525258156,-0.1824530352559336,0.0
v_el,uniform,0.08215109581746256,0.01,0.6,0.023333333333333334,,1.3938532026926502,0.006990705132630515,1.3868624975600197,1.3868624975600197,1.8695911605961606,0.7417998794548151,0.4827286630361409,physical,0.2432649601554584,0.06396456201476707,-0.1824986262414297,0.0
v_el,uniform,0.08215109581746256,0.01,0.6,0.025,,1.3938532026926502,0.006990705132630515,1.3868624975600197,1.3868624975600197,1.8695911605961606,0.7417998794548151,0.4827286630361409,physical,0.2432649601554584,0.0639166434189956,-0.18254414890741258,0.0
v_el,uniform,0.08215109581746256,0.01,0.6,0.02666666666666667,,1.3938532026926502,0.006990705132630515,1.3868624975600197,1.3868624975600197,1.8695911605961606,0.7417998794548151,0.4827286630361409,physical,0.2432649601554584,0.0638687965769447,-0.18258960340736094,0.0
v_el,uniform,0.08215109581746256,0.01,0.6,0.028333333333333335,,1.3938532026926502,0.006990705132630515,1.3868624975600197,1.3868624975600197,1.8695911605961606,0.7417998794548151,0.4827286630361409,physical,0.2432649601554584,0.06382102132754199,-0.18263498989429353,0.0
v_el,uniform,0.08215109581746256,0.01,0.6,0.030000000000000002,,1.3938532026926502,0.006990705132630515,1.3868624975600197,1.3868624975600197,1.8695911605961606,0.7417998794548151,0.4827286630361409,physical,0.2432649601554584,0.06377331751019659,-0.18268030852077163,0.0
v_el,uniform,0.08215109581746256,0.01,0.6,0.03166666666666667,,1.3938532026926502,0.006990705132630515,1.3868624975600197,1.3868624975600197,1.8695911605961606,0.7417998794548151,0.4827286630361409,physical,0.2432649601554584,0.06372568496479772,-0.18272555943890056,0.0
v_el,uniform,0.08215109581746256,0.01,0.6,0.03333333333333333,,1.3938532026926502,0.006990705132630515,1.3868624975600197,1.3868624975600197,1.8695911605961606,0.7417998794548151,0.4827286630361409,physical,0.2432649601554584,0.06367812353171277,-0.18277074280033126,0.0
v_el,uniform,0.08215109581746256,0.01,0.6,0.035,,1.3938532026926502,0.006990705132630515,1.3868624975600197,1.3868624975600197,1.8695911605961606,0.7417998794548151,0.4827286630361409,physical,0.2432649601554584,0.06363063305178561,-0.18281585875626208,0.0
v_el,uniform,0.08215109581746256,0.01,0.6,0.03666666666666667,,1.3938532026926502,0.006990705132630515,1.3868624975600197,1.3868624975600197,1.8695911605961606,0.7417998794548151,0.4827286630361409,physical,0.2432649601554584,0.06358321336633456,-0.18286090745744057,0.0
v_el,uniform,0.08215109581746256,0.01,0.6,0.03833333333333334,,1.3938532026926502,0.006990705132630515,1.3868624975600197,1.3868624975600197,1.8695911605961606,0.7417998794548151,0.4827286630361409,physical,0.2432649601554584,0.06353586431715108,-0.18290588905416488,0.0
v_el,uniform,0.08215109581746256,0.01,0.6,0.04,,1.3938532026926502,0.006990705132630515,1.3868624975600197,1.3868624975600197,1.8695911605961606,0.7417998794548151,0.4827286630361409,physical,0.2432649601554584,0.06348858574649803,-0.18295080369628527,0.0
v_el,uniform,0.08215109581746256,0.01,0.6,0.04166666666666667,,1.3938532026926502,0.006990705132630515,1.3868624975600197,1.3868624975600197,1.8695911605961606,0.7417998794548151,0.4827286630361409,physical,0.2432649601554584,0.06344137749710745,-0.18299565153320632,0.0
v_el,uniform,0.08215109581746256,0.01,0.6,0.043333333333333335,,1.3938532026926502,0.006990705132630515,1.3868624975600197,1.3868624975600197,1.8695911605961606,0.7417998794548151,0.4827286630361409,physical,0.2432649601554584,0.06339423941217845,-0.18304043271388887,0.0
v_el,uniform,0.08215109581746256,0.01,0.6,0.045000000000000005,,1.3938532026926502,0.006990705132630515,1.3868624975600197,1.3868624975600197,1.8695911605961606,0.7417998794548151,0.4827286630361409,physical,0.2432649601554584,0.06334717133537658,-0.18308514738685067,0.0
v_el,uniform,0.08215109581746256,0.01,0.6,0.04666666666666667,,1.3938532026926502,0.006990705132630515,1.3868624975600197,1.3868624975600197,1.8695911605961606,0.7417998794548151,0.4827286630361409,physical,0.2432649601554584,0.06330017311083148,-0.1831297957001685,0.0
v_el,uniform,0.08215109581746256,0.01,0.6,0.04833333333333334,,1.3938532026926502,0.006990705132630515,1.3868624975600197,1.3868624975600197,1.8695911605961606,0.7417998794548151,0.4827286630361409,physical,0.2432649601554584,0.06325324458313579,-0.1831743778014794,0.0
v_el,uniform,0.08215109581746256,0.01,0.6,0.05,,1.3938532026926502,0.006990705132630515,1.3868624975600197,1.3868624975600197,1.8695911605961606,0.7417998794548151,0.4827286630361409,physical,0.2432649601554584,0.06320638559734161,-0.18321889383798387,0.0
v_el,mb,0.08215109581746256,0.01,0.6,0.0,0.13897435897435897,1.3561790233389939,6.983861622414017e-05,1.3561091847227698,1.3561091847227698,1.8385527156214732,0.7375960303995818,0.4824435308987034,physical,0.23379486437165964,0.06205116063881136,-0.17484626176478885,0.0
v_el,mb,0.08215109581746256,0.01,0.6,0.0016666666666666668,0.13897435897435897,1.3561790233389939,6.983861622414017e-05,1.3561091847227698,1.3561091847227698,1.8385527156214732,0.7375960303995818,0.4824435308987034,physical,0.23379486437165964,0.06200414070719348,-0.17489093069982584,0.0
v_el,mb,0.08215109581746256,0.01,0.6,0.0033333333333333335,0.13897435897435897,1.3561790233389939,6.983861622414017e-05,1.3561091847227698,1.3561091847227698,1.8385527156214732,0.7375960303995818,0.4824435308987034,physical,0.23379486437165964,0.06195719199227583,-0.1749355319789976,0.0
v_el,mb,0.08215109581746256,0.01,0.6,0.005,0.13897435897435897,1.3561790233389939,6.983861622414017e-05,1.3561091847227698,1.3561091847227698,1.8385527156214732,0.7375960303995818,0.4824435308987034,physical,0.23379486437165964,0.06191031433235824,-0.17498006575591932,0.0
v_el,mb,0.08215109581746256,0.01,0.6,0.006666666666666667,0.13897435897435897,1.3561790233389939,6.983861622414017e-05,1.3561091847227698,1.3561091847227698,1.8385527156214732,0.7375960303995818,0.4824435308987034,physical,0.23379486437165964,0.06186350756622903,-0.17502453218374206,0.0
v_el,mb,0.08215109581746256,0.01,0.6,0.008333333333333333,0.13897435897435897,1.3561790233389939,6.983861622414017e-05,1.3561091847227698,1.3561091847227698,1.8385527156214732,0.7375960303995818,0.4824435308987034,physical,0.23379486437165964,0.06181677153316521,-0.17506893141515267,0.0
v_el,mb,0.08215109581746256,0.01,0.6,0.01,0.13897435897435897,1.3561790233389939,6.983861622414017e-05,1.3561091847227698,1.3561091847227698,1.8385527156214732,0.7375960303995818,0.4824435308987034,physical,0.23379486437165964,0.06177010607292864,-0.17511326360237744,0.0
v_el,mb,0.08215109581746256,0.01,0.6,0.011666666666666667,0.13897435897435897,1.3561790233389939,6.983861622414017e-05,1.3561091847227698,1.3561091847227698,1.8385527156214732,0.7375960303995818,0.4824435308987034,physical,0.23379486437165964,0.061723511025764316,-0.17515752889718356,0.0
v_el,mb,0.08215109581746256,0.01,0.6,0.013333333333333334,0.13897435897435897,1.3561790233389939,6.983861622414017e-05,1.3561091847227698,1.3561091847227698,1.8385527156214732,0.7375960303995818,0.4824435308987034,physical,0.23379486437165964,0.061676986232400276,-0.17520172745087936,0.0
v_el,mb,0.08215109581746256,0.01,0.6,0.015000000000000001,0.13897435897435897,1.3561790233389939,6.983861622414017e-05,1.3561091847227698,1.3561091847227698,1.8385527156214732,0.7375960303995818,0.4824435308987034,physical,0.23379486437165964,0.06163053153404373,-0.17524585941431808,0.0
v_el,mb,0.08215109581746256,0.01,0.6,0.016666666666666666,0.13897435897435897,1.3561790233389939,6.983861622414017e-05,1.3561091847227698,1.3561091847227698,1.8385527156214732,0.7375960303995818,0.4824435308987034,physical,0.23379486437165964,0.06158414677238062,-0.17528992493789805,0.0
v_el,mb,0.08215109581746256,0.01,0.6,0.018333333333333333,0.13897435897435897,1.3561790233389939,6.983861622414017e-05,1.3561091847227698,1.3561091847227698,1.8385527156214732,0.7375960303995818,0.4824435308987034,physical,0.23379486437165964,0.061537831789573005,-0.1753339241715653,0.0
v_el,mb,0.08215109581746256,0.01,0.6,0.02,0.13897435897435897,1.3561790233389939,6.983861622414017e-05,1.3561091847227698,1.3561091847227698,1.8385527156214732,0.7375960303995818,0.4824435308987034,physical,0.23379486437165964,0.06149158642825832,-0.17537785726481425,0.0
v_el,mb,0.08215109581746256,0.01,0.6,0.021666666666666667,0.13897435897435897,1.3561790233389939,6.983861622414017e-05,1.3561091847227698,1.3561091847227698,1.8385527156214732,0.7375960303995818,0.4824435308987034,physical,0.23379486437165964,0.06144541053154582,-0.17542172436669112,0.0
v_el,mb,0.08215109581746256,0.01,0.6,0.023333333333333334,0.13897435897435897,1.3561790233389939,6.983861622414017e-05,1.3561091847227698,1.3561091847227698,1.8385527156214732,0.7375960303995818,0.4824435308987034,physical,0.23379486437165964,0.061399303943016736,-0.17546552562579373,0.0
v_el,mb,0.08215109581746256,0.01,0.6,0.025,0.13897435897435897,1.3561790233389939,6.983861622414017e-05,1.3561091847227698,1.3561091847227698,1.8385527156214732,0.7375960303995818,0.4824435308987034,physical,0.23379486437165964,0.06135326650672138,-0.17550926119027432,0.0
v_el,mb,0.08215109581746256,0.01,0.6,0.02666666666666667,0.13897435897435897,1.3561790233389939,6.983861622414017e-05,1.3561091847227698,1.3561091847227698,1.8385527156214732,0.7375960303995818,0.4824435308987034,physical,0.23379486437165964,0.061307298067177746,-0.17555293120784077,0.0
v_el,mb,0.08215109581746256,0.01,0.6,0.028333333333333335,0.13897435897435897,1.3561790233389939,6.983861622414017e-05,1.3561091847227698,1.3561091847227698,1.8385527156214732,0.7375960303995818,0.4824435308987034,physical,0.23379486437165964,0.06126139846936921,-0.1755965358257589,0.0
v_el,mb,0.08215109581746256,0.01,0.6,0.030000000000000002,0.13897435897435897,1.3561790233389939,6.983861622414017e-05,1.3561091847227698,1.3561091847227698,1.8385527156214732,0.7375960303995818,0.4824435308987034,physical,0.23379486437165964,0.06121556755874346,-0.17564007519085334,0.0
v_el,mb,0.08215109581746256,0.01,0.6,0.03166666666666667,0.13897435897435897,1.3561790233389939,6.983861622414017e-05,1.3561091847227698,1.3561091847227698,1.8385527156214732,0.7375960303995818,0.4824435308987034,physical,0.23379486437165964,0.06116980518121141,-0.1756835494495088,0.0
v_el,mb,0.08215109581746256,0.01,0.6,0.03333333333333333,0.13897435897435897,1.3561790233389939,6.983861622414017e-05,1.3561091847227698,1.3561091847227698,1.8385527156214732,0.7375960303995818,0.4824435308987034,physical,0.23379486437165964,0.061124111183143044,-0.17572695874767374,0.0
v_el,mb,0.08215109581746256,0.01,0.6,0.035,0.13897435897435897,1.3561790233389939,6.983861622414017e-05,1.3561091847227698,1.3561091847227698,1.8385527156214732,0.7375960303995818,0.4824435308987034,physical,0.23379486437165964,0.06107848541136851,-0.17577030323085957,0.0
v_el,mb,0.08215109581746256,0.01,0.6,0.03666666666666667,0.13897435897435897,1.3561790233389939,6.983861622414017e-05,1.3561091847227698,1.3561091847227698,1.8385527156214732,0.7375960303995818,0.4824435308987034,physical,0.23379486437165964,0.06103292771317456,-0.1758135830441438,0.0
v_el,mb,0.08215109581746256,0.01,0.6,0.03833333333333334,0.13897435897435897,1.3561790233389939,6.983861622414017e-05,1.3561091847227698,1.3561091847227698,1.8385527156214732,0.7375960303995818,0.4824435308987034,physical,0.23379486437165964,0.060987437936303485,-0.17585679833217133,0.0
v_el,mb,0.08215109581746256,0.01,0.6,0.04,0.13897435897435897,1.3561790233389939,6.983861622414017e-05,1.3561091847227698,1.3561091847227698,1.8385527156214732,0.7375960303995818,0.4824435308987034,physical,0.23379486437165964,0.06094201592895202,-0.17589994923915522,0.0
v_el,mb,0.08215109581746256,0.01,0.6,0.04166666666666667,0.13897435897435897,1.3561790233389939,6.983861622414017e-05,1.3561091847227698,1.3561091847227698,1.8385527156214732,0.7375960303995818,0.4824435308987034,physical,0.23379486437165964,0.06089666153976752,-0.1759430359088805,0.0
v_el,mb,0.08215109581746256,0.01,0.6,0.043333333333333335,0.13897435897435897,1.3561790233389939,6.983861622414017e-05,1.3561091847227698,1.3561091847227698,1.8385527156214732,0.7375960303995818,0.4824435308987034,physical,0.23379486437165964,0.060851374617849605,-0.1759860584847025,0.0
v_el,mb,0.08215109581746256,0.01,0.6,0.045000000000000005,0.13897435897435897,1.3561790233389939,6.983861622414017e-05,1.3561091847227698,1.3561091847227698,1.8385527156214732,0.7375960303995818,0.4824435308987034,physical,0.23379486437165964,0.06080615501274511,-0.1760290171095518,0.0
v_el,mb,0.08215109581746256,0.01,0.6,0.04666666666666667,0.13897435897435897,1.3561790233389939,6.983861622414017e-05,1.3561091847227698,1.3561091847227698,1.8385527156214732,0.7375960303995818,0.4824435308987034,physical,0.23379486437165964,0.060761002574448844,-0.17607191192593324,0.0
v_el,mb,0.08215109581746256,0.01,0.6,0.04833333333333334,0.13897435897435897,1.3561790233389939,6.983861622414017e-05,1.3561091847227698,1.3561091847227698,1.8385527156214732,0.7375960303995818,0.4824435308987034,physical,0.23379486437165964,0.060715917153400654,-0.176114743075929,0.0
v_el,mb,0.08215109581746256,0.01,0.6,0.05,0.13897435897435897,1.3561790233389939,6.983861622414017e-05,1.3561091847227698,1.3561091847227698,1.8385527156214732,0.7375960303995818,0.4824435308987034,physical,0.23379486437165964,0.06067089860048433,-0.17615751070119953,0.0
nu_tilde,mb,0.08215109581746256,0.01,0.6,0.01,0.02,4.870470073594221,0.0037639213230510667,4.86670615227117,3.8684757955977007,3.8684757994661765,1.2580422896642502,-0.9982303528049932,clipped,1.1347698489625175,0.24228380021664792,-0.904600238756702,0.0
nu_tilde,mb,0.08215109581746256,0.01,0.6,0.01,0.039999999999999994,3.553364719739758,0.0021589569229628746,3.5512057628167955,3.144070673973234,3.1440706771173046,1.1294929813959462,-0.40713508569949086,clipped,0.9737585865538121,0.1769326733508308,-0.8056725468705228,0.0
nu_tilde,mb,0.08215109581746256,0.01,0.6,0.01,0.06,2.6999851053871704,0.001159993382915226,2.698825112004255,2.6578704719378274,2.657870474595698,1.015408816118019,-0.040954637408557204,clipped,0.8376917638837797,0.13308327015543572,-0.7112626572361158,0.0
nu_tilde,mb,0.08215109581746256,0.01,0.6,0.01,0.07999999999999999,2.150527486522358,0.0005952547689787216,2.149932231753379,2.149932231753379,2.3333737682562545,0.9213835610057609,0.18344153650287565,physical,0.5655277003907158,0.10422588170366694,-0.4665131127722322,0.0
nu_tilde,mb,0.08215109581746256,0.01,0.6,0.01,0.09999999999999999,1.7857086791840553,0.0002951987566132111,1.7854134804274422,1.7854134804274422,2.1107400503262954,0.8458708499663132,0.3253265698988532,physical,0.3968678289076708,0.08481685552668855,-0.3162918161573167,0.0
nu_tilde,mb,0.08215109581746256,0.01,0.6,0.01,0.11999999999999998,1.5322819820825009,0.0001424505078188974,1.532139531574682,1.532139531574682,1.9516676591899702,0.7850412053303116,0.41952812761528824,physical,0.2961926696404409,0.07123776634567588,-0.2285167916120488,0.0
nu_tilde,mb,0.08215109581746256,0.01,0.6,0.01,0.13999999999999999,1.3479722210413323,6.716204885834442e-05,1.347905058992474,1.347905058992474,1.8332242151488078,0.7352647034956719,0.4853191561563339,physical,0.23103756460010416,0.06132852431422439,-0.17277546650159098,0.0
nu_tilde,mb,0.08215109581746256,0.01,0.6,0.01,0.15999999999999998,1.2083959116916991,3.102185276146985e-05,1.2083648898389376,1.2083648898389376,1.7417640268645413,0.6937592413216795,0.5333991370256037,physical,0.18622000550243278,0.05381737849818111,-0.13509349592916073,0.0
nu_tilde,mb,0.08215109581746256,0.01,0.6,0.01,0.17999999999999997,1.0990829786611591,1.4077000502841825e-05,1.0990689016606563,1.0990689016606563,1.668973920827454,0.6585297037569965,0.5699050191667978,physical,0.15390973257958884,0.04793934591631297,-0.10836735395909153,0.0
nu_tilde,mb,0.08215109581746256,0.01,0.6,0.01,0.19999999999999996,1.011094615804478,6.344185612650167e-06,1.0110882716188654,1.0110882716188654,1.609601803007645,0.6281604989069853,0.5985135313887797,physical,0.12974388754195476,0.04321733914401897,-0.08868741535513675,0.0
nu_tilde,mb,0.08215109581746256,0.01,0.6,0.01,0.21999999999999995,0.938671128337816,3.0711335029385145e-06,0.938668057204313,0.938668057204313,1.5601960887157553,0.6016346688684235,0.6215280315114423,physical,0.1111314668218486,0.03934177060817065,-0.07375678474408648,0.0
nu_tilde,mb,0.08215109581746256,0.01,0.6,0.01,0.23999999999999996,0.8779520190371201,2.2702810836094573e-06,0.8779497487560365,0.8779497487560365,1.5184020313704945,0.5782063844867277,0.640452282614458,physical,0.09645005819632546,0.03610401157731801,-0.06215124719787335,0.0
nu_tilde,mb,0.08215109581746256,0.01,0.6,0.01,0.25999999999999995,0.8262577795031244,2.719061528465312e-06,0.8262550604415959,0.8262550604415959,1.4825587475923523,0.5573169102293037,0.6563036871507564,physical,0.08463823390006153,0.033358645510300225,-0.05294752066527632,0.0
nu_tilde,mb,0.08215109581746256,0.01,0.6,0.01,0.27999999999999997,0.7816715295101412,3.6100105591568472e-06,0.781667919499582,0.781667919499582,1.4514604415131536,0.5385389068438475,0.6697925220135715,physical,0.07497562508050248,0.031001300095160476,-0.04552438999010003,0.0
nu_tilde,mb,0.08215109581746256,0.01,0.6,0.01,0.3,0.7427858399500986,4.8062394111752255e-06,0.7427810337106875,0.7427810337106875,1.4242097193872543,0.5215390848689464,0.6814286856765668,physical,0.06695793573089404,0.028955144718882154,-0.03945054824795599,0.0
nu_tilde,mb,0.08215109581746256,0.01,0.6,0.01,0.31999999999999995,0.7085439054397294,6.292701513712432e-06,0.7085376127382157,0.7085376127382157,1.4001242990139608,0.5060533648599658,0.6915866862757452,physical,0.06022280595641272,0.02716237451884328,-0.0344185501635116,0.0
nu_tilde,mb,0.08215109581746256,0.01,0.6,0.01,0.33999999999999997,0.678136603504403,8.130664618013778e-06,0.678128472839785,0.678128472839785,1.3786757682987751,0.49186943618844153,0.7005472954589902,physical,0.05450392716660479,0.02557866612827335,-0.03020419434474511,0.0
nu_tilde,mb,0.08215109581746256,0.01,0.6,0.01,0.36,0.6509338113453451,1.0350903071663652e-05,0.6509234604422734,0.6509234604422734,1.359448229597594,0.4788144530041804,0.7085247691553206,physical,0.04960172289686704,0.02416946433327391,-0.026640731780256825,0.0
nu_tilde,mb,0.08215109581746256,0.01,0.6,0.01,0.37999999999999995,0.6264373882718843,1.3013534875650123e-05,0.6264243747370086,0.6264243747370086,1.3421096648508866,0.4667460425498141,0.7156852901138779,physical,0.04536402817948071,0.022907431734736843,-0.023601968031480708,0.0
nu_tilde,mb,0.08215109581746256,0.01,0.6,0.01,0.39999999999999997,0.6042482499166195,1.6170900593144496e-05,0.6042320790160264,0.6042320790160264,1.3263916647997676,0.4555457449344281,0.7221595857837412,physical,0.04167305416742417,0.021770657728373086,-0.020990929325469743,0.0
nu_tilde,mb,0.08215109581746256,0.01,0.6,0.01,0.41999999999999993,0.5840428405150248,1.987747389416693e-05,0.5840229630411305,0.5840229630411305,1.3120747944708282,0.4451140784826008,0.7280518314296976,physical,0.038436377958540824,0.02074137557138043,-0.01873207116572942,0.0
nu_tilde,mb,0.08215109581746256,0.01,0.6,0.01,0.43999999999999995,0.5655560148408387,2.418926548610347e-05,0.5655318255753526,0.5655318255753526,1.2989778410433876,0.4353667997300834,0.733446015468035,physical,0.0355805936048732,0.01980502698595964,-0.016765817968211544,0.0
nu_tilde,mb,0.08215109581746256,0.01,0.6,0.01,0.45999999999999996,0.5485683803261605,2.9161062346414907e-05,0.5485392192638141,0.5485392192638141,1.2869497891072745,0.4262320285582566,0.7384105698434604,physical,0.03304675670165924,0.01894956922027766,-0.015044665942395466,0.0
nu_tilde,mb,0.08215109581746256,0.01,0.6,0.01,0.4799999999999999,0.5328967994929757,3.4854953568112874e-05,0.5328619445394076,0.5328619445394076,1.275863746141484,0.41764800210908815,0.7430018016020763,physical,0.03078706132836473,0.018164954295500642,-0.013530354747639119,0.0
nu_tilde,mb,0.08215109581746256,0.01,0.6,0.01,0.49999999999999994,0.5183871686429622,4.132680320605046e-05,0.5183458418397562,0.5183458418397562,1.2656122849930749,0.4095613229944212,0.7472664431533187,physical,0.028762383448750706,0.01744273252080985,-0.01219178755398135,0.0
nu_tilde,mb,0.08215109581746256,0.01,0.6,0.01,0.5199999999999999,0.5049088606556444,4.8633196714455516e-05,0.50486022745893,0.50486022745893,1.2561038309919899,0.4019255534474598,0.7512436035330599,physical,0.02694043692551651,0.01677574701764739,-0.011003477258751487,0.0
nu_tilde,mb,0.08215109581746256,0.01,0.6,0.01,0.5399999999999999,0.49235040101573746,5.683431944677758e-05,0.4922935666962907,0.4922935666962907,1.2472598294477035,0.394700089807496,0.7549662627514129,physical,0.025294374391662267,0.01615789579326624,-0.00994437338805934,0.0
nu_tilde,mb,0.08215109581746256,0.01,0.6,0.01,0.5599999999999999,0.4806160691912886,6.598510554163061e-05,0.48055008408574695,0.48055008408574695,1.2390125032095596,0.3878492612793831,0.7584624191238126,physical,0.023801714559294362,0.015583944568644356,-0.008996967219082224,0.0
nu_tilde,mb,0.08215109581746256,0.01,0.6,0.01,0.58,0.4696232023090915,7.614330514563742e-05,0.46954705900394583,0.46954705900394583,1.231303061350623,0.3813415833538959,0.7617560023466772,physical,0.02244350905146919,0.015049378172368972,-0.008146599787718667,0.0
nu_tilde,mb,0.08215109581746256,0.01,0.6,0.01,0.6,0.4593000374514769,8.736245402136027e-05,0.45921267499745555,0.45921267499745555,1.2240802562668787,0.3751491559858443,0.7648675812694231,physical,0.02120369152436452,0.014550281543227583,-0.007380924058298318,0.0
