sweep,parameter_value,comparison,first,second,mean_delta_K_raw,ci95_low_delta_K_raw,ci95_high_delta_K_raw,mean_beta_delta_I_AB,mean_negative_delta_chi_BE
aperture,0.1,PS-Uniform,PS,Uniform QAM,0.00503355062845918,0.004640448748324112,0.005426652508594248,-5.059141659026559e-06,0.00503860977011822
aperture,0.11,PS-Uniform,PS,Uniform QAM,0.00614426971039206,0.005922632561629544,0.006365906859154577,-3.393435365414512e-05,0.00617820406404618
aperture,0.12,PS-Uniform,PS,Uniform QAM,0.007028918429509682,0.006518923252223874,0.007538913606795489,-1.5815974690297775e-05,0.007044734404200002
aperture,0.13,PS-Uniform,PS,Uniform QAM,0.00817133249360974,0.007925790410036937,0.008416874577182543,-3.219067235653787e-05,0.008203523165966242
aperture,0.14,PS-Uniform,PS,Uniform QAM,0.008959018643586619,0.00859280943886392,0.009325227848309317,1.987528604482855e-06,0.00895703111498208
aperture,0.15,PS-Uniform,PS,Uniform QAM,0.01002386660302384,0.009596582349803325,0.010451150856244356,1.368335232768622e-06,0.010022498267791119
aperture,0.16,PS-Uniform,PS,Uniform QAM,0.01046279873402524,0.009856145788572534,0.011069451679477947,-3.5848623087042295e-05,0.010498647357112282
aperture,0.1699999999999999,PS-Uniform,PS,Uniform QAM,0.011935650478738721,0.011598524922174568,0.012272776035302874,4.476223682105956e-06,0.011931174255056642
aperture,0.18,PS-Uniform,PS,Uniform QAM,0.01282035936445296,0.01224201562604047,0.013398703102865452,3.171637201457356e-05,0.01278864299243838
aperture,0.19,PS-Uniform,PS,Uniform QAM,0.01395522172192174,0.013355193331821016,0.014555250112022463,4.87914017540704e-05,0.01390643032016764
aperture,0.1999999999999999,PS-Uniform,PS,Uniform QAM,0.014830809484597801,0.014103359907980223,0.01555825906121538,2.68349546879168e-05,0.014803974529909905
aperture,0.21,PS-Uniform,PS,Uniform QAM,0.015859837239447682,0.0151859317882902,0.016533742690605164,-1.1041821313684946e-05,0.015870879060761376
aperture,0.2199999999999999,PS-Uniform,PS,Uniform QAM,0.0164130023102187,0.01593249984747519,0.016893504772962212,2.3595804265513773e-05,0.01638940650595318
aperture,0.2299999999999999,PS-Uniform,PS,Uniform QAM,0.01701809428158704,0.016585669874123188,0.01745051868905089,6.433786257047561e-05,0.016953756419016565
aperture,0.24,PS-Uniform,PS,Uniform QAM,0.018191672132671078,0.017724155750426518,0.018659188514915638,-6.428610833658782e-05,0.018255958241007637
aperture,0.2499999999999999,PS-Uniform,PS,Uniform QAM,0.0188661098589634,0.01831084880635589,0.01942137091157091,7.249621206641854e-05,0.01879361364689692
aperture,0.26,PS-Uniform,PS,Uniform QAM,0.01966158615148902,0.01933488623498387,0.01998828606799417,4.529473096368905e-05,0.019616291420525338
aperture,0.27,PS-Uniform,PS,Uniform QAM,0.020015571689196397,0.01973204496828213,0.020299098410110666,5.289503342912921e-05,0.019962676655767297
aperture,0.2799999999999999,PS-Uniform,PS,Uniform QAM,0.02091096724716836,0.02027452340148444,0.021547411092852284,7.126107127677639e-06,0.0209038411400407
aperture,0.29,PS-Uniform,PS,Uniform QAM,0.021272492724628257,0.02079665893565132,0.021748326513605195,-2.3777444122467792e-05,0.021296270168750762
aperture,0.3,PS-Uniform,PS,Uniform QAM,0.02151155314155808,0.021168216911811054,0.021854889371305107,-3.680052506471798e-05,0.021548353666622784
aperture,0.1,GS-Uniform,GS,Uniform QAM,0.0003755006547820399,0.00034857983368449016,0.00040242147587958967,3.846179956849826e-09,0.00037549680860211946
aperture,0.11,GS-Uniform,GS,Uniform QAM,0.00045895102853437997,0.000444525710542704,0.0004733763465260559,1.9826985563353713e-08,0.0004589312015488213
aperture,0.12,GS-Uniform,GS,Uniform QAM,0.0005220911710039602,0.00048494965259838606,0.0005592326894095342,2.025720907967987e-08,0.0005220709137949003
aperture,0.13,GS-Uniform,GS,Uniform QAM,0.00060651825018894,0.0005919311930305223,0.0006211053073473577,4.191066635565732e-08,0.0006064763395225616
aperture,0.14,GS-Uniform,GS,Uniform QAM,0.0006613763390202601,0.0006411640745707854,0.0006815886034697348,5.074369934236766e-08,0.0006613255953208594
aperture,0.15,GS-Uniform,GS,Uniform QAM,0.00073830321051608,0.0007091764693862782,0.0007674299516458818,8.747751651994039e-08,0.0007382157329995614
aperture,0.16,GS-Uniform,GS,Uniform QAM,0.0007725634224859801,0.0007291235592290833,0.0008160032857428769,1.168567284900307e-07,0.0007724465657574814
aperture,0.1699999999999999,GS-Uniform,GS,Uniform QAM,0.0008760691072180995,0.0008554476524819035,0.0008966905619542954,1.3353404812427305e-07,0.0008759355731699586
aperture,0.18,GS-Uniform,GS,Uniform QAM,0.0009378527531735403,0.0008955131406173693,0.0009801923657297112,1.3859793004306066e-07,0.0009377141552435186
aperture,0.19,GS-Uniform,GS,Uniform QAM,0.00101840179040768,0.0009756970109881929,0.001061106569827167,1.8503498203412127e-07,0.001018216755425619
aperture,0.1999999999999999,GS-Uniform,GS,Uniform QAM,0.00108298613181772,0.001028081446463261,0.0011378908171721788,2.2842542934192743e-07,0.001082757706388382
aperture,0.21,GS-Uniform,GS,Uniform QAM,0.0011594726810300801,0.001115846301634623,0.0012030990604255372,2.584770660706004e-07,0.0011592142039639542
aperture,0.2199999999999999,GS-Uniform,GS,Uniform QAM,0.0011964247057906004,0.0011615861777384312,0.0012312632338427696,2.718305268666065e-07,0.0011961528752637202
aperture,0.2299999999999999,GS-Uniform,GS,Uniform QAM,0.0012371505803873604,0.001208442997463562,0.0012658581633111588,3.264815664795473e-07,0.0012368240988209268
aperture,0.24,GS-Uniform,GS,Uniform QAM,0.0013302418056516004,0.001293502291772125,0.0013669813195310756,3.911699722207451e-07,0.001329850635679361
aperture,0.2499999999999999,GS-Uniform,GS,Uniform QAM,0.0013689034220292606,0.00133207912624106,0.0014057277178174611,3.781944053916908e-07,0.0013685252276238208
aperture,0.26,GS-Uniform,GS,Uniform QAM,0.0014274631494552597,0.001396270238289036,0.0014586560606214833,4.708771275853396e-07,0.0014269922723276567
aperture,0.27,GS-Uniform,GS,Uniform QAM,0.0014524264978123807,0.0014290835632719677,0.0014757694323527936,5.305834600261016e-07,0.0014518959143523802
aperture,0.2799999999999999,GS-Uniform,GS,Uniform QAM,0.0015193706784849194,0.0014765819529490368,0.001562159404020802,5.41893220327716e-07,0.0015188287852645783
aperture,0.29,GS-Uniform,GS,Uniform QAM,0.0015475620709486202,0.0015142972435457486,0.0015808268983514917,5.3509885309444e-07,0.0015470269720955026
aperture,0.3,GS-Uniform,GS,Uniform QAM,0.0015655159029781007,0.0015338225252912693,0.001597209280664932,5.729379270563717e-07,0.0015649429650510193
aperture,0.1,PS+GS-Uniform,PS+GS,Uniform QAM,0.0050455696655543805,0.004651572615445141,0.00543956671566362,-5.060224008086693e-06,0.005050629889562459
aperture,0.11,PS+GS-Uniform,PS+GS,Uniform QAM,0.00615910599047066,0.005936997301614612,0.006381214679326708,-3.393221564695771e-05,0.0061930382061176
aperture,0.12,PS+GS-Uniform,PS+GS,Uniform QAM,0.007045914741980981,0.006534683694457852,0.007557145789504111,-1.581278324150559e-05,0.00706172752522248
aperture,0.13,PS+GS-Uniform,PS+GS,Uniform QAM,0.00819122225221596,0.007945179513013764,0.008437264991418156,-3.218302787415563e-05,0.008223405280090102
aperture,0.14,PS+GS-Uniform,PS+GS,Uniform QAM,0.008980778705177139,0.00861388307909202,0.009347674331262257,1.984592182452116e-06,0.00897879411299468
aperture,0.15,PS+GS-Uniform,PS+GS,Uniform QAM,0.01004833484957316,0.009620049543219501,0.01047662015592682,1.3716341507112594e-06,0.010046963215422441
aperture,0.16,PS+GS-Uniform,PS+GS,Uniform QAM,0.01048849993157212,0.009880334086893271,0.011096665776250968,-3.582815403010857e-05,0.010524328085602181
aperture,0.1699999999999999,PS+GS-Uniform,PS+GS,Uniform QAM,0.011964964320299401,0.01162714857749274,0.012302780063106063,4.483572552019672e-06,0.011960480747747361
aperture,0.18,PS+GS-Uniform,PS+GS,Uniform QAM,0.01285183786672398,0.012271999692526023,0.013431676040921938,3.170749292830482e-05,0.01282013037379572
aperture,0.19,PS+GS-Uniform,PS+GS,Uniform QAM,0.01398954796339302,0.01338800135540325,0.014591094571382789,4.878541128326197e-05,0.013940762552109718
aperture,0.1999999999999999,PS+GS-Uniform,PS+GS,Uniform QAM,0.014867431764378441,0.014138068271022874,0.015596795257734008,2.6834252418217602e-05,0.014840597511960246
aperture,0.21,PS+GS-Uniform,PS+GS,Uniform QAM,0.015899204345595642,0.015223799101971856,0.016574609589219427,-1.1037278769253227e-05,0.015910241624364854
aperture,0.2199999999999999,PS+GS-Uniform,PS+GS,Uniform QAM,0.01645369667931862,0.015971950261236895,0.016935443097400343,2.3582193940188123e-05,0.016430114485378462
aperture,0.2299999999999999,PS+GS-Uniform,PS+GS,Uniform QAM,0.01706025309560984,0.016626815990733894,0.017493690200485787,6.435409137105773e-05,0.016995899004238806
aperture,0.24,PS+GS-Uniform,PS+GS,Uniform QAM,0.018237178000117822,0.017768411448228355,0.01870594455200729,-6.428513163020524e-05,0.018301463131748
aperture,0.2499999999999999,PS+GS-Uniform,PS+GS,Uniform QAM,0.01891298338843324,0.018356418558957484,0.019469548217909,7.249351208845762e-05,0.018840489876344756
aperture,0.26,PS+GS-Uniform,PS+GS,Uniform QAM,0.019710615635172797,0.019382881859815685,0.02003834941052991,4.5304641932397557e-05,0.019665310993240398
aperture,0.27,PS+GS-Uniform,PS+GS,Uniform QAM,0.020065481024887623,0.019781144764079803,0.020349817285695442,5.290052226287839e-05,0.020012580502624774
aperture,0.2799999999999999,PS+GS-Uniform,PS+GS,Uniform QAM,0.02096334522978622,0.020325447729594874,0.021601242729977564,7.151077704239673e-06,0.02095619415208194
aperture,0.29,PS+GS-Uniform,PS+GS,Uniform QAM,0.021325876793747582,0.02084886376420707,0.021802889823288093,-2.3749242057055087e-05,0.02134962603580464
aperture,0.3,PS+GS-Uniform,PS+GS,Uniform QAM,0.02156558273270778,0.021221134866437067,0.021910030598978492,-3.678348664430647e-05,0.021602366219352066
aperture,0.1,PS+GS-PS,PS+GS,PS,1.2019037095200094e-05,1.1123108031272777e-05,1.291496615912741e-05,-1.0823490601344353e-09,1.2020119444238614e-05
aperture,0.11,PS+GS-PS,PS+GS,PS,1.4836280078600259e-05,1.4361409961302328e-05,1.531115019589819e-05,2.1380071874022023e-09,1.4834142071419588e-05
aperture,0.12,PS+GS-PS,PS+GS,PS,1.69963124712999e-05,1.5760204882913242e-05,1.823242005968656e-05,3.1914487921835822e-09,1.699312102247802e-05
aperture,0.13,PS+GS-PS,PS+GS,PS,1.9889758606219528e-05,1.9380625968611588e-05,2.0398891243827467e-05,7.644482382246354e-09,1.9882114123859208e-05
aperture,0.14,PS+GS-PS,PS+GS,PS,2.1760061590520365e-05,2.107106316213105e-05,2.244906001890968e-05,-2.9364220307387387e-09,2.176299801260051e-05
aperture,0.15,PS+GS-PS,PS+GS,PS,2.4468246549320256e-05,2.344715349850769e-05,2.548933960013282e-05,3.2989179426373694e-09,2.4464947631322453e-05
aperture,0.16,PS+GS-PS,PS+GS,PS,2.5701197546879744e-05,2.4182576524029424e-05,2.7219818569730063e-05,2.0469056933730688e-08,2.5680728489899106e-05
aperture,0.1699999999999999,PS+GS-PS,PS+GS,PS,2.9313841560679733e-05,2.8605652108712804e-05,3.0022031012646662e-05,7.34886991371475e-09,2.930649269071994e-05
aperture,0.18,PS+GS-PS,PS+GS,PS,3.1478502271019974e-05,2.9973198412160497e-05,3.2983806129879455e-05,-8.879086268731573e-09,3.148738135734103e-05
aperture,0.19,PS+GS-PS,PS+GS,PS,3.432624147128027e-05,3.278908823407733e-05,3.586339470848321e-05,-5.990470808431292e-09,3.433223194207885e-05
aperture,0.1999999999999999,PS+GS-PS,PS+GS,PS,3.662227978064036e-05,3.46918811782993e-05,3.855267838298143e-05,-7.022696991987321e-10,3.662298205034109e-05
aperture,0.21,PS+GS-PS,PS+GS,PS,3.936710614795974e-05,3.784832645535626e-05,4.088588584056323e-05,4.5425444317181985e-09,3.9362563603478896e-05
aperture,0.2199999999999999,PS+GS-PS,PS+GS,PS,4.069436909992022e-05,3.943199576079216e-05,4.195674243904827e-05,-1.3610325325652539e-08,4.070797942528071e-05
aperture,0.2299999999999999,PS+GS-PS,PS+GS,PS,4.2158814022800337e-05,4.1111613951859383e-05,4.320601409374129e-05,1.6228800582135382e-08,4.214258522224068e-05
aperture,0.24,PS+GS-PS,PS+GS,PS,4.550586744674068e-05,4.422764825805581e-05,4.678408663542554e-05,9.767063825771859e-10,4.550489074036379e-05
aperture,0.2499999999999999,PS+GS-PS,PS+GS,PS,4.687352946984025e-05,4.5516426464931216e-05,4.823063247474928e-05,-2.699977960929356e-09,4.687622944783698e-05
aperture,0.26,PS+GS-PS,PS+GS,PS,4.902948368377957e-05,4.791868994303989e-05,5.0140277424519254e-05,9.910968708504165e-09,4.9019572715058855e-05
aperture,0.27,PS+GS-PS,PS+GS,PS,4.99093356912228e-05,4.904657529897914e-05,5.0772096083466454e-05,5.488833749178745e-09,4.990384685747695e-05
aperture,0.2799999999999999,PS+GS-PS,PS+GS,PS,5.237798261786136e-05,5.0870103150865785e-05,5.388586208485694e-05,2.4970576562033386e-08,5.235301204124243e-05
aperture,0.29,PS+GS-PS,PS+GS,PS,5.338406911932076e-05,5.218961296022951e-05,5.4578525278412006e-05,2.8202065412707977e-08,5.335586705387807e-05
aperture,0.3,PS+GS-PS,PS+GS,PS,5.4029591149701293e-05,5.288599493142613e-05,5.5173187367976456e-05,1.703842041150816e-08,5.401255272928229e-05
aperture,0.1,PS+GS-GS,PS+GS,GS,0.00467006901077234,0.004302978933553587,0.005037159087991094,-5.064070188043543e-06,0.00467513308096034
aperture,0.11,PS+GS-GS,PS+GS,GS,0.00570015496193628,0.005492392675581501,0.005907917248291058,-3.3952042632521065e-05,0.005734107004568779
aperture,0.12,PS+GS-GS,PS+GS,GS,0.006523823570977019,0.006049712351836577,0.006997934790117461,-1.583304045058527e-05,0.00653965661142758
aperture,0.13,PS+GS-GS,PS+GS,GS,0.0075847040020270194,0.007352817865890173,0.007816590138163866,-3.222493854051128e-05,0.00761692894056754
aperture,0.14,PS+GS-GS,PS+GS,GS,0.00831940236615688,0.007972662552241523,0.008666142180072235,1.933848483109748e-06,0.00831746851767382
aperture,0.15,PS+GS-GS,PS+GS,GS,0.009310031639057081,0.008910409350881271,0.009709653927232892,1.284156634191319e-06,0.00930874748242288
aperture,0.16,PS+GS-GS,PS+GS,GS,0.00971593650908614,0.009150938449839708,0.01028093456833257,-3.59450107585986e-05,0.0097518815198447
aperture,0.1699999999999999,PS+GS-GS,PS+GS,GS,0.0110888952130813,0.01077127779363926,0.011406512632523342,4.350038503895398e-06,0.011084545174577402
aperture,0.18,PS+GS-GS,PS+GS,GS,0.01191398511355044,0.011376155588095212,0.012451814639005668,3.156889499826177e-05,0.011882416218552202
aperture,0.19,PS+GS-GS,PS+GS,GS,0.01297114617298534,0.012411506678705352,0.01353078566726533,4.8600376301227844e-05,0.012922545796684098
aperture,0.1999999999999999,PS+GS-GS,PS+GS,GS,0.013784445632560722,0.013109477291427174,0.01445941397369427,2.6605826988875675e-05,0.013757839805571864
aperture,0.21,PS+GS-GS,PS+GS,GS,0.014739731664565558,0.01410712303147996,0.015372340297651155,-1.1295755835323828e-05,0.0147510274204009
aperture,0.2199999999999999,PS+GS-GS,PS+GS,GS,0.01525727197352802,0.014809951358839798,0.01570459258821624,2.3310363413321516e-05,0.01523396161011474
aperture,0.2299999999999999,PS+GS-GS,PS+GS,GS,0.01582310251522248,0.01541728755146272,0.016228917478982245,6.402760980457819e-05,0.015759074905417877
aperture,0.24,PS+GS-GS,PS+GS,GS,0.016906936194466222,0.016473994558443925,0.01733987783048852,-6.467630160242599e-05,0.016971612496068638
aperture,0.2499999999999999,PS+GS-GS,PS+GS,GS,0.017544079966403982,0.017022669620022957,0.018065490312785006,7.211531768306591e-05,0.017471964648720938
aperture,0.26,PS+GS-GS,PS+GS,GS,0.01828315248571754,0.01798415935608196,0.01858214561535312,4.483376480481221e-05,0.018238318720912743
aperture,0.27,PS+GS-GS,PS+GS,GS,0.01861305452707524,0.018350671945588166,0.018875437108562317,5.2369938802852283e-05,0.018560684588272394
aperture,0.2799999999999999,PS+GS-GS,PS+GS,GS,0.019443974551301303,0.018847179465929606,0.020040769636673,6.609184483911956e-06,0.019437365366817363
aperture,0.29,PS+GS-GS,PS+GS,GS,0.01977831472279896,0.01933411263475534,0.020222516810842583,-2.4284340910149526e-05,0.019802599063709136
aperture,0.3,PS+GS-GS,PS+GS,GS,0.020000066829729678,0.019686480760059834,0.02031365289939952,-3.735642457136285e-05,0.020037423254301044
visibility,5.0,PS-Uniform,PS,Uniform QAM,0.000650912886901876,0.0006050344118282137,0.0006967913619755382,2.3376181477094068e-07,0.0006506791250872
visibility,6.75,PS-Uniform,PS,Uniform QAM,0.006152141808057901,0.005855196437283327,0.006449087178832475,4.085535864048334e-06,0.00614805627219382
visibility,8.5,PS-Uniform,PS,Uniform QAM,0.01047912028737504,0.010072504510512859,0.010885736064237221,2.597645440375884e-05,0.010453143832971301
visibility,10.25,PS-Uniform,PS,Uniform QAM,0.015515299986273278,0.015174378208158134,0.01585622176438842,3.322959929609931e-05,0.0154820703869772
visibility,12.0,PS-Uniform,PS,Uniform QAM,0.01952209681233938,0.018494803949073473,0.020549389675605285,-5.147423232518266e-07,0.0195226115546626
visibility,13.75,PS-Uniform,PS,Uniform QAM,0.024795446131298398,0.023093014919552683,0.026497877343044113,1.857624284970882e-05,0.024776869888448683
visibility,15.5,PS-Uniform,PS,Uniform QAM,0.02772024470240938,0.025782921606500864,0.029657567798317894,-2.067571319387118e-05,0.02774092041560324
visibility,17.25,PS-Uniform,PS,Uniform QAM,0.031757065311649395,0.030271264430132797,0.03324286619316599,0.00010743732767620057,0.031649627983973284
visibility,19.0,PS-Uniform,PS,Uniform QAM,0.035738776840404315,0.03460810692529817,0.03686944675551046,0.00019330509743607338,0.035545471742968196
visibility,20.75,PS-Uniform,PS,Uniform QAM,0.0388595780461994,0.03741198742753146,0.04030716866486733,1.7648717914040825e-05,0.03884192932828532
visibility,22.5,PS-Uniform,PS,Uniform QAM,0.041138838952771574,0.04005836541671207,0.042219312488831075,0.0002453007780331723,0.04089353817473842
visibility,24.25,PS-Uniform,PS,Uniform QAM,0.04373925433686772,0.041328106665859704,0.046150402007875735,0.0001234566783409474,0.043615797658526675
visibility,26.0,PS-Uniform,PS,Uniform QAM,0.04859488715530798,0.04626726917383689,0.05092250513677907,0.00014787457651442625,0.04844701257879357
visibility,27.75,PS-Uniform,PS,Uniform QAM,0.050024884042936014,0.04819234819027677,0.05185741989559526,0.0003916611248758028,0.0496332229180602
visibility,29.5,PS-Uniform,PS,Uniform QAM,0.05239178064329932,0.051013288407181855,0.05377027287941679,0.0003069000018249984,0.05208488064147436
visibility,31.25,PS-Uniform,PS,Uniform QAM,0.05426069844861664,0.05112946160947919,0.05739193528775409,0.00041397970704778407,0.05384671874156888
visibility,33.0,PS-Uniform,PS,Uniform QAM,0.05707324379491491,0.05391424863321841,0.0602322389566114,0.0002519979867457134,0.056821245808169205
visibility,34.75,PS-Uniform,PS,Uniform QAM,0.057650270934183956,0.05498695233999681,0.060313589528371105,0.0004916163337686346,0.05715865460041529
visibility,36.5,PS-Uniform,PS,Uniform QAM,0.05974425336648896,0.05641130798567657,0.06307719874730136,0.0004526741585502575,0.059291579207938684
visibility,38.25,PS-Uniform,PS,Uniform QAM,0.06090180909141274,0.05819660295879424,0.06360701522403124,0.0006274289691269646,0.06027438012228577
visibility,40.0,PS-Uniform,PS,Uniform QAM,0.06350333644033322,0.06090581355110042,0.06610085932956603,0.0009559116076245806,0.0625474248327087
visibility,5.0,GS-Uniform,GS,Uniform QAM,5.0148405020975995e-05,4.664900756604305e-05,5.364780247590894e-05,6.116062000165872e-11,5.0148343860399994e-05
visibility,6.75,GS-Uniform,GS,Uniform QAM,0.00045883230521329995,0.0004357465313563066,0.0004819180790702933,2.1993923650376333e-09,0.00045883010582091976
visibility,8.5,GS-Uniform,GS,Uniform QAM,0.0007711721436043401,0.0007437884542412729,0.0007985558329674073,5.851065882120365e-08,0.0007711136329455207
visibility,10.25,GS-Uniform,GS,Uniform QAM,0.0011312280997504802,0.001103611979369521,0.0011588442201314394,2.5412689724543805e-07,0.0011309739728532803
visibility,12.0,GS-Uniform,GS,Uniform QAM,0.0014167946830065197,0.001342891047948977,0.0014906983180640624,7.125879089894815e-07,0.0014160820950975233
visibility,13.75,GS-Uniform,GS,Uniform QAM,0.001786992755993859,0.0016738671951817522,0.0019001183168059657,1.5763752967234979e-06,0.0017854163806971025
visibility,15.5,GS-Uniform,GS,Uniform QAM,0.0019922818660743796,0.0018555446732514982,0.002129019058897261,2.671251406529407e-06,0.0019896106146679027
visibility,17.25,GS-Uniform,GS,Uniform QAM,0.0022638480895973397,0.0021739135321868297,0.0023537826470078497,4.491545534144602e-06,0.0022593565440632624
visibility,19.0,GS-Uniform,GS,Uniform QAM,0.0025346103502340207,0.002443976294822188,0.0026252444056458534,6.15169510792296e-06,0.0025284586551260757
visibility,20.75,GS-Uniform,GS,Uniform QAM,0.002762307935353438,0.002644283269524477,0.0028803326011823988,8.583932264419058e-06,0.00275372400308902
visibility,22.5,GS-Uniform,GS,Uniform QAM,0.0029025347624706795,0.0028272817826952784,0.0029777877422460805,1.0577618588938354e-05,0.0028919571438817183
visibility,24.25,GS-Uniform,GS,Uniform QAM,0.003090333582095381,0.0029386552353472123,0.0032420119288435493,1.333581234838288e-05,0.003076997769746942
visibility,26.0,GS-Uniform,GS,Uniform QAM,0.003423421990729039,0.0032618990414564424,0.0035849449400016356,1.7267225843723974e-05,0.0034061547648853554
visibility,27.75,GS-Uniform,GS,Uniform QAM,0.003504664868111394,0.0033708035956263173,0.003638526140596471,1.865816449002522e-05,0.003486006703621419
visibility,29.5,GS-Uniform,GS,Uniform QAM,0.0036724679752791175,0.003575726196078197,0.003769209754480038,2.1899780824089496e-05,0.0036505681944550617
visibility,31.25,GS-Uniform,GS,Uniform QAM,0.0037936426463769796,0.003577478936986354,0.004009806355767605,2.3918609224163888e-05,0.003769724037152872
visibility,33.0,GS-Uniform,GS,Uniform QAM,0.00399688887229768,0.0037812371903554335,0.004212540554239926,2.8079932819884968e-05,0.003968808939477836
visibility,34.75,GS-Uniform,GS,Uniform QAM,0.004019825834653981,0.0038389424134069325,0.004200709255901029,2.9602524928566965e-05,0.003990223309725455
visibility,36.5,GS-Uniform,GS,Uniform QAM,0.004164064861435684,0.003934389565615121,0.004393740157256248,3.290724904405684e-05,0.004131157612391639
visibility,38.25,GS-Uniform,GS,Uniform QAM,0.004231338593249034,0.004057196103643971,0.004405481082854098,3.502017404139468e-05,0.004196318419207623
visibility,40.0,GS-Uniform,GS,Uniform QAM,0.004385692616218776,0.004228406660344439,0.004542978572093112,3.8569365213866334e-05,0.004347123251004947
visibility,5.0,PS+GS-Uniform,PS+GS,Uniform QAM,0.000652358885856036,0.0006063772042900258,0.0006983405674220462,2.3383953233299666e-07,0.0006521250463237601
visibility,6.75,PS+GS-Uniform,PS+GS,Uniform QAM,0.00616676534967406,0.005869083747981924,0.0064644469513661955,4.083788837818056e-06,0.006162681560836199
visibility,8.5,PS+GS-Uniform,PS+GS,Uniform QAM,0.010504559984006378,0.010097020246107409,0.010912099721905348,2.5974739723850224e-05,0.01047858524428254
visibility,10.25,PS+GS-Uniform,PS+GS,Uniform QAM,0.01555369684478502,0.01521181017296672,0.01589558351660332,3.323839820738763e-05,0.01552045844657764
visibility,12.0,PS+GS-Uniform,PS+GS,Uniform QAM,0.0195711722458863,0.01854128034357802,0.020601064148194577,-4.824975457175251e-07,0.01957165474343202
visibility,13.75,PS+GS-Uniform,PS+GS,Uniform QAM,0.024858442112444902,0.023151926260041575,0.02656495796484823,1.8586420073969656e-05,0.024839855692370922
visibility,15.5,PS+GS-Uniform,PS+GS,Uniform QAM,0.027791440131320032,0.02584900488251632,0.029733875380123745,-2.0589701762393773e-05,0.027812029833082442
visibility,17.25,PS+GS-Uniform,PS+GS,Uniform QAM,0.031838906084087834,0.030349853853919667,0.033327958314256,0.00010748828104340774,0.03173141780304448
visibility,19.0,PS+GS-Uniform,PS+GS,Uniform QAM,0.0358312325938291,0.03469722100323729,0.03696524418442091,0.00019334353076552873,0.03563788906306356
visibility,20.75,PS+GS-Uniform,PS+GS,Uniform QAM,0.0389611925128021,0.03750908179872592,0.04041330322687828,1.7705768930619258e-05,0.03894348674387148
visibility,22.5,PS+GS-Uniform,PS+GS,Uniform QAM,0.04124622733536725,0.04016293114830834,0.042329523522426166,0.000245326588368997,0.04100090074699829
visibility,24.25,PS+GS-Uniform,PS+GS,Uniform QAM,0.04385436174838744,0.041437430093543726,0.04627129340323115,0.00012359909644068132,0.04373076265194672
visibility,26.0,PS+GS-Uniform,PS+GS,Uniform QAM,0.048723436049196815,0.046389855388534844,0.05105701670985879,0.00014801153045967738,0.048575424518737136
visibility,27.75,PS+GS-Uniform,PS+GS,Uniform QAM,0.050156856555566974,0.04831894247907875,0.051994770632055196,0.0003918669837855376,0.04976498957178146
visibility,29.5,PS+GS-Uniform,PS+GS,Uniform QAM,0.052530700466656824,0.05114871350224073,0.05391268743107292,0.0003070867612890615,0.05222361370536781
visibility,31.25,PS+GS-Uniform,PS+GS,Uniform QAM,0.05440464548437589,0.05126464233525641,0.057544648633495364,0.00041424522888240385,0.053990400255493565
visibility,33.0,PS+GS-Uniform,PS+GS,Uniform QAM,0.057225602021957776,0.05405805211891233,0.060393151925003226,0.0002521898622655283,0.05697341215969233
visibility,34.75,PS+GS-Uniform,PS+GS,Uniform QAM,0.057803734344339844,0.05513305251483519,0.0604744161738445,0.0004918901763621252,0.05731184416797773
visibility,36.5,PS+GS-Uniform,PS+GS,Uniform QAM,0.05990385089048454,0.05656189123736073,0.06324581054360835,0.00045289684444412335,0.059450954046040394
visibility,38.25,PS+GS-Uniform,PS+GS,Uniform QAM,0.061064347244996056,0.0583518304566069,0.06377686403338521,0.0006277630746881802,0.06043658417030788
visibility,40.0,PS+GS-Uniform,PS+GS,Uniform QAM,0.06367244978427522,0.06106854674868381,0.06627635281986663,0.0009562696889540161,0.06271618009532123
visibility,5.0,PS+GS-PS,PS+GS,PS,1.445998954159979e-06,1.3426274463824476e-06,1.5493704619375103e-06,7.771756205601776e-11,1.4459212365600452e-06
visibility,6.75,PS+GS-PS,PS+GS,PS,1.4623541616159627e-05,1.3866284854573005e-05,1.5380798377746247e-05,-1.7470262302782258e-09,1.4625288642379497e-05
visibility,8.5,PS+GS-PS,PS+GS,PS,2.5439696631339438e-05,2.451471645075885e-05,2.6364676811920026e-05,-1.7146799086154017e-09,2.544141131124028e-05
visibility,10.25,PS+GS-PS,PS+GS,PS,3.839685851173974e-05,3.738972148378833e-05,3.940399553969115e-05,8.798911288326883e-09,3.838805960043879e-05
visibility,12.0,PS+GS-PS,PS+GS,PS,4.9075433546917625e-05,4.645690395200598e-05,5.169396314182927e-05,3.224477753430155e-08,4.904318876942093e-05
visibility,13.75,PS+GS-PS,PS+GS,PS,6.299598114650057e-05,5.8909371465560244e-05,6.708259082744089e-05,1.017722426083223e-08,6.298580392223863e-05
visibility,15.5,PS+GS-PS,PS+GS,PS,7.119542891065589e-05,6.607920091474116e-05,7.631165690657062e-05,8.601143147740631e-08,7.110941747920096e-05
visibility,17.25,PS+GS-PS,PS+GS,PS,8.184077243844067e-05,7.856559630961055e-05,8.511594856727079e-05,5.0953367207173804e-08,8.178981907119853e-05
visibility,19.0,PS+GS-PS,PS+GS,PS,9.245575342478051e-05,8.907442506368594e-05,9.583708178587508e-05,3.843332945535626e-08,9.241732009536152e-05
visibility,20.75,PS+GS-PS,PS+GS,PS,0.00010161446660269801,9.706115712870096e-05,0.00010616777607669507,5.7051016578435475e-08,0.0001015574155861565
visibility,22.5,PS+GS-PS,PS+GS,PS,0.00010738838259568007,0.00010447973341307945,0.00011029703177828068,2.5810335824716367e-08,0.00010736257225987255
visibility,24.25,PS+GS-PS,PS+GS,PS,0.0001151074115197187,0.0001092527719072885,0.0001209620511321489,1.4241809973392082e-07,0.00011496499342004141
visibility,26.0,PS+GS-PS,PS+GS,PS,0.0001285488938888413,0.0001224513963479487,0.00013464639142973388,1.3695394525115033e-07,0.00012841193994356237
visibility,27.75,PS+GS-PS,PS+GS,PS,0.0001319725126309623,0.00012658390772614324,0.0001373611175357814,2.0585890973479068e-07,0.0001317666537212603
visibility,29.5,PS+GS-PS,PS+GS,PS,0.00013891982335750285,0.00013536729805774454,0.00014247234865726117,1.8675946406310205e-07,0.0001387330638934592
visibility,31.25,PS+GS-PS,PS+GS,PS,0.00014394703575925928,0.0001351456762354846,0.00015274839528303395,2.655218346198085e-07,0.0001436815139246872
visibility,33.0,PS+GS-PS,PS+GS,PS,0.00015235822704287027,0.00014373757807133427,0.00016097887601440627,1.9187551981492134e-07,0.00015216635152311419
visibility,34.75,PS+GS-PS,PS+GS,PS,0.00015346341015587961,0.00014607579097272947,0.00016085102933902976,2.7384259349061414e-07,0.0001531895675624395
visibility,36.5,PS+GS-PS,PS+GS,PS,0.00015959752399558047,0.0001505723193549554,0.00016862272863620554,2.2268589386587043e-07,0.00015937483810170018
visibility,38.25,PS+GS-PS,PS+GS,PS,0.00016253815358331923,0.00015517158989953794,0.00016990471726710052,3.3410556121549197e-07,0.00016220404802211875
visibility,40.0,PS+GS-PS,PS+GS,PS,0.00016911334394197896,0.00016261412315662018,0.00017561256472733774,3.5808132943571104e-07,0.00016875526261252993
visibility,5.0,PS+GS-GS,PS+GS,GS,0.00060221048083506,0.0005597207731752834,0.0006447001884948365,2.3377837171299503e-07,0.00060197670246336
visibility,6.75,PS+GS-GS,PS+GS,GS,0.005707933044460761,0.005432597855130729,0.005983268233790792,4.0815894454530175e-06,0.00570385145501528
visibility,8.5,PS+GS-GS,PS+GS,GS,0.00973338784040204,0.009353146896154917,0.010113628784649161,2.5916229065029024e-05,0.009707471611337021
visibility,10.25,PS+GS-GS,PS+GS,GS,0.014422468745034542,0.014106803801847536,0.014738133688221548,3.29842713101422e-05,0.01438948447372436
visibility,12.0,PS+GS-GS,PS+GS,GS,0.018154377562879777,0.017197985431987684,0.01911076969377187,-1.1950854547070067e-06,0.0181555726483345
visibility,13.75,PS+GS-GS,PS+GS,GS,0.023071449356451043,0.021477847254830984,0.024665051458071102,1.7010044777246155e-05,0.023054439311673818
visibility,15.5,PS+GS-GS,PS+GS,GS,0.025799158265245654,0.023993240627757782,0.027605075902733527,-2.3260953168923182e-05,0.02582241921841454
visibility,17.25,PS+GS-GS,PS+GS,GS,0.0295750579944905,0.028175408750920054,0.030974707238060943,0.00010299673550926313,0.02947206125898122
visibility,19.0,PS+GS-GS,PS+GS,GS,0.03329662224359507,0.03225169345952003,0.034341551027670114,0.00018719183565760577,0.033109430407937485
visibility,20.75,PS+GS-GS,PS+GS,GS,0.03619888457744865,0.03486352465560418,0.03753424449929312,9.1218366662002e-06,0.036189762740782457
visibility,22.5,PS+GS-GS,PS+GS,GS,0.03834369257289658,0.03733458058415484,0.039352804561638324,0.00023474896978005862,0.03810894360311658
visibility,24.25,PS+GS-GS,PS+GS,GS,0.04076402816629206,0.038497187748508147,0.04303086858407597,0.00011026328409229846,0.04065376488219978
visibility,26.0,PS+GS-GS,PS+GS,GS,0.04530001405846778,0.04312475980494769,0.04747526831198787,0.00013074430461595344,0.045169269753851785
visibility,27.75,PS+GS-GS,PS+GS,GS,0.04665219168745559,0.04494785475593179,0.048356528618979384,0.0003732088192955124,0.04627898286816004
visibility,29.5,PS+GS-GS,PS+GS,GS,0.048858232491377704,0.04757155598174258,0.05014490900101283,0.000285186980464972,0.04857304551091275
visibility,31.25,PS+GS-GS,PS+GS,GS,0.05061100283799892,0.0476863735332979,0.05353563214269994,0.00039032661965824,0.0502206762183407
visibility,33.0,PS+GS-GS,PS+GS,GS,0.05322871314966009,0.05027524757615927,0.056182178723160905,0.0002241099294456433,0.0530046032202145
visibility,34.75,PS+GS-GS,PS+GS,GS,0.05378390850968586,0.05129314284955367,0.05627467416981805,0.0004622876514335583,0.053321620858252275
visibility,36.5,PS+GS-GS,PS+GS,GS,0.05573978602904885,0.05262710579157323,0.058852466266524475,0.0004199895954000665,0.055319796433648746
visibility,38.25,PS+GS-GS,PS+GS,GS,0.05683300865174702,0.0542935564829834,0.05937246082051064,0.0005927429006467855,0.05624026575110026
visibility,40.0,PS+GS-GS,PS+GS,GS,0.05928675716805644,0.05683789585473104,0.061735618481381836,0.0009177003237401498,0.05836905684431628
beam_waist,0.03,PS-Uniform,PS,Uniform QAM,0.009574430644445301,0.00928182351555251,0.009867037773338092,2.806701835043168e-05,0.00954636362609482
beam_waist,0.0344999999999999,PS-Uniform,PS,Uniform QAM,0.010578741868716181,0.010033177919034108,0.011124305818398255,-1.2143937307279167e-05,0.010590885806023518
beam_waist,0.039,PS-Uniform,PS,Uniform QAM,0.011607458512941139,0.0112060131774649,0.012008903848417378,-4.982891596132521e-06,0.01161244140453726
beam_waist,0.0435,PS-Uniform,PS,Uniform QAM,0.012642318822976058,0.012353864878440327,0.01293077276751179,3.478482336757432e-05,0.012607533999608438
beam_waist,0.048,PS-Uniform,PS,Uniform QAM,0.013309661442645459,0.012784483434143889,0.01383483945114703,2.5840212994374112e-06,0.013307077421345997
beam_waist,0.0525,PS-Uniform,PS,Uniform QAM,0.0137351393766313,0.013114982666311926,0.014355296086950672,1.9060492588153507e-06,0.013733233327372562
beam_waist,0.0569999999999999,PS-Uniform,PS,Uniform QAM,0.014131383254423941,0.013690557944106266,0.014572208564741616,2.566964768207086e-06,0.014128816289655715
beam_waist,0.0615,PS-Uniform,PS,Uniform QAM,0.014680370646319779,0.013815706952951637,0.015545034339687921,-1.0783258672414224e-05,0.014691153904992158
beam_waist,0.066,PS-Uniform,PS,Uniform QAM,0.0150105787022746,0.014400857877885956,0.015620299526663243,-3.4479287370964976e-05,0.015045057989645547
beam_waist,0.0705,PS-Uniform,PS,Uniform QAM,0.015202915145064898,0.014976671120308187,0.01542915916982161,1.932688182159914e-05,0.01518358826324336
beam_waist,0.075,PS-Uniform,PS,Uniform QAM,0.01538982398840276,0.014861006851489673,0.015918641125315845,6.786269321336496e-06,0.01538303771908144
beam_waist,0.0794999999999999,PS-Uniform,PS,Uniform QAM,0.01579270794859266,0.015635796554515104,0.015949619342670213,6.519330896825645e-05,0.01572751463962442
beam_waist,0.0839999999999999,PS-Uniform,PS,Uniform QAM,0.01545488088171064,0.014787368528233358,0.01612239323518792,-3.654745180908761e-05,0.015491428333519741
beam_waist,0.0885,PS-Uniform,PS,Uniform QAM,0.0160602545190692,0.015290306156909917,0.01683020288122848,0.00011334278280572443,0.0159469117362635
beam_waist,0.093,PS-Uniform,PS,Uniform QAM,0.016280684807715058,0.01583405802919608,0.016727311586234035,-8.891805929856361e-06,0.01628957661364486
beam_waist,0.0974999999999999,PS-Uniform,PS,Uniform QAM,0.0163141426031674,0.01535616654842855,0.017272118657906253,2.274727752097541e-05,0.016291395325646475
beam_waist,0.102,PS-Uniform,PS,Uniform QAM,0.01616758309683238,0.015424082112804787,0.01691108408085998,-5.524628769031981e-05,0.01622282938452266
beam_waist,0.1065,PS-Uniform,PS,Uniform QAM,0.01646353765604216,0.015498773312296538,0.01742830199978778,-4.957654304854619e-07,0.016464033421472637
beam_waist,0.1109999999999999,PS-Uniform,PS,Uniform QAM,0.01616643182860244,0.015428354484053206,0.01690450917315167,4.326328691037523e-05,0.01612316854169204
beam_waist,0.1154999999999999,PS-Uniform,PS,Uniform QAM,0.01613386883015788,0.015498547931426496,0.016769189728889262,-5.871483044946474e-06,0.01613974031320278
beam_waist,0.12,PS-Uniform,PS,Uniform QAM,0.016840132474776278,0.016061644200325253,0.017618620749227303,8.594680425740992e-05,0.01675418567051888
beam_waist,0.03,GS-Uniform,GS,Uniform QAM,0.0007072231348820198,0.0006842327249804376,0.0007302135447836021,2.5808819576200735e-08,0.0007071973260624212
beam_waist,0.0344999999999999,GS-Uniform,GS,Uniform QAM,0.00078239922692136,0.0007418818765058638,0.0008229165773368562,3.918661009655322e-08,0.000782360040311321
beam_waist,0.039,GS-Uniform,GS,Uniform QAM,0.0008557539813721798,0.0008262445076154054,0.0008852634551289542,8.825536343098905e-08,0.0008556657260087614
beam_waist,0.0435,GS-Uniform,GS,Uniform QAM,0.0009268410085533602,0.0009067093769934655,0.000946972640113255,9.713345774584048e-08,0.0009267438750955592
beam_waist,0.048,GS-Uniform,GS,Uniform QAM,0.0009765807620455203,0.0009440824490821397,0.001009079075008901,1.3351896907737303e-07,0.0009764472430764421
beam_waist,0.0525,GS-Uniform,GS,Uniform QAM,0.0010067161030353398,0.0009604887824642763,0.0010529434236064032,1.5745970065247915e-07,0.0010065586433347206
beam_waist,0.0569999999999999,GS-Uniform,GS,Uniform QAM,0.0010347362159821804,0.0010014121868279309,0.0010680602451364298,1.7048369118893845e-07,0.0010345657322909762
beam_waist,0.0615,GS-Uniform,GS,Uniform QAM,0.00107490777711106,0.0010157129512772792,0.0011341026029448407,2.420652909454479e-07,0.0010746657118201025
beam_waist,0.066,GS-Uniform,GS,Uniform QAM,0.0010999998833141201,0.0010619513005725627,0.0011380484660556776,2.416066631906466e-07,0.0010997582766509029
beam_waist,0.0705,GS-Uniform,GS,Uniform QAM,0.0011094771898741602,0.0010946114059375118,0.0011243429738108086,2.1310849623687454e-07,0.0011092640813779643
beam_waist,0.075,GS-Uniform,GS,Uniform QAM,0.0011236191820181997,0.001089075196942356,0.0011581631670940435,2.4928479854413593e-07,0.0011233698972196616
beam_waist,0.0794999999999999,GS-Uniform,GS,Uniform QAM,0.00114860882132592,0.0011320794323204666,0.0011651382103313734,2.991420776998765e-07,0.0011483096792481828
beam_waist,0.0839999999999999,GS-Uniform,GS,Uniform QAM,0.0011311929654677204,0.0010871071257118003,0.0011752788052236405,2.6263869884385336e-07,0.001130930326768878
beam_waist,0.0885,GS-Uniform,GS,Uniform QAM,0.0011639000444798003,0.0011133870839789572,0.0012144130049806434,2.9703326733923617e-07,0.0011636030112124579
beam_waist,0.093,GS-Uniform,GS,Uniform QAM,0.0011882769472175004,0.0011596047945845712,0.0012169490998504297,3.589358828280653e-07,0.0011879180113346822
beam_waist,0.0974999999999999,GS-Uniform,GS,Uniform QAM,0.0011887139978371008,0.001117852757879033,0.0012595752377951685,3.1521501911296875e-07,0.0011883987828179982
beam_waist,0.102,GS-Uniform,GS,Uniform QAM,0.0011839312749613996,0.0011262269124398439,0.0012416356374829554,2.5220765227748626e-07,0.0011836790673091014
beam_waist,0.1065,GS-Uniform,GS,Uniform QAM,0.0012012504010749602,0.001138764377377637,0.0012637364247722834,3.189266562150794e-07,0.0012009314744187178
beam_waist,0.1109999999999999,GS-Uniform,GS,Uniform QAM,0.0011765810775794202,0.0011259358976402154,0.001227226257518625,2.972991925162538e-07,0.001176283778386919
beam_waist,0.1154999999999999,GS-Uniform,GS,Uniform QAM,0.00117824187222288,0.00113150724723199,0.0012249764972137702,3.186660799724128e-07,0.001177923206142842
beam_waist,0.12,GS-Uniform,GS,Uniform QAM,0.0012224202260396801,0.0011710835851690042,0.001273756866910356,3.55516131628486e-07,0.0012220647099080773
beam_waist,0.03,PS+GS-Uniform,PS+GS,Uniform QAM,0.00959747052817008,0.009304109942156809,0.00989083111418335,2.8062075886266106e-05,0.00956940845228382
beam_waist,0.0344999999999999,PS+GS-Uniform,PS+GS,Uniform QAM,0.010604445799807339,0.010057488079848787,0.01115140351976589,-1.2147587088607025e-05,0.010616593386895959
beam_waist,0.039,PS+GS-Uniform,PS+GS,Uniform QAM,0.01163578939887764,0.011233323438662405,0.012038255359092875,-4.976694556591693e-06,0.011640766093434281
beam_waist,0.0435,PS+GS-Uniform,PS+GS,Uniform QAM,0.01267320872484006,0.012384055563303015,0.012962361886377104,3.4779880207288363e-05,0.01263842884463268
beam_waist,0.048,PS+GS-Uniform,PS+GS,Uniform QAM,0.013342363559286561,0.012816057845223829,0.013868669273349293,2.567860421060636e-06,0.013339795698865519
beam_waist,0.0525,PS+GS-Uniform,PS+GS,Uniform QAM,0.013768989548720379,0.013147245140726016,0.014390733956714741,1.916455611465362e-06,0.013767073093108923
beam_waist,0.0569999999999999,PS+GS-Uniform,PS+GS,Uniform QAM,0.01416625912709108,0.013724271999663638,0.014608246254518521,2.565648656809305e-06,0.014163693478434219
beam_waist,0.0615,PS+GS-Uniform,PS+GS,Uniform QAM,0.014716716069865559,0.01384999241100414,0.015583439728726977,-1.0771529186213435e-05,0.014727487599051759
beam_waist,0.066,PS+GS-Uniform,PS+GS,Uniform QAM,0.01504785662897346,0.014436783325131831,0.01565892993281509,-3.446087736587805e-05,0.015082317506339284
beam_waist,0.0705,PS+GS-Uniform,PS+GS,Uniform QAM,0.015240545235923119,0.015013827910982398,0.01546726256086384,1.931502320919376e-05,0.015221230212713963
beam_waist,0.075,PS+GS-Uniform,PS+GS,Uniform QAM,0.015427973259029898,0.014897927306000255,0.01595801921205954,6.769565247381203e-06,0.015421203693782522
beam_waist,0.0794999999999999,PS+GS-Uniform,PS+GS,Uniform QAM,0.0158317680871504,0.01567424970651841,0.01598928646778239,6.521902071689012e-05,0.015766549066433502
beam_waist,0.0839999999999999,PS+GS-Uniform,PS+GS,Uniform QAM,0.015493339127533558,0.01482435746091573,0.016162320794151388,-3.654660516874228e-05,0.0155298857327023
beam_waist,0.0885,PS+GS-Uniform,PS+GS,Uniform QAM,0.01609987386085348,0.015328170265944923,0.016871577455762038,0.00011333715093102284,0.01598653670992248
beam_waist,0.093,PS+GS-Uniform,PS+GS,Uniform QAM,0.016321189473948415,0.015873544803946444,0.016768834143950386,-8.907236077083935e-06,0.01633009671002546
beam_waist,0.0974999999999999,PS+GS-Uniform,PS+GS,Uniform QAM,0.016354644307846798,0.015394196675131042,0.017315091940562553,2.274635262793853e-05,0.016331897955218878
beam_waist,0.102,PS+GS-Uniform,PS+GS,Uniform QAM,0.016207889775735822,0.015462421485484233,0.01695335806598741,-5.5253797359377656e-05,0.0162631435730952
beam_waist,0.1065,PS+GS-Uniform,PS+GS,Uniform QAM,0.01650449347961354,0.015537528709563516,0.017471458249663563,-4.7559697274546234e-07,0.016504969076586294
beam_waist,0.1109999999999999,PS+GS-Uniform,PS+GS,Uniform QAM,0.016206521677859263,0.015466626565915844,0.01694641678980268,4.3278735410422624e-05,0.01616324294244882
beam_waist,0.1154999999999999,PS+GS-Uniform,PS+GS,Uniform QAM,0.016173977417547322,0.015537032813473226,0.01681092202162142,-5.851193616158018e-06,0.01617982861116346
beam_waist,0.12,PS+GS-Uniform,PS+GS,Uniform QAM,0.01688181981251932,0.016101503801771194,0.017662135823267443,8.59749621495065e-05,0.016795844850369782
beam_waist,0.03,PS+GS-PS,PS+GS,PS,2.3039883724780553e-05,2.2239136868877277e-05,2.384063058068383e-05,-4.942464165574867e-09,2.304482618900039e-05
beam_waist,0.0344999999999999,PS+GS-PS,PS+GS,PS,2.5703931091158873e-05,2.4306343773035762e-05,2.7101518409281984e-05,-3.6497813278579816e-09,2.570758087244024e-05
beam_waist,0.039,PS+GS-PS,PS+GS,PS,2.8330885936501266e-05,2.7298094660763242e-05,2.936367721223929e-05,6.197039540828398e-09,2.8324688897021776e-05
beam_waist,0.0435,PS+GS-PS,PS+GS,PS,3.088990186399937e-05,3.015543015642424e-05,3.16243735715745e-05,-4.943160285958425e-09,3.0894845024240224e-05
beam_waist,0.048,PS+GS-PS,PS+GS,PS,3.2702116641099285e-05,3.155581393350155e-05,3.384841934869702e-05,-1.6160878376775266e-08,3.271827751952089e-05
beam_waist,0.0525,PS+GS-PS,PS+GS,PS,3.385017208907964e-05,3.2247486949902904e-05,3.545285722825638e-05,1.0406352650010885e-08,3.383976573635844e-05
beam_waist,0.0569999999999999,PS+GS-PS,PS+GS,PS,3.487587266714151e-05,3.370375274477638e-05,3.604799258950664e-05,-1.3161113977810944e-09,3.487718877850238e-05
beam_waist,0.0615,PS+GS-PS,PS+GS,PS,3.634542354577983e-05,3.42805534116993e-05,3.841029367986035e-05,1.172948620078995e-08,3.6333694059599574e-05
beam_waist,0.066,PS+GS-PS,PS+GS,PS,3.7277926698859457e-05,3.590269157296587e-05,3.8653161824753044e-05,1.841000508692736e-08,3.725951669373839e-05
beam_waist,0.0705,PS+GS-PS,PS+GS,PS,3.7630090858220555e-05,3.711951324797329e-05,3.814066846846782e-05,-1.1858612405379886e-08,3.764194947060151e-05
beam_waist,0.075,PS+GS-PS,PS+GS,PS,3.8149270627139964e-05,3.691737884609409e-05,3.938116240818584e-05,-1.6704073955292607e-08,3.816597470108207e-05
beam_waist,0.0794999999999999,PS+GS-PS,PS+GS,PS,3.9060138557739374e-05,3.844994130975518e-05,3.9670335805723565e-05,2.5711748633666653e-08,3.9034426809081424e-05
beam_waist,0.0839999999999999,PS+GS-PS,PS+GS,PS,3.84582458229199e-05,3.697654877839486e-05,3.993994286744494e-05,8.466403453311066e-10,3.84573991825593e-05
beam_waist,0.0885,PS+GS-PS,PS+GS,PS,3.961934178427981e-05,3.78205576947194e-05,4.1418125873840216e-05,-5.631874701594875e-09,3.962497365898043e-05
beam_waist,0.093,PS+GS-PS,PS+GS,PS,4.050466623336038e-05,3.947947635988593e-05,4.152985610683483e-05,-1.5430147227574185e-08,4.052009638060017e-05
beam_waist,0.0974999999999999,PS+GS-PS,PS+GS,PS,4.050170467939998e-05,3.7988462691688365e-05,4.3014946667111595e-05,-9.248930368799258e-10,4.050262957240036e-05
beam_waist,0.102,PS+GS-PS,PS+GS,PS,4.030667890344147e-05,3.8282370195037585e-05,4.2330987611845355e-05,-7.50966905785355e-09,4.0314188572540545e-05
beam_waist,0.1065,PS+GS-PS,PS+GS,PS,4.095582357137931e-05,3.8747786827961604e-05,4.3163860314797016e-05,2.0168457739999646e-08,4.0935655113658044e-05
beam_waist,0.1109999999999999,PS+GS-PS,PS+GS,PS,4.008984925682052e-05,3.826372975657298e-05,4.191596875706806e-05,1.544850004739362e-08,4.007440075678159e-05
beam_waist,0.1154999999999999,PS+GS-PS,PS+GS,PS,4.0108587389439676e-05,3.848290628223457e-05,4.173426849664478e-05,2.0289428788455852e-08,4.0088297960680366e-05
beam_waist,0.12,PS+GS-PS,PS+GS,PS,4.168733774303976e-05,3.981199107715752e-05,4.3562684408922006e-05,2.8157892096591917e-08,4.165917985090029e-05
beam_waist,0.03,PS+GS-GS,PS+GS,GS,0.008890247393288062,0.008618371423691092,0.009162123362885032,2.8036267066689907e-05,0.0088622111262214
beam_waist,0.0344999999999999,PS+GS-GS,PS+GS,GS,0.00982204657288598,0.009315492831421692,0.010328600314350267,-1.218677369870358e-05,0.009834233346584637
beam_waist,0.039,PS+GS-GS,PS+GS,GS,0.01078003541750546,0.010406718633740607,0.011153352201270311,-5.064949920022682e-06,0.010785100367425521
beam_waist,0.0435,PS+GS-GS,PS+GS,GS,0.011746367716286699,0.011476234548149562,0.012016500884423836,3.468274674954252e-05,0.01171168496953712
beam_waist,0.048,PS+GS-GS,PS+GS,GS,0.01236578279724104,0.011871248899565782,0.012860316694916296,2.4343414519832628e-06,0.012363348455789078
beam_waist,0.0525,PS+GS-GS,PS+GS,GS,0.012762273445685039,0.012186439107884051,0.013338107783486026,1.7589959108128827e-06,0.012760514449774201
beam_waist,0.0569999999999999,PS+GS-GS,PS+GS,GS,0.0131315229111089,0.012722676715185777,0.013540369107032022,2.3951649656203667e-06,0.013129127746143244
beam_waist,0.0615,PS+GS-GS,PS+GS,GS,0.013641808292754501,0.012834070545643264,0.014449546039865738,-1.1013594477158883e-05,0.013652821887231653
beam_waist,0.066,PS+GS-GS,PS+GS,GS,0.01394785674565934,0.013373818799135049,0.01452189469218363,-3.470248402906869e-05,0.013982559229688381
beam_waist,0.0705,PS+GS-GS,PS+GS,GS,0.014131068046048962,0.013917960383645614,0.01434417570845231,1.9101914712956887e-05,0.014111966131335998
beam_waist,0.075,PS+GS-GS,PS+GS,GS,0.014304354077011699,0.01380871623441518,0.014799991919608218,6.520280448837068e-06,0.014297833796562862
beam_waist,0.0794999999999999,PS+GS-GS,PS+GS,GS,0.01468315926582448,0.014541892120567694,0.014824426411081266,6.491987863919023e-05,0.01461823938718532
beam_waist,0.0839999999999999,PS+GS-GS,PS+GS,GS,0.01436214616206584,0.01373663143148909,0.014987660892642588,-3.680924386758613e-05,0.014398955405933422
beam_waist,0.0885,PS+GS-GS,PS+GS,GS,0.014935973816373679,0.01421339556467284,0.015658552068074517,0.0001130401176636836,0.014822933698710022
beam_waist,0.093,PS+GS-GS,PS+GS,GS,0.015132912526730918,0.014713856515067396,0.01555196853839444,-9.266171959912e-06,0.015142178698690778
beam_waist,0.0974999999999999,PS+GS-GS,PS+GS,GS,0.015165930310009698,0.014275093162097172,0.016056767457922224,2.2431137608825562e-05,0.01514349917240088
beam_waist,0.102,PS+GS-GS,PS+GS,GS,0.01502395850077442,0.014334592240721157,0.015713324760827686,-5.550600501165515e-05,0.0150794645057861
beam_waist,0.1065,PS+GS-GS,PS+GS,GS,0.015303243078538581,0.014398562533284308,0.016207923623792857,-7.945236289605417e-07,0.015304037602167577
beam_waist,0.1109999999999999,PS+GS-GS,PS+GS,GS,0.01502994060027984,0.014340490472459274,0.015719390728100406,4.2981436217906375e-05,0.014986959164061902
beam_waist,0.1154999999999999,PS+GS-GS,PS+GS,GS,0.01499573554532444,0.014405487511555163,0.015585983579093717,-6.169859696130431e-06,0.015001905405020619
beam_waist,0.12,PS+GS-GS,PS+GS,GS,0.01565939958647964,0.014929452198267024,0.016389346974692257,8.561944601787802e-05,0.015573780140461704
turbulence,1e-16,PS-Uniform,PS,Uniform QAM,0.021400288326847938,0.021117144025810317,0.02168343262788556,2.2927028381852786e-05,0.021377361298466104
turbulence,1.2589254117941662e-16,PS-Uniform,PS,Uniform QAM,0.02101566116148106,0.020631538454657483,0.021399783868304635,1.4556966702977959e-05,0.021001104194778082
turbulence,1.5848931924611106e-16,PS-Uniform,PS,Uniform QAM,0.0206416697018963,0.019996726991474232,0.021286612412318367,6.655030061789746e-05,0.0205751194012784
turbulence,1.9952623149688832e-16,PS-Uniform,PS,Uniform QAM,0.019956522837961215,0.01927813213566372,0.02063491354025871,9.77729146951073e-06,0.01994674554649172
turbulence,2.511886431509582e-16,PS-Uniform,PS,Uniform QAM,0.01980138474447912,0.019269442369901604,0.020333327119056634,-2.067158848603326e-05,0.019822056332965157
turbulence,3.1622776601683793e-16,PS-Uniform,PS,Uniform QAM,0.01921486059452996,0.01878640949159862,0.0196433116974613,-5.9352877068361145e-05,0.01927421347159836
turbulence,3.9810717055349695e-16,PS-Uniform,PS,Uniform QAM,0.018572424652343378,0.018078444933904175,0.01906640437078258,-9.38695034414687e-05,0.01866629415578482
turbulence,5.011872336272716e-16,PS-Uniform,PS,Uniform QAM,0.01795124420918252,0.017410201711472097,0.018492286706892944,2.8614282564962955e-05,0.017922629926617546
turbulence,6.309573444801943e-16,PS-Uniform,PS,Uniform QAM,0.016455288763709643,0.015918181588826838,0.016992395938592447,1.3063963062980438e-05,0.01644222480064668
turbulence,7.943282347242821e-16,PS-Uniform,PS,Uniform QAM,0.01604372005044332,0.015619187072693762,0.01646825302819288,-3.2015821602564274e-06,0.01604692163260358
turbulence,1e-15,PS-Uniform,PS,Uniform QAM,0.01451376063261084,0.01423594208832203,0.014791579176899649,3.352054470608615e-05,0.014480240087904722
turbulence,1.2589254117941665e-15,PS-Uniform,PS,Uniform QAM,0.01306044607178716,0.012626000779861531,0.013494891363712787,8.540000548976495e-06,0.013051906071238179
turbulence,1.584893192461111e-15,PS-Uniform,PS,Uniform QAM,0.011888381622143661,0.011445220806436732,0.01233154243785059,-3.955408462025911e-05,0.01192793570676388
turbulence,1.995262314968883e-15,PS-Uniform,PS,Uniform QAM,0.01044818533635882,0.009470077835998816,0.011426292836718824,1.055789089579387e-06,0.010447129547269281
turbulence,2.511886431509582e-15,PS-Uniform,PS,Uniform QAM,0.009610971914575519,0.009080505406952454,0.010141438422198584,-1.3985831429040378e-05,0.009624957746004562
turbulence,3.16227766016838e-15,PS-Uniform,PS,Uniform QAM,0.008558307045633881,0.008036295033376084,0.00908031905789168,-3.59942634677457e-05,0.00859430130910166
turbulence,3.9810717055349695e-15,PS-Uniform,PS,Uniform QAM,0.0072017790530227,0.006876128025263955,0.007527430080781446,5.9353024316975834e-05,0.007142426028705661
turbulence,5.0118723362727146e-15,PS-Uniform,PS,Uniform QAM,0.00578174006770054,0.005067302008800775,0.006496178126600305,-4.2961412259702244e-05,0.0058247014799603205
turbulence,6.309573444801943e-15,PS-Uniform,PS,Uniform QAM,0.0050693839209437,0.004496648527647629,0.005642119314239771,9.814201793299088e-07,0.00506840250076434
turbulence,7.943282347242822e-15,PS-Uniform,PS,Uniform QAM,0.00385050047867002,0.0034005384520749593,0.004300462505265081,1.3886264319219395e-05,0.0038366142143507393
turbulence,1e-14,PS-Uniform,PS,Uniform QAM,0.0033066866287698405,0.002846571809493147,0.003766801448046534,9.445799783456866e-06,0.0032972408289863794
turbulence,1e-16,GS-Uniform,GS,Uniform QAM,0.0015554091340216187,0.0015343826649025063,0.001576435603140731,4.3934042370574744e-07,0.0015549697935978823
turbulence,1.2589254117941662e-16,GS-Uniform,GS,Uniform QAM,0.0015284722567934603,0.0015104213883518787,0.001546523125235042,4.653171938709399e-07,0.0015280069395996244
turbulence,1.5848931924611106e-16,GS-Uniform,GS,Uniform QAM,0.0014982560332665394,0.0014602340915650545,0.0015362779749680242,4.2743164516939605e-07,0.0014978286016213594
turbulence,1.9952623149688832e-16,GS-Uniform,GS,Uniform QAM,0.0014530641791560398,0.0014095348787476814,0.0014965934795643982,3.456013608893471e-07,0.0014527185777951617
turbulence,2.511886431509582e-16,GS-Uniform,GS,Uniform QAM,0.0014443464653900802,0.0014110399047875207,0.0014776530259926397,3.4377065779925273e-07,0.0014440026947322797
turbulence,3.1622776601683793e-16,GS-Uniform,GS,Uniform QAM,0.0014050391827471799,0.0013738687443824115,0.0014362096211119483,3.22348738182876e-07,0.0014047168340090622
turbulence,3.9810717055349695e-16,GS-Uniform,GS,Uniform QAM,0.00136161148032562,0.0013284159622940059,0.001394806998357234,3.478442519741498e-07,0.0013612636360736563
turbulence,5.011872336272716e-16,GS-Uniform,GS,Uniform QAM,0.0013078376917627795,0.001273572188521658,0.001342103195003901,3.2356272351749536e-07,0.0013075141290392444
turbulence,6.309573444801943e-16,GS-Uniform,GS,Uniform QAM,0.0012015913881275198,0.0011658563709417088,0.0012373264053133308,2.818838142740198e-07,0.0012013095043132166
turbulence,7.943282347242821e-16,GS-Uniform,GS,Uniform QAM,0.0011724798866804592,0.0011454998133458986,0.00119945996001502,2.4052376845093424e-07,0.001172239362911981
turbulence,1e-15,GS-Uniform,GS,Uniform QAM,0.0010596179534166604,0.001035161122690932,0.0010840747841423888,2.1995142925251842e-07,0.001059398001987419
turbulence,1.2589254117941665e-15,GS-Uniform,GS,Uniform QAM,0.0009558504571861595,0.0009267097347717229,0.0009849911796005963,1.9580693608703402e-07,0.0009556546502500818
turbulence,1.584893192461111e-15,GS-Uniform,GS,Uniform QAM,0.0008740615884749805,0.0008416836990447284,0.0009064394779052326,1.6915391888347453e-07,0.0008738924345560797
turbulence,1.995262314968883e-15,GS-Uniform,GS,Uniform QAM,0.0007669251764151801,0.00070010216832854,0.0008337481845018202,1.3056296773533703e-07,0.0007667946134474593
turbulence,2.511886431509582e-15,GS-Uniform,GS,Uniform QAM,0.0007065569933214401,0.0006680386584923798,0.0007450753281505004,1.2614752798019434e-07,0.0007064308457935001
turbulence,3.16227766016838e-15,GS-Uniform,GS,Uniform QAM,0.00063088188915274,0.0005908726445230892,0.0006708911337823907,1.0304239320649278e-07,0.000630778846759579
turbulence,3.9810717055349695e-15,GS-Uniform,GS,Uniform QAM,0.00052478364827498,0.0005052322429993109,0.0005443350535506492,9.149183209454514e-08,0.0005246921564429005
turbulence,5.0118723362727146e-15,GS-Uniform,GS,Uniform QAM,0.0004284824188174998,0.0003782209222423997,0.00047874391539259984,6.7194722879714e-08,0.0004284152240947206
turbulence,6.309573444801943e-15,GS-Uniform,GS,Uniform QAM,0.00037299867862321983,0.00033004545548515665,0.000415951901761283,5.220568694463273e-08,0.00037294647293631964
turbulence,7.943282347242822e-15,GS-Uniform,GS,Uniform QAM,0.0002826392832181401,0.0002497036967545644,0.00031557486968171575,2.7437733845919742e-08,0.0002826118454842194
turbulence,1e-14,GS-Uniform,GS,Uniform QAM,0.00024305410935523999,0.0002094652996241634,0.00027664291908631656,2.935274622084538e-08,0.00024302475660898103
turbulence,1e-16,PS+GS-Uniform,PS+GS,Uniform QAM,0.02145368798460328,0.021169826838257452,0.021737549130949108,2.2897153621589395e-05,0.021430790830981643
turbulence,1.2589254117941662e-16,PS+GS-Uniform,PS+GS,Uniform QAM,0.02106814726734742,0.020683364257275745,0.021452930277419097,1.4579759391054602e-05,0.021053567507956342
turbulence,1.5848931924611106e-16,PS+GS-Uniform,PS+GS,Uniform QAM,0.02069302871720594,0.020046738084155385,0.021339319350256493,6.656192359767165e-05,0.02062646679360826
turbulence,1.9952623149688832e-16,PS+GS-Uniform,PS+GS,Uniform QAM,0.020006271084897657,0.01932634535236559,0.020686196817429725,9.786733096888432e-06,0.0199964843518008
turbulence,2.511886431509582e-16,PS+GS-Uniform,PS+GS,Uniform QAM,0.01985079894184182,0.019317653916327324,0.020383943967356315,-2.0662138383792523e-05,0.019871461080225618
turbulence,3.1622776601683793e-16,PS+GS-Uniform,PS+GS,Uniform QAM,0.019262862668679562,0.018833321589621276,0.019692403747737848,-5.935040739665997e-05,0.019322213076076258
turbulence,3.9810717055349695e-16,PS+GS-Uniform,PS+GS,Uniform QAM,0.01861884968592798,0.01812369222934755,0.01911400714250841,-9.3875977772616e-05,0.018712725663700556
turbulence,5.011872336272716e-16,PS+GS-Uniform,PS+GS,Uniform QAM,0.017995803987277098,0.01745353831139994,0.018538069663154255,2.8623213040952362e-05,0.01796718077423614
turbulence,6.309573444801943e-16,PS+GS-Uniform,PS+GS,Uniform QAM,0.016496045565057897,0.01595769724747272,0.017034393882643075,1.306405575170852e-05,0.0164829815093062
turbulence,7.943282347242821e-16,PS+GS-Uniform,PS+GS,Uniform QAM,0.01608351140844038,0.015658068075921606,0.016508954740959154,-3.1989265071921677e-06,0.01608671033494754
turbulence,1e-15,PS+GS-Uniform,PS+GS,Uniform QAM,0.0145495611414687,0.01427095764605497,0.01482816463688243,3.351918668765802e-05,0.014516041954780979
turbulence,1.2589254117941665e-15,PS+GS-Uniform,PS+GS,Uniform QAM,0.013092690033630857,0.012657243329858663,0.013528136737403051,8.561849923953284e-06,0.0130841281837069
turbulence,1.584893192461111e-15,PS+GS-Uniform,PS+GS,Uniform QAM,0.01191780346705874,0.011473504053093561,0.012362102881023919,-3.954538998695994e-05,0.01195734885704566
turbulence,1.995262314968883e-15,PS+GS-Uniform,PS+GS,Uniform QAM,0.01047385278593108,0.00949346615817931,0.011454239413682848,1.0503047524387106e-06,0.01047280248117866
turbulence,2.511886431509582e-15,PS+GS-Uniform,PS+GS,Uniform QAM,0.009634633131619299,0.009102844052603936,0.010166422210634662,-1.3978302899230604e-05,0.00964861143451858
turbulence,3.16227766016838e-15,PS+GS-Uniform,PS+GS,Uniform QAM,0.00857943077345626,0.008056073527130295,0.009102788019782225,-3.59916481036282e-05,0.0086154224215599
turbulence,3.9810717055349695e-15,PS+GS-Uniform,PS+GS,Uniform QAM,0.007219311059644941,0.006892975172880119,0.007545646946409763,5.936227345296335e-05,0.007159948786191981
turbulence,5.0118723362727146e-15,PS+GS-Uniform,PS+GS,Uniform QAM,0.005795997880899,0.005079822723580098,0.006512173038217902,-4.2960097018959885e-05,0.005838957977918001
turbulence,6.309573444801943e-15,PS+GS-Uniform,PS+GS,Uniform QAM,0.0050817778231619,0.004507572660442663,0.005655982985881137,9.800491791164822e-07,0.0050807977739827995
turbulence,7.943282347242822e-15,PS+GS-Uniform,PS+GS,Uniform QAM,0.0038598666572919604,0.003408787140033614,0.004310946174550307,1.3888979682197821e-05,0.0038459776776096992
turbulence,1e-14,PS+GS-Uniform,PS+GS,Uniform QAM,0.0033147228386136603,0.002853499630147709,0.0037759460470796116,9.444132737650227e-06,0.003305278705875961
turbulence,1e-16,PS+GS-PS,PS+GS,PS,5.339965775533889e-05,5.264790082195431e-05,5.4151414688723475e-05,-2.987476026339308e-08,5.342953251554206e-05
turbulence,1.2589254117941662e-16,PS+GS-PS,PS+GS,PS,5.248610586636032e-05,5.1820205649541926e-05,5.3152006083178715e-05,2.2792688076644915e-08,5.2463313178260915e-05
turbulence,1.5848931924611106e-16,PS+GS-PS,PS+GS,PS,5.1359015309640485e-05,4.997321919712851e-05,5.274481142215246e-05,1.1622979774195129e-08,5.134739232985908e-05
turbulence,1.9952623149688832e-16,PS+GS-PS,PS+GS,PS,4.97482469364402e-05,4.820107572358027e-05,5.1295418149300134e-05,9.441627377704265e-09,4.9738805309079706e-05
turbulence,2.511886431509582e-16,PS+GS-PS,PS+GS,PS,4.9414197362700196e-05,4.819307114336775e-05,5.063532358203264e-05,9.450102240737834e-09,4.9404747260461954e-05
turbulence,3.1622776601683793e-16,PS+GS-PS,PS+GS,PS,4.8002074149601504e-05,4.6880697655772743e-05,4.9123450643430264e-05,2.4696717011718493e-09,4.799960447789964e-05
turbulence,3.9810717055349695e-16,PS+GS-PS,PS+GS,PS,4.642503358459893e-05,4.5210054244791306e-05,4.764001292440656e-05,-6.47433114731033e-09,4.64315079157368e-05
turbulence,5.011872336272716e-16,PS+GS-PS,PS+GS,PS,4.4559778094578614e-05,4.3322409956480793e-05,4.5797146232676435e-05,8.930475989404884e-09,4.455084761859629e-05
turbulence,6.309573444801943e-16,PS+GS-PS,PS+GS,PS,4.0756801348259404e-05,3.9489347342036895e-05,4.202425535448191e-05,9.268872808165796e-11,4.075670865952008e-05
turbulence,7.943282347242821e-16,PS+GS-PS,PS+GS,PS,3.9791357997059906e-05,3.8847658987087225e-05,4.073505700703259e-05,2.655653064259633e-09,3.978870234396248e-05
turbulence,1e-15,PS+GS-PS,PS+GS,PS,3.580050885786043e-05,3.4971481305641224e-05,3.662953641007964e-05,-1.3580184281269947e-09,3.580186687625747e-05
turbulence,1.2589254117941665e-15,PS+GS-PS,PS+GS,PS,3.224396184369899e-05,3.1226980719290184e-05,3.3260942968107796e-05,2.184937497679007e-08,3.2222112468720254e-05
turbulence,1.584893192461111e-15,PS+GS-PS,PS+GS,PS,2.9421844915079875e-05,2.8267642358790775e-05,3.057604747136897e-05,8.694633299166642e-09,2.9413150281779044e-05
turbulence,1.995262314968883e-15,PS+GS-PS,PS+GS,PS,2.566744957226072e-05,2.3385615724932626e-05,2.7949283419588813e-05,-5.484337140676532e-09,2.5672933909379193e-05
turbulence,2.511886431509582e-15,PS+GS-PS,PS+GS,PS,2.366121704378138e-05,2.2328570051326374e-05,2.4993864036236388e-05,7.528529809772143e-09,2.365368851401928e-05
turbulence,3.16227766016838e-15,PS+GS-PS,PS+GS,PS,2.112372782237977e-05,1.9769715093069886e-05,2.2477740551689658e-05,2.6153641174975203e-09,2.1121112458240277e-05
turbulence,3.9810717055349695e-15,PS+GS-PS,PS+GS,PS,1.753200662224022e-05,1.684294856125688e-05,1.8221064683223557e-05,9.249135987515756e-09,1.752275748631918e-05
turbulence,5.0118723362727146e-15,PS+GS-PS,PS+GS,PS,1.425781319845977e-05,1.25196756526377e-05,1.599595074428184e-05,1.3152407423583367e-09,1.4256497957679943e-05
turbulence,6.309573444801943e-15,PS+GS-PS,PS+GS,PS,1.2393902218199755e-05,1.0918850205395479e-05,1.3868954231004031e-05,-1.3710002134265099e-09,1.2395273218459429e-05
turbulence,7.943282347242822e-15,PS+GS-PS,PS+GS,PS,9.366178621940044e-06,8.245507311273917e-06,1.048684993260617e-05,2.7153629784254506e-09,9.363463258960439e-06
turbulence,1e-14,PS+GS-PS,PS+GS,PS,8.036209843819905e-06,6.924646787819509e-06,9.1477728998203e-06,-1.667045806640066e-09,8.037876889580714e-06
turbulence,1e-16,PS+GS-GS,PS+GS,GS,0.01989827885058166,0.019634246967601122,0.020162310733562196,2.2457813197883647e-05,0.01987582103738376
turbulence,1.2589254117941662e-16,PS+GS-GS,PS+GS,GS,0.01953967501055396,0.019172764303389763,0.019906585717718157,1.4114442197183663e-05,0.019525560568356717
turbulence,1.5848931924611106e-16,PS+GS-GS,PS+GS,GS,0.019194772683939397,0.018585352167986884,0.01980419319989191,6.613449195250225e-05,0.0191286381919869
turbulence,1.9952623149688832e-16,PS+GS-GS,PS+GS,GS,0.01855320690574162,0.017916480544523918,0.019189933266959322,9.441131735999086e-06,0.018543765774005634
turbulence,2.511886431509582e-16,PS+GS-GS,PS+GS,GS,0.01840645247645174,0.017906028209197,0.018906876743706478,-2.1005909041591774e-05,0.01842745838549334
turbulence,3.1622776601683793e-16,PS+GS-GS,PS+GS,GS,0.01785782348593238,0.01745839384481288,0.01825725312705188,-5.9672756134842856e-05,0.017917496242067198
turbulence,3.9810717055349695e-16,PS+GS-GS,PS+GS,GS,0.01725723820560236,0.01679394309974642,0.017720533311458297,-9.422382202459014e-05,0.0173514620276269
turbulence,5.011872336272716e-16,PS+GS-GS,PS+GS,GS,0.01668796629551432,0.01617965539745112,0.01719627719357752,2.8299650317434863e-05,0.016659666645196896
turbulence,6.309573444801943e-16,PS+GS-GS,PS+GS,GS,0.01529445417693038,0.01479104864950439,0.01579785970435637,1.2782171937434499e-05,0.015281672004992983
turbulence,7.943282347242821e-16,PS+GS-GS,PS+GS,GS,0.014911031521759922,0.014511526638882097,0.015310536404637747,-3.439450275643102e-06,0.014914470972035559
turbulence,1e-15,PS+GS-GS,PS+GS,GS,0.01348994318805204,0.013234393229454248,0.013745493146649832,3.3299235258405504e-05,0.01345664395279356
turbulence,1.2589254117941665e-15,PS+GS-GS,PS+GS,GS,0.0121368395764447,0.011730000809472214,0.012543678343417184,8.36604298786625e-06,0.012128473533456818
turbulence,1.584893192461111e-15,PS+GS-GS,PS+GS,GS,0.011043741878583759,0.010631262218165044,0.011456221539002474,-3.971454390584342e-05,0.01108345642248958
turbulence,1.995262314968883e-15,PS+GS-GS,PS+GS,GS,0.0097069276095159,0.008793287269219251,0.010620567949812549,9.197417847033734e-07,0.0097060078677312
turbulence,2.511886431509582e-15,PS+GS-GS,PS+GS,GS,0.008928076138297861,0.008434610656482893,0.00942154162011283,-1.41044504272108e-05,0.00894218058872508
turbulence,3.16227766016838e-15,PS+GS-GS,PS+GS,GS,0.007948548884303519,0.007464834210423206,0.008432263558183833,-3.6094690496834695e-05,0.007984643574800322
turbulence,3.9810717055349695e-15,PS+GS-GS,PS+GS,GS,0.00669452741136996,0.0063875561893404036,0.007001498633399517,5.9270781620868804e-05,0.006635256629749078
turbulence,5.0118723362727146e-15,PS+GS-GS,PS+GS,GS,0.0053675154620815,0.004701562394676734,0.006033468529486265,-4.30272917418396e-05,0.00541054275382328
turbulence,6.309573444801943e-15,PS+GS-GS,PS+GS,GS,0.00470877914453868,0.004177320164466242,0.005240238124611119,9.278434921718495e-07,0.00470785130104648
turbulence,7.943282347242822e-15,PS+GS-GS,PS+GS,GS,0.00357722737407382,0.0031590035606466247,0.003995451187501015,1.3861541948351901e-05,0.00356336583212548
turbulence,1e-14,PS+GS-GS,PS+GS,GS,0.0030716687292584198,0.0026439710608001234,0.003499366397716716,9.41477999142938e-06,0.0030622539492669793
excess_noise,0.0,PS-Uniform,PS,Uniform QAM,0.011859338763720119,0.011220791952711138,0.0124978855747291,4.4304163520643425e-05,0.011815034600199439
excess_noise,0.0005,PS-Uniform,PS,Uniform QAM,0.01373006762512928,0.012887511139225533,0.014572624111033028,-2.8967502129276095e-05,0.013759035127258637
excess_noise,0.001,PS-Uniform,PS,Uniform QAM,0.014618865512152962,0.014320267837443825,0.0149174631868621,-6.776423906185159e-07,0.014619543154543677
excess_noise,0.0015,PS-Uniform,PS,Uniform QAM,0.01551031610283532,0.014799839790269241,0.0162207924154014,2.4203614915523918e-05,0.015486112487919739
excess_noise,0.002,PS-Uniform,PS,Uniform QAM,0.01551717247745194,0.015361001470737117,0.015673343484166765,3.364815305486393e-05,0.015483524324397022
excess_noise,0.0025,PS-Uniform,PS,Uniform QAM,0.01583511909245686,0.01515456700092981,0.016515671183983907,5.297599693876719e-06,0.015829821492763
excess_noise,0.003,PS-Uniform,PS,Uniform QAM,0.01603578474071774,0.015465796657345375,0.016605772824090106,3.902390058745597e-05,0.01599676084013028
excess_noise,0.0035,PS-Uniform,PS,Uniform QAM,0.01672167779998558,0.01608269481615017,0.017360660783820987,4.4575798396680324e-05,0.016677102001588902
excess_noise,0.004,PS-Uniform,PS,Uniform QAM,0.016925833802441958,0.016722411076564407,0.01712925652831951,1.1394504606571376e-05,0.016914439297835402
excess_noise,0.0045,PS-Uniform,PS,Uniform QAM,0.017246905577671678,0.016403315117173408,0.018090496038169947,3.0027091070881358e-05,0.0172168784866008
excess_noise,0.005,PS-Uniform,PS,Uniform QAM,0.017513709405255422,0.017213543391119142,0.017813875419391702,-2.95361010702877e-06,0.01751666301536248
excess_noise,0.0055,PS-Uniform,PS,Uniform QAM,0.017582620672267502,0.01710589605450115,0.018059345290033856,2.410989565325386e-05,0.017558510776614245
excess_noise,0.006,PS-Uniform,PS,Uniform QAM,0.017571910169132617,0.01707583477480935,0.018067985563455884,-9.394015616485534e-06,0.0175813041847491
excess_noise,0.0065,PS-Uniform,PS,Uniform QAM,0.017853417183888658,0.017396897909259017,0.0183099364585183,-3.9556351625648634e-05,0.017892973535514275
excess_noise,0.007,PS-Uniform,PS,Uniform QAM,0.01806094688461774,0.01727880332094428,0.018843090448291203,-2.4651683564682754e-05,0.018085598568182502
excess_noise,0.0075,PS-Uniform,PS,Uniform QAM,0.01894692121466272,0.018270700057861158,0.019623142371464283,-3.61092659150393e-05,0.01898303048057776
excess_noise,0.008,PS-Uniform,PS,Uniform QAM,0.01876550519763106,0.01814599284129902,0.0193850175539631,4.223601953337083e-05,0.018723269178097697
excess_noise,0.0085,PS-Uniform,PS,Uniform QAM,0.018944787004113,0.018413809534165687,0.01947576447406031,-3.4003411930313975e-06,0.01894818734530606
excess_noise,0.009,PS-Uniform,PS,Uniform QAM,0.0193737325867794,0.018473034212668375,0.020274430960890426,-3.7681305245927665e-06,0.019377500717303982
excess_noise,0.0095,PS-Uniform,PS,Uniform QAM,0.019630361853875698,0.018552647006955053,0.020708076700796343,3.305590961021232e-05,0.01959730594426548
excess_noise,0.01,PS-Uniform,PS,Uniform QAM,0.01877643738139734,0.018118627364596962,0.01943424739819772,5.5264409680861045e-05,0.018721172971716417
excess_noise,0.0,GS-Uniform,GS,Uniform QAM,0.0009632330312159002,0.0009102593653074443,0.001016206697124356,2.1380819002644877e-07,0.0009630192230258405
excess_noise,0.0005,GS-Uniform,GS,Uniform QAM,0.00103392119783812,0.0009791421224241562,0.0010887002732520837,2.0013337054633485e-07,0.001033721064467638
excess_noise,0.001,GS-Uniform,GS,Uniform QAM,0.00106960573549978,0.001045358123215124,0.001093853347784436,2.444577209227694e-07,0.001069361277778899
excess_noise,0.0015,GS-Uniform,GS,Uniform QAM,0.0011121956500160604,0.0010626408062235444,0.0011617504938085763,2.5338970883373444e-07,0.0011119422603072028
excess_noise,0.002,GS-Uniform,GS,Uniform QAM,0.00109685053042852,0.001081452128631135,0.0011122489322259051,2.3955056607169455e-07,0.001096610979862417
excess_noise,0.0025,GS-Uniform,GS,Uniform QAM,0.0011084344076495803,0.0010648190021205492,0.0011520498131786113,2.2531905010253482e-07,0.0011082090885995183
excess_noise,0.003,GS-Uniform,GS,Uniform QAM,0.0011089226393303,0.0010655246205310627,0.0011523206581295375,2.1565906385620502e-07,0.001108706980266458
excess_noise,0.0035,GS-Uniform,GS,Uniform QAM,0.0011459856820211398,0.001106262953525141,0.0011857084105171387,2.334068423479052e-07,0.001145752275178802
excess_noise,0.004,GS-Uniform,GS,Uniform QAM,0.0011531101079774,0.001141907785756394,0.001164312430198406,1.9660165769194715e-07,0.0011529135063197444
excess_noise,0.0045,GS-Uniform,GS,Uniform QAM,0.0011655926226896,0.0011126992469482756,0.0012184859984309244,2.1487377869250368e-07,0.0011653777489109007
excess_noise,0.005,GS-Uniform,GS,Uniform QAM,0.00117858519377862,0.001155102274937368,0.0012020681126198717,2.2089065176311707e-07,0.0011783643031268803
excess_noise,0.0055,GS-Uniform,GS,Uniform QAM,0.00117461690766988,0.0011453937247981917,0.0012038400905415685,1.8586988513175083e-07,0.0011744310377846622
excess_noise,0.006,GS-Uniform,GS,Uniform QAM,0.0011697794302904202,0.001133747801756746,0.0012058110588240945,2.2186914777552745e-07,0.00116955756114262
excess_noise,0.0065,GS-Uniform,GS,Uniform QAM,0.0011847809062930802,0.0011585614290249733,0.001211000383561187,2.1282283611395723e-07,0.001184568083457016
excess_noise,0.007,GS-Uniform,GS,Uniform QAM,0.0011917193239187802,0.0011424633144805929,0.0012409753333569675,2.2361799610098874e-07,0.001191495705922721
excess_noise,0.0075,GS-Uniform,GS,Uniform QAM,0.0012444268010988401,0.0012064473621411214,0.0012824062400565589,2.5935782107938673e-07,0.0012441674432777995
excess_noise,0.008,GS-Uniform,GS,Uniform QAM,0.00122290835936296,0.0011851741173743268,0.001260642601351593,2.30034632958398e-07,0.0012226783247300172
excess_noise,0.0085,GS-Uniform,GS,Uniform QAM,0.00123246157076216,0.001194857143659201,0.001270065997865119,2.2724678126639916e-07,0.0012322343239809185
excess_noise,0.009,GS-Uniform,GS,Uniform QAM,0.00125567287330292,0.0012005940587844354,0.0013107516878214046,2.677957678262621e-07,0.0012554050775351016
excess_noise,0.0095,GS-Uniform,GS,Uniform QAM,0.0012652369202605402,0.0011957693308021697,0.0013347045097189107,2.217458747472145e-07,0.0012650151743857612
excess_noise,0.01,GS-Uniform,GS,Uniform QAM,0.0012054664002344,0.0011670465064147824,0.0012438862940540175,2.0839245879492038e-07,0.0012052580077755808
excess_noise,0.0,PS+GS-Uniform,PS+GS,Uniform QAM,0.011868507654013701,0.011229438695585759,0.012507576612441644,4.4314823615082266e-05,0.01182419283039864
excess_noise,0.0005,PS+GS-Uniform,PS+GS,Uniform QAM,0.01375899916949308,0.012914839141030901,0.014603159197955259,-2.8959169225764578e-05,0.01378795833871892
excess_noise,0.001,PS+GS-Uniform,PS+GS,Uniform QAM,0.014655024201989119,0.014355618046500155,0.014954430357478083,-6.797084542109477e-07,0.014655703910443418
excess_noise,0.0015,PS+GS-Uniform,PS+GS,Uniform QAM,0.015552426750235878,0.014840042906426747,0.01626481059404501,2.422474700242691e-05,0.0155282020032334
excess_noise,0.002,PS+GS-Uniform,PS+GS,Uniform QAM,0.015562050143071118,0.015405354833525576,0.01571874545261666,3.364749004032511e-05,0.015528402653030824
excess_noise,0.0025,PS+GS-Uniform,PS+GS,Uniform QAM,0.015883329265028397,0.015200801160500809,0.016565857369555983,5.3061737579884744e-06,0.015878023091270416
excess_noise,0.003,PS+GS-Uniform,PS+GS,Uniform QAM,0.01608646885528508,0.01551447538260572,0.016658462327964436,3.902572695901579e-05,0.016047443128326077
excess_noise,0.0035,PS+GS-Uniform,PS+GS,Uniform QAM,0.01677629273572104,0.016135354934038223,0.01741723053740386,4.458488542457353e-05,0.016731707850296446
excess_noise,0.004,PS+GS-Uniform,PS+GS,Uniform QAM,0.016982785718269222,0.01677878077033254,0.017186790666205903,1.1383891204936464e-05,0.01697140182706432
excess_noise,0.0045,PS+GS-Uniform,PS+GS,Uniform QAM,0.017306314748369456,0.01645998939081122,0.01815264010592769,3.0038656322770443e-05,0.017276276092046676
excess_noise,0.005,PS+GS-Uniform,PS+GS,Uniform QAM,0.017575435841753896,0.01727403542972301,0.01787683625378478,-2.9402550162230254e-06,0.01757837609677012
excess_noise,0.0055,PS+GS-Uniform,PS+GS,Uniform QAM,0.01764564868874972,0.017167321692344296,0.018123975685155145,2.410592613857926e-05,0.01762154276261114
excess_noise,0.006,PS+GS-Uniform,PS+GS,Uniform QAM,0.01763611681534024,0.01713801425069776,0.01813421937998272,-9.390252153810979e-06,0.01764550706749404
excess_noise,0.0065,PS+GS-Uniform,PS+GS,Uniform QAM,0.017919757662368717,0.017461673071371017,0.018377842253366417,-3.9553397022250713e-05,0.017959311059390977
excess_noise,0.007,PS+GS-Uniform,PS+GS,Uniform QAM,0.01812900067343434,0.017343880168768835,0.018914121178099843,-2.46201701526752e-05,0.01815362084358708
excess_noise,0.0075,PS+GS-Uniform,PS+GS,Uniform QAM,0.01901935518166928,0.018340880443403478,0.01969782991993508,-3.608521988974267e-05,0.01905544040155898
excess_noise,0.008,PS+GS-Uniform,PS+GS,Uniform QAM,0.018837747126589702,0.018215946826637706,0.0194595474265417,4.225300287238026e-05,0.018795494123717338
excess_noise,0.0085,PS+GS-Uniform,PS+GS,Uniform QAM,0.01901873634224478,0.01848544656276184,0.01955202612172772,-3.384378233916435e-06,0.019022120720478677
excess_noise,0.009,PS+GS-Uniform,PS+GS,Uniform QAM,0.019450156487107843,0.01854602344766876,0.020354289526546925,-3.74489811430817e-06,0.019453901385222183
excess_noise,0.0095,PS+GS-Uniform,PS+GS,Uniform QAM,0.01970838554041466,0.018626221779742498,0.02079054930108682,3.30479963117801e-05,0.019675337544102858
excess_noise,0.01,PS+GS-Uniform,PS+GS,Uniform QAM,0.01885159198801422,0.018191356151578183,0.019511827824450257,5.5272617997421116e-05,0.01879631937001678
excess_noise,0.0,PS+GS-PS,PS+GS,PS,9.168890293580895e-06,8.641938030001734e-06,9.695842557160056e-06,1.0660094438841304e-08,9.15823019919937e-06
excess_noise,0.0005,PS+GS-PS,PS+GS,PS,2.8931544363799966e-05,2.732427553731523e-05,3.05388131902847e-05,8.332903511515388e-09,2.8923211460281374e-05
excess_noise,0.001,PS+GS-PS,PS+GS,PS,3.615868983615905e-05,3.5312259187529115e-05,3.7005120484788984e-05,-2.066063592431888e-09,3.6160755899743155e-05
excess_noise,0.0015,PS+GS-PS,PS+GS,PS,4.2110647400559616e-05,4.016666673066241e-05,4.4054628070456824e-05,2.1132086902991843e-08,4.208951531366051e-05
excess_noise,0.002,PS+GS-PS,PS+GS,PS,4.487766561917933e-05,4.426853532046853e-05,4.548679591789013e-05,-6.630145388264452e-10,4.48783286338017e-05
excess_noise,0.0025,PS+GS-PS,PS+GS,PS,4.821017257153962e-05,4.620513457264024e-05,5.0215210570439e-05,8.574064111754875e-09,4.8201598507414956e-05
excess_noise,0.003,PS+GS-PS,PS+GS,PS,5.068411456733979e-05,4.863387253328293e-05,5.273435660139665e-05,1.826371559821016e-09,5.068228819579829e-05
excess_noise,0.0035,PS+GS-PS,PS+GS,PS,5.461493573545931e-05,5.2656340988345536e-05,5.657353048257308e-05,9.08702789320648e-09,5.460584870754098e-05
excess_noise,0.004,PS+GS-PS,PS+GS,PS,5.695191582726009e-05,5.632884277324849e-05,5.757498888127169e-05,-1.0613401634912423e-08,5.696252922891831e-05
excess_noise,0.0045,PS+GS-PS,PS+GS,PS,5.940917069777937e-05,5.6635738991002996e-05,6.218260240455574e-05,1.1565251889084082e-08,5.939760544587808e-05
excess_noise,0.005,PS+GS-PS,PS+GS,PS,6.172643649847916e-05,6.047113887828122e-05,6.298173411867712e-05,1.3355090805744485e-08,6.171308140763832e-05
excess_noise,0.0055,PS+GS-PS,PS+GS,PS,6.302801648222084e-05,6.141992332684519e-05,6.46361096375965e-05,-3.969514674601049e-09,6.303198599689752e-05
excess_noise,0.006,PS+GS-PS,PS+GS,PS,6.420664620762143e-05,6.216083996884977e-05,6.62524524463931e-05,3.7634626745552955e-09,6.420288274494034e-05
excess_noise,0.0065,PS+GS-PS,PS+GS,PS,6.63404784800592e-05,6.47719997211163e-05,6.79089572390021e-05,2.9546033979144233e-09,6.633752387670277e-05
excess_noise,0.007,PS+GS-PS,PS+GS,PS,6.80537888166001e-05,6.507225036794697e-05,7.103532726525323e-05,3.151341200754997e-08,6.802227540458062e-05
excess_noise,0.0075,PS+GS-PS,PS+GS,PS,7.243396700656116e-05,7.016008055194549e-05,7.470785346117683e-05,2.4046025296625694e-08,7.240992098122012e-05
excess_noise,0.008,PS+GS-PS,PS+GS,PS,7.224192895863915e-05,6.991518574263617e-05,7.456867217464214e-05,1.6983339009429832e-08,7.222494561963944e-05
excess_noise,0.0085,PS+GS-PS,PS+GS,PS,7.394933813177907e-05,7.159707746659839e-05,7.630159879695974e-05,1.596295911496237e-08,7.3933375172619e-05
excess_noise,0.009,PS+GS-PS,PS+GS,PS,7.642390032843935e-05,7.296126434310818e-05,7.988653631377052e-05,2.3232410284595994e-08,7.64006679182e-05
excess_noise,0.0095,PS+GS-PS,PS+GS,PS,7.80236865389597e-05,7.357360098996613e-05,8.247377208795326e-05,-7.91329843222166e-09,7.803159983737762e-05
excess_noise,0.01,PS+GS-PS,PS+GS,PS,7.515460661687914e-05,7.267837677353332e-05,7.763083646022496e-05,8.208316560065487e-09,7.514639830036585e-05
excess_noise,0.0,PS+GS-GS,PS+GS,GS,0.010905274622797799,0.010318501438863719,0.01149204780673188,4.4101015425055815e-05,0.010861173607372798
excess_noise,0.0005,PS+GS-GS,PS+GS,GS,0.012725077971654961,0.011935534815868716,0.013514621127441206,-2.9159302596310916e-05,0.01275423727425128
excess_noise,0.001,PS+GS-GS,PS+GS,GS,0.01358541846648934,0.013309174542892564,0.013861662390086116,-9.241661751337172e-07,0.013586342632664523
excess_noise,0.0015,PS+GS-GS,PS+GS,GS,0.01444023110021982,0.013776478483417738,0.015103983717021902,2.3971357293593174e-05,0.014416259742926197
excess_noise,0.002,PS+GS-GS,PS+GS,GS,0.014465199612642598,0.014321733251220888,0.014608665974064308,3.340793947425341e-05,0.014431791673168406
excess_noise,0.0025,PS+GS-GS,PS+GS,GS,0.014774894857378821,0.01413533735986576,0.015414452354891882,5.08085470788594e-06,0.0147698140026709
excess_noise,0.003,PS+GS-GS,PS+GS,GS,0.01497754621595478,0.014447940912418142,0.015507151519491417,3.881006789515958e-05,0.01493873614805962
excess_noise,0.0035,PS+GS-GS,PS+GS,GS,0.015630307053699898,0.015028991381621483,0.016231622725778314,4.435147858222563e-05,0.015585955575117641
excess_noise,0.004,PS+GS-GS,PS+GS,GS,0.015829675610291822,0.015636061239811615,0.01602328998077203,1.1187289547244516e-05,0.015818488320744575
excess_noise,0.0045,PS+GS-GS,PS+GS,GS,0.01614072212567986,0.015346535401269911,0.016934908850089806,2.9823782544077937e-05,0.016110898343135775
excess_noise,0.005,PS+GS-GS,PS+GS,GS,0.016396850647975282,0.016118655375775306,0.01667504592017526,-3.1611456679861427e-06,0.016400011793643237
excess_noise,0.0055,PS+GS-GS,PS+GS,GS,0.016471031781079844,0.016021823128427436,0.01692024043373225,2.392005625344751e-05,0.01644711172482648
excess_noise,0.006,PS+GS-GS,PS+GS,GS,0.01646633738504982,0.016003963787009343,0.016928710983090296,-9.612121301586506e-06,0.01647594950635142
excess_noise,0.0065,PS+GS-GS,PS+GS,GS,0.016734976756075638,0.016303061103913614,0.017166892408237662,-3.9766219858364673e-05,0.01677474297593396
excess_noise,0.007,PS+GS-GS,PS+GS,GS,0.016937281349515557,0.016201299345787852,0.017673263353243263,-2.484378814877619e-05,0.01696212513766436
excess_noise,0.0075,PS+GS-GS,PS+GS,GS,0.017774928380570442,0.017134147053362577,0.018415709707778307,-3.6344577710822055e-05,0.01781127295828118
excess_noise,0.008,PS+GS-GS,PS+GS,GS,0.01761483876722674,0.01703023296766728,0.018199444566786203,4.2022968239421865e-05,0.01757281579898732
excess_noise,0.0085,PS+GS-GS,PS+GS,GS,0.01778627477148262,0.017290077603171666,0.01828247193979357,-3.6116250151828343e-06,0.01778988639649776
excess_noise,0.009,PS+GS-GS,PS+GS,GS,0.01819448361380492,0.017345001495235025,0.019043965732374817,-4.012693882134432e-06,0.018198496307687082
excess_noise,0.0095,PS+GS-GS,PS+GS,GS,0.01844314862015412,0.01743041578669247,0.019455881453615768,3.282625043703288e-05,0.018410322369717097
excess_noise,0.01,PS+GS-GS,PS+GS,GS,0.01764612558777982,0.017023558759824524,0.018268692415735116,5.5064225538626187e-05,0.0175910613622412
distance,20.0,PS-Uniform,PS,Uniform QAM,0.014756374327851799,0.01410088303766608,0.015411865618037517,4.3189828547116756e-05,0.014713184499304716
distance,24.0,PS-Uniform,PS,Uniform QAM,0.0075726501479581,0.007273097368469986,0.007872202927446214,-8.086988910624426e-06,0.007580737136868779
distance,28.0,PS-Uniform,PS,Uniform QAM,0.0038978867232794404,0.003686359360419586,0.004109414086139295,1.5690482210997322e-06,0.0038963176750582995
distance,32.0,PS-Uniform,PS,Uniform QAM,0.00214710367960264,0.002020645406027368,0.0022735619531779115,9.123700244872966e-07,0.00214619130957818
distance,36.0,PS-Uniform,PS,Uniform QAM,0.0011968534106692598,0.0010890398846925841,0.0013046669366459354,8.598914039471394e-07,0.0011959935192653
distance,40.0,PS-Uniform,PS,Uniform QAM,0.0006348908712405808,0.000533339168434989,0.0007364425740461726,-8.756307538690822e-07,0.0006357665019944399
distance,44.0,PS-Uniform,PS,Uniform QAM,0.0003281626754172964,0.0002846706407248605,0.00037165471010973237,1.3443878920250234e-06,0.00032681828752530005
distance,48.0,PS-Uniform,PS,Uniform QAM,0.00020350254790917123,0.00017978665233283123,0.00022721844348551123,-2.686602351629748e-07,0.00020377120814438
distance,52.0,PS-Uniform,PS,Uniform QAM,0.00010695333391304109,9.259367185958684e-05,0.00012131299596649533,-1.670896204500051e-07,0.00010712042353354002
distance,56.0,PS-Uniform,PS,Uniform QAM,5.946477279822041e-05,5.297555200674022e-05,6.59539935897006e-05,3.3699023199859016e-09,5.9461402895840014e-05
distance,60.0,PS-Uniform,PS,Uniform QAM,3.575272447087611e-05,3.3573442366201706e-05,3.793200657555052e-05,2.455377850799859e-08,3.57281706922929e-05
distance,64.0,PS-Uniform,PS,Uniform QAM,1.880339723156526e-05,1.5137917236317089e-05,2.2468877226813432e-05,1.124486698551298e-08,1.8792152364579746e-05
distance,68.0,PS-Uniform,PS,Uniform QAM,1.1943803995474769e-05,1.0500587954767244e-05,1.3387020036182294e-05,-2.63518402373072e-09,1.19464391794985e-05
distance,72.0,PS-Uniform,PS,Uniform QAM,7.671415706329462e-06,6.230228806414682e-06,9.112602606244242e-06,6.113268231557558e-10,7.670804379506304e-06
distance,76.0,PS-Uniform,PS,Uniform QAM,4.0607157959051535e-06,3.731828886518546e-06,4.389602705291761e-06,1.1055882671827066e-08,4.0496599132333255e-06
distance,80.0,PS-Uniform,PS,Uniform QAM,2.724176595791418e-06,2.310453519041377e-06,3.137899672541459e-06,-6.4965733377955744e-09,2.7306731691292135e-06
distance,84.0,PS-Uniform,PS,Uniform QAM,1.5486316783369648e-06,1.2347473011799483e-06,1.8625160554939812e-06,-8.657868773646298e-10,1.5494974652143292e-06
distance,88.0,PS-Uniform,PS,Uniform QAM,8.375883524600058e-07,6.8902297951646e-07,9.861537254035516e-07,1.7650284981491598e-09,8.35823323961857e-07
distance,92.0,PS-Uniform,PS,Uniform QAM,4.873578089231722e-07,4.21131895446034e-07,5.535837224003104e-07,2.582557892018278e-09,4.84775251031154e-07
distance,96.0,PS-Uniform,PS,Uniform QAM,3.195895273015032e-07,2.62450020716135e-07,3.7672903388687134e-07,7.881390037475989e-10,3.1880138829775556e-07
distance,100.0,PS-Uniform,PS,Uniform QAM,2.3346114778909082e-07,1.987703698682522e-07,2.681519257099294e-07,2.566721462454735e-10,2.332044756428453e-07
distance,20.0,GS-Uniform,GS,Uniform QAM,0.0010761974869683603,0.0010273541996156284,0.0011250407743210922,2.0244118519308073e-07,0.001075995045783179
distance,24.0,GS-Uniform,GS,Uniform QAM,0.0005618731140676397,0.0005412721670577144,0.000582474061077565,2.5738829236426898e-08,0.0005618473752383987
distance,28.0,GS-Uniform,GS,Uniform QAM,0.0002920559330664999,0.00027746331032741625,0.0003066485558055836,1.9371735035522696e-10,0.0002920557393491792
distance,32.0,GS-Uniform,GS,Uniform QAM,0.00016223164073570002,0.00015316747803256658,0.00017129580343883347,-9.33198052738976e-10,0.0001622325739337401
distance,36.0,GS-Uniform,GS,Uniform QAM,9.109891586298e-05,8.224291212257613e-05,9.995491960338388e-05,-2.281021439787256e-10,9.109914396512007e-05
distance,40.0,GS-Uniform,GS,Uniform QAM,4.873850222572078e-05,4.125303782828545e-05,5.622396662315611e-05,-2.971326395866114e-11,4.8738531938940026e-05
distance,44.0,GS-Uniform,GS,Uniform QAM,2.5196475710670614e-05,2.188087301238029e-05,2.8512078408960938e-05,-4.243098986316668e-12,2.5196479953700034e-05
distance,48.0,GS-Uniform,GS,Uniform QAM,1.5782418578035127e-05,1.391592520628973e-05,1.7648911949780524e-05,-2.6479159782790554e-12,1.578242122593999e-05
distance,52.0,GS-Uniform,GS,Uniform QAM,8.333831962857553e-06,7.2064077309040646e-06,9.461256194811042e-06,-1.4044401002409613e-11,8.33384600726e-06
distance,56.0,GS-Uniform,GS,Uniform QAM,4.643632281499769e-06,4.14601890714276e-06,5.141245655856779e-06,-1.3799700133141669e-12,4.643633661440005e-06
distance,60.0,GS-Uniform,GS,Uniform QAM,2.7992482615148485e-06,2.6360699312646655e-06,2.9624265917650315e-06,-2.1511799340543507e-13,2.799248476640005e-06
distance,64.0,GS-Uniform,GS,Uniform QAM,1.4774144571961039e-06,1.1812218758096318e-06,1.7736070385825759e-06,4.575333501958624e-13,1.4774139996627536e-06
distance,68.0,GS-Uniform,GS,Uniform QAM,9.415613741346057e-07,8.21723469857378e-07,1.0613992784118334e-06,3.134867494444023e-14,9.415613427859307e-07
distance,72.0,GS-Uniform,GS,Uniform QAM,6.059681288169553e-07,4.911287532564545e-07,7.208075043774562e-07,-4.782103179225738e-13,6.059686070272741e-07
distance,76.0,GS-Uniform,GS,Uniform QAM,3.2079395915832196e-07,2.9463212033300274e-07,3.469557979836412e-07,-2.878704219444472e-14,3.2079398794536316e-07
distance,80.0,GS-Uniform,GS,Uniform QAM,2.1670703267629574e-07,1.838878702197849e-07,2.4952619513280656e-07,-4.781773588202753e-13,2.1670751085365453e-07
distance,84.0,GS-Uniform,GS,Uniform QAM,1.2322983322914788e-07,9.82572328068578e-08,1.4820243365143795e-07,1.201712339943492e-13,1.2322971305791388e-07
distance,88.0,GS-Uniform,GS,Uniform QAM,6.660476737089385e-08,5.460058855278257e-08,7.860894618900512e-08,-2.933812886665458e-14,6.660479670902311e-08
distance,92.0,GS-Uniform,GS,Uniform QAM,3.870159460926671e-08,3.3369893082133664e-08,4.4033296136399757e-08,4.528998707868894e-14,3.870154931927979e-08
distance,96.0,GS-Uniform,GS,Uniform QAM,2.5492177807354137e-08,2.0915782891709637e-08,3.0068572722998636e-08,2.0000633074035643e-14,2.549215780672104e-08
distance,100.0,GS-Uniform,GS,Uniform QAM,1.866896817505348e-08,1.5893912273242845e-08,2.1444024076864115e-08,1.6934058322259915e-14,1.8668951240995158e-08
distance,20.0,PS+GS-Uniform,PS+GS,Uniform QAM,0.014792779310243458,0.014135618748422675,0.015449939872064241,4.318867869407814e-05,0.014749590631549398
distance,24.0,PS+GS-Uniform,PS+GS,Uniform QAM,0.007590931278872238,0.007290675183635451,0.007891187374109024,-8.088560298556562e-06,0.007599019839170817
distance,28.0,PS+GS-Uniform,PS+GS,Uniform QAM,0.00390707183409958,0.0036950773019117067,0.004119066366287453,1.5669907967142195e-06,0.003905504843302839
distance,32.0,PS+GS-Uniform,PS+GS,Uniform QAM,0.0021520775434754396,0.002025329855468573,0.0022788252314823064,9.129328944524653e-07,0.0021511646105809796
distance,36.0,PS+GS-Uniform,PS+GS,Uniform QAM,0.00119958028445476,0.0010914951714783069,0.0013076653974312133,8.598133474440293e-07,0.00119872047110732
distance,40.0,PS+GS-Uniform,PS+GS,Uniform QAM,0.0006363203356393808,0.0005345453408426763,0.0007380953304360852,-8.757023203330351e-07,0.0006371960379597199
distance,44.0,PS+GS-Uniform,PS+GS,Uniform QAM,0.00032888849907895644,0.00028529913570487207,0.0003724778624530408,1.344503838214019e-06,0.0003275439952407601
distance,48.0,PS+GS-Uniform,PS+GS,Uniform QAM,0.0002039503949308312,0.00018018086744100967,0.00022771992242065272,-2.6863092616200205e-07,0.00020421902585706
distance,52.0,PS+GS-Uniform,PS+GS,Uniform QAM,0.00010718635300744665,9.279476854171996e-05,0.00012157793747317334,-1.670890426600023e-07,0.00010735344205016
distance,56.0,PS+GS-Uniform,PS+GS,Uniform QAM,5.959298954394045e-05,5.308983614582643e-05,6.609614294205446e-05,3.3743873839971657e-09,5.958961515654001e-05
distance,60.0,PS+GS-Uniform,PS+GS,Uniform QAM,3.582919116816456e-05,3.364539731735519e-05,3.8012985018973933e-05,2.4566037479006775e-08,3.580462513061779e-05
distance,64.0,PS+GS-Uniform,PS+GS,Uniform QAM,1.8843281393264195e-05,1.5169746524711743e-05,2.2516816261816645e-05,1.1242928933986872e-08,1.883203846433021e-05
distance,68.0,PS+GS-Uniform,PS+GS,Uniform QAM,1.1969009016888634e-05,1.0522545381452714e-05,1.3415472652324554e-05,-2.6350354794301484e-09,1.1971644052368064e-05
distance,72.0,PS+GS-Uniform,PS+GS,Uniform QAM,7.687509992345619e-06,6.243273917791878e-06,9.131746066899359e-06,6.112857665191429e-10,7.686898706579098e-06
distance,76.0,PS+GS-Uniform,PS+GS,Uniform QAM,4.069155382396481e-06,3.7395883978926985e-06,4.398722366900264e-06,1.1055725693785066e-08,4.058099656702694e-06
distance,80.0,PS+GS-Uniform,PS+GS,Uniform QAM,2.7298418507885543e-06,2.315253172583372e-06,3.1444305289937366e-06,-6.4966234774796465e-09,2.736338474266034e-06
distance,84.0,PS+GS-Uniform,PS+GS,Uniform QAM,1.5518297933698329e-06,1.2372930004858602e-06,1.8663665862538055e-06,-8.655926620609072e-10,1.5526953860318937e-06
distance,88.0,PS+GS-Uniform,PS+GS,Uniform QAM,8.393047820873246e-07,6.904269611264375e-07,9.881826030482117e-07,1.7650032892170359e-09,8.375397787981076e-07
distance,92.0,PS+GS-Uniform,PS+GS,Uniform QAM,4.883487906414199e-07,4.219867111796098e-07,5.547108701032301e-07,2.5825721398572974e-09,4.857662185015627e-07
distance,96.0,PS+GS-Uniform,PS+GS,Uniform QAM,3.202385859804938e-07,2.629818320684313e-07,3.7749533989255633e-07,7.881502931198138e-10,3.1945043568737397e-07
distance,100.0,PS+GS-Uniform,PS+GS,Uniform QAM,2.3393452198282317e-07,1.9917272877826425e-07,2.686963151873821e-07,2.5664041787554217e-10,2.3367788156494763e-07
distance,20.0,PS+GS-PS,PS+GS,PS,3.640498239166068e-05,3.470103189132857e-05,3.810893289199279e-05,-1.1498530386178095e-09,3.640613224468181e-05
distance,24.0,PS+GS-PS,PS+GS,PS,1.82811309141398e-05,1.7576573690113768e-05,1.898568813816583e-05,-1.5713879321366253e-09,1.828270230203946e-05
distance,28.0,PS+GS-PS,PS+GS,PS,9.18511082014014e-06,8.716555620778271e-06,9.653666019502008e-06,-2.057424385512596e-09,9.187168244539911e-06
distance,32.0,PS+GS-PS,PS+GS,PS,4.973863872800074e-06,4.683738955526974e-06,5.263988790073174e-06,5.628699651684388e-10,4.9733010027998984e-06
distance,36.0,PS+GS-PS,PS+GS,PS,2.7268737854999754e-06,2.4549019598708083e-06,2.9988456111291424e-06,-7.805650311006051e-11,2.7269518420199903e-06
distance,40.0,PS+GS-PS,PS+GS,PS,1.4294643987999844e-06,1.2058308939075794e-06,1.6530979036923893e-06,-7.156646395292676e-11,1.4295359652800703e-06
distance,44.0,PS+GS-PS,PS+GS,PS,7.258236616600016e-07,6.28427577760898e-07,8.232197455591051e-07,1.1594618899539443e-10,7.257077154600514e-07
distance,48.0,PS+GS-PS,PS+GS,PS,4.4784702166000116e-07,3.942145404178986e-07,5.014795029021037e-07,2.930900097272704e-11,4.4781771268000235e-07
distance,52.0,PS+GS-PS,PS+GS,PS,2.3301909440554752e-07,2.0105489163710258e-07,2.6498329717399246e-07,5.777900028000258e-13,2.3301851662000132e-07
distance,56.0,PS+GS-PS,PS+GS,PS,1.282167457200537e-07,1.1424172728119221e-07,1.4219176415891518e-07,4.485064011264423e-12,1.28212260699993e-07
distance,60.0,PS+GS-PS,PS+GS,PS,7.646669728845435e-08,7.193672951935685e-08,8.099666505755185e-08,1.2258971008184248e-11,7.645443832488962e-08
distance,64.0,PS+GS-PS,PS+GS,PS,3.988416169893621e-08,3.182517594641486e-08,4.7943147451457555e-08,-1.938051526106563e-12,3.9886099750460755e-08
distance,68.0,PS+GS-PS,PS+GS,PS,2.520502141386539e-08,2.1956260244141324e-08,2.8453782583589456e-08,1.4854430057146487e-13,2.520487286956089e-08
distance,72.0,PS+GS-PS,PS+GS,PS,1.6094286016156525e-08,1.3043777305915912e-08,1.914479472639714e-08,-4.105663661287508e-14,1.609432707279334e-08
distance,76.0,PS+GS-PS,PS+GS,PS,8.439586491326734e-09,7.756147342672247e-09,9.12302563998122e-09,-1.5697804199845342e-13,8.439743469368378e-09
distance,80.0,PS+GS-PS,PS+GS,PS,5.6652549971366324e-09,4.799565655383771e-09,6.530944338889494e-09,-5.01396840713042e-14,5.665305136820508e-09
distance,84.0,PS+GS-PS,PS+GS,PS,3.1981150328680007e-09,2.545326732208864e-09,3.850903333527138e-09,1.9421530372260961e-13,3.197920817564566e-09
distance,88.0,PS+GS-PS,PS+GS,PS,1.716429627318612e-09,1.4038230910403047e-09,2.0290361635969193e-09,-2.5208932123721856e-14,1.7164548362507824e-09
distance,92.0,PS+GS-PS,PS+GS,PS,9.909817182476981e-10,8.546170753296755e-10,1.1273463611657208e-09,1.424783901970983e-14,9.909674704086657e-10
distance,96.0,PS+GS-PS,PS+GS,PS,6.49058678990646e-10,5.317837541212681e-10,7.663336038600239e-10,1.1289372214839942e-14,6.490473896184068e-10
distance,100.0,PS+GS-PS,PS+GS,PS,4.733741937323782e-10,4.023124297629076e-10,5.444359577018489e-10,-3.172836993137196e-14,4.73405922102353e-10
distance,20.0,PS+GS-GS,PS+GS,GS,0.013716581823275101,0.013106939700081244,0.014326223946468958,4.2986237508885055e-05,0.013673595585766219
distance,24.0,PS+GS-GS,PS+GS,GS,0.0070290581648046,0.006749375948250234,0.007308740381358966,-8.114299127792989e-06,0.007037172463932419
distance,28.0,PS+GS-GS,PS+GS,GS,0.00361501590103308,0.003417545480803571,0.0038124863212625885,1.5667970793638643e-06,0.0036134491039536603
distance,32.0,PS+GS-GS,PS+GS,GS,0.0019898459027397402,0.00187214724687473,0.0021075445586047504,9.138660925052041e-07,0.0019889320366472396
distance,36.0,PS+GS-GS,PS+GS,GS,0.00110848136859178,0.0010092391709558516,0.0012077235662277086,8.600414495880081e-07,0.0011076213271421999
distance,40.0,PS+GS-GS,PS+GS,GS,0.00058758183341366,0.0004932814640743716,0.0006818822027529484,-8.756726070690765e-07,0.00058845750602078
distance,44.0,PS+GS-GS,PS+GS,GS,0.0003036920233682858,0.00026341584422579303,0.0003439682025107786,1.3445080813130051e-06,0.00030234751528706
distance,48.0,PS+GS-GS,PS+GS,GS,0.00018816797635279605,0.00016626480955485152,0.00021007114315074057,-2.686282782460238e-07,0.00018843660463112002
distance,52.0,PS+GS-GS,PS+GS,GS,9.88525210445891e-05,8.558722838739329e-05,0.00011211781370178492,-1.670749982589999e-07,9.90195960429e-05
distance,56.0,PS+GS-GS,PS+GS,GS,5.494935726244067e-05,4.894196402958947e-05,6.095675049529187e-05,3.37576735401048e-09,5.49459814951e-05
distance,60.0,PS+GS-GS,PS+GS,GS,3.302994290664971e-05,3.100859962816426e-05,3.505128618513516e-05,2.456625259700018e-08,3.300537665397779e-05
distance,64.0,PS+GS-GS,PS+GS,GS,1.736586693606809e-05,1.3988375412354543e-05,2.0743358459781637e-05,1.1242471400636676e-08,1.7354624464667456e-05
distance,68.0,PS+GS-GS,PS+GS,GS,1.1027447642754026e-05,9.700759693719616e-06,1.2354135591788435e-05,-2.635066828105093e-09,1.1030082709582133e-05
distance,72.0,PS+GS-GS,PS+GS,GS,7.081541863528663e-06,5.7520730277091614e-06,8.411010699348164e-06,6.117639768370655e-10,7.0809300995518245e-06
distance,76.0,PS+GS-GS,PS+GS,GS,3.7483614232381585e-06,3.444821919863108e-06,4.051900926613209e-06,1.1055754480827261e-08,3.7373056687573305e-06
distance,80.0,PS+GS-GS,PS+GS,GS,2.5131348181122586e-06,2.1313620544712928e-06,2.8949075817532244e-06,-6.496145300120825e-09,2.5196309634123794e-06
distance,84.0,PS+GS-GS,PS+GS,GS,1.428599960140685e-06,1.1390141225290282e-06,1.7181857977523418e-06,-8.657128332949015e-10,1.42946567297398e-06
distance,88.0,PS+GS-GS,PS+GS,GS,7.727000147164306e-07,6.358189972368919e-07,9.095810321959693e-07,1.7650326273459027e-09,7.709349820890845e-07
distance,92.0,PS+GS-GS,PS+GS,GS,4.4964719603215326e-07,3.88608450793593e-07,5.106859412707135e-07,2.5825268498702187e-09,4.470646691822829e-07
distance,96.0,PS+GS-GS,PS+GS,GS,2.947464081731397e-07,2.420646481910801e-07,3.4742816815519926e-07,7.881302924867397e-10,2.939582778806529e-07
distance,100.0,PS+GS-GS,PS+GS,GS,2.1526555380776967e-07,1.8327622975064437e-07,2.4725487786489497e-07,2.5662348381721987e-10,2.1500893032395246e-07
